IC50,Cancer,Drug,GO_0000278,GO_0016477,SFAM_RIPK,FAM_TKL_CSV,Predicted IC50,Validation
4.041297,907057,152,0,0,0,0.774233,2.4528946437,2
3.18768,907071,152,0,0,0,0,2.432784782,4
2.572306,909719,152,0,1,0,0.751916,2.5907339166,6
0.667026,909736,152,0,0,0,0,2.432784782,3
1.289884,909737,152,1,0,0,0,2.0459061874,1
2.049962,909738,152,0,1,0,0,2.5130203839,5
2.575443,909739,152,0,0,0,0,2.432784782,9
5.550508,910850,152,0,0,1,1.542071,3.7387538923,7
4.02739,1240159,152,0,1,1,0.545751,3.2979632988,9
2.760966,1240160,152,1,0,0,0,2.0459061874,9
1.227423,1240216,152,1,1,0,0.824209,2.2430907126,7
1.758518,1240217,152,1,0,0,0,2.0459061874,4
6.114122,1298146,152,0,2,1,1.351098,4.0810483896,9
2.934731,1298151,152,1,0,0,0,2.0459061874,7
-1.221342,907057,153,0,0,0,0.774233,2.4528946437,7
0.391291,907071,153,0,0,0,0,2.432784782,7
-0.731322,909719,153,0,1,0,0.751916,2.5907339166,8
-2.063511,909736,153,0,0,0,0,2.432784782,5
-1.495836,909737,153,1,0,0,0,2.0459061874,7
-2.004559,909738,153,0,1,0,0,2.5130203839,9
1.002013,909739,153,0,0,0,0,2.432784782,10
-0.230984,910850,153,0,0,1,1.542071,3.7387538923,5
0.185988,1240159,153,0,1,1,0.545751,3.2979632988,7
-1.037204,1240160,153,1,0,0,0,2.0459061874,6
-0.486356,1240216,153,1,1,0,0.824209,2.2430907126,9
-2.217538,1240217,153,1,0,0,0,2.0459061874,4
2.659946,1298146,153,0,2,1,1.351098,4.0810483896,3
-0.589828,1298151,153,1,0,0,0,2.0459061874,9
-0.927075,907057,155,0,0,0,0.774233,2.4528946437,3
-1.23139,907071,155,0,0,0,0,2.432784782,5
-0.850851,909719,155,0,1,0,0.751916,2.5907339166,6
0.189601,909736,155,0,0,0,0,2.432784782,5
1.511673,909737,155,1,0,0,0,2.0459061874,4
-0.829143,909738,155,0,1,0,0,2.5130203839,2
0.921073,909739,155,0,0,0,0,2.432784782,3
0.05142,910850,155,0,0,1,1.542071,3.7387538923,9
1.892969,1240159,155,0,1,1,0.545751,3.2979632988,7
-1.417734,1240160,155,1,0,0,0,2.0459061874,4
1.456102,1240216,155,1,1,0,0.824209,2.2430907126,2
-1.35291,1240217,155,1,0,0,0,2.0459061874,2
0.73324,1298146,155,0,2,1,1.351098,4.0810483896,4
1.408391,1298151,155,1,0,0,0,2.0459061874,8
-0.949347,907057,157,0,0,0,0.774233,2.4528946437,4
-0.734693,907071,157,0,0,0,0,2.432784782,4
-1.166762,909719,157,0,1,0,0.751916,2.5907339166,6
-1.095373,909736,157,0,0,0,0,2.432784782,3
-0.868956,909737,157,1,0,0,0,2.0459061874,10
-0.46682,909738,157,0,1,0,0,2.5130203839,10
0.595195,909739,157,0,0,0,0,2.432784782,3
-0.916803,910850,157,0,0,1,1.542071,3.7387538923,7
-0.583701,1240159,157,0,1,1,0.545751,3.2979632988,8
-0.393629,1240160,157,1,0,0,0,2.0459061874,8
-0.190634,1240216,157,1,1,0,0.824209,2.2430907126,2
-3.226523,1240217,157,1,0,0,0,2.0459061874,2
0.895248,1298146,157,0,2,1,1.351098,4.0810483896,6
0.049729,1298151,157,1,0,0,0,2.0459061874,6
1.753711,907057,158,0,0,0,0.774233,2.4528946437,7
1.543288,909719,158,0,1,0,0.751916,2.5907339166,9
0.469265,909736,158,0,0,0,0,2.432784782,9
1.057507,909737,158,1,0,0,0,2.0459061874,3
1.307517,909738,158,0,1,0,0,2.5130203839,6
3.241965,909739,158,0,0,0,0,2.432784782,8
1.638468,910850,158,0,0,1,1.542071,3.7387538923,1
1.328,1240159,158,0,1,1,0.545751,3.2979632988,5
1.000987,1240160,158,1,0,0,0,2.0459061874,9
1.866312,1240216,158,1,1,0,0.824209,2.2430907126,3
-0.444912,1240217,158,1,0,0,0,2.0459061874,7
1.771226,1298151,158,1,0,0,0,2.0459061874,8
-0.099418,907057,159,0,0,0,0.774233,2.4528946437,5
-0.922312,907071,159,0,0,0,0,2.432784782,5
-1.062968,909719,159,0,1,0,0.751916,2.5907339166,4
-0.02777,909736,159,0,0,0,0,2.432784782,8
0.123295,909737,159,1,0,0,0,2.0459061874,2
-0.367694,909738,159,0,1,0,0,2.5130203839,10
2.4455,909739,159,0,0,0,0,2.432784782,4
1.014104,910850,159,0,0,1,1.542071,3.7387538923,6
1.152953,1240159,159,0,1,1,0.545751,3.2979632988,4
-0.191659,1240160,159,1,0,0,0,2.0459061874,3
0.723733,1240216,159,1,1,0,0.824209,2.2430907126,2
-2.281997,1240217,159,1,0,0,0,2.0459061874,8
4.584133,1298146,159,0,2,1,1.351098,4.0810483896,1
1.426747,1298151,159,1,0,0,0,2.0459061874,10
1.127627,907057,167,0,0,0,0.774233,2.4528946437,7
2.388666,907071,167,0,0,0,0,2.432784782,10
1.140259,909719,167,0,1,0,0.751916,2.5907339166,2
1.931075,909736,167,0,0,0,0,2.432784782,6
1.677863,909737,167,1,0,0,0,2.0459061874,5
1.75104,909738,167,0,1,0,0,2.5130203839,6
2.611519,909739,167,0,0,0,0,2.432784782,7
1.15676,910850,167,0,0,1,1.542071,3.7387538923,5
1.6188,1240159,167,0,1,1,0.545751,3.2979632988,3
0.183492,1240160,167,1,0,0,0,2.0459061874,9
1.239015,1240216,167,1,1,0,0.824209,2.2430907126,8
0.678498,1240217,167,1,0,0,0,2.0459061874,5
3.060726,1298146,167,0,2,1,1.351098,4.0810483896,7
1.26303,1298151,167,1,0,0,0,2.0459061874,4
1.638822,907057,176,0,0,0,0.774233,2.4528946437,5
5.790784,907071,176,0,0,0,0,2.432784782,6
3.283026,909719,176,0,1,0,0.751916,2.5907339166,8
3.946012,909736,176,0,0,0,0,2.432784782,8
4.092486,909737,176,1,0,0,0,2.0459061874,8
3.432192,909738,176,0,1,0,0,2.5130203839,7
3.717304,909739,176,0,0,0,0,2.432784782,4
3.53321,910850,176,0,0,1,1.542071,3.7387538923,1
5.468864,1240159,176,0,1,1,0.545751,3.2979632988,9
2.85383,1240160,176,1,0,0,0,2.0459061874,5
2.961379,1240216,176,1,1,0,0.824209,2.2430907126,2
2.803664,1240217,176,1,0,0,0,2.0459061874,8
6.775782,1298146,176,0,2,1,1.351098,4.0810483896,3
3.334897,1298151,176,1,0,0,0,2.0459061874,7
0.042198,907057,177,0,0,0,0.774233,2.4528946437,10
2.533266,907071,177,0,0,0,0,2.432784782,5
1.364754,909719,177,0,1,0,0.751916,2.5907339166,5
4.118921,909736,177,0,0,0,0,2.432784782,3
3.549176,909737,177,1,0,0,0,2.0459061874,3
2.512702,909738,177,0,1,0,0,2.5130203839,6
4.324213,909739,177,0,0,0,0,2.432784782,9
2.339042,910850,177,0,0,1,1.542071,3.7387538923,3
2.000712,1240159,177,0,1,1,0.545751,3.2979632988,2
0.506645,1240160,177,1,0,0,0,2.0459061874,5
3.242686,1240216,177,1,1,0,0.824209,2.2430907126,6
2.470264,1240217,177,1,0,0,0,2.0459061874,9
4.776109,1298146,177,0,2,1,1.351098,4.0810483896,7
1.857438,1298151,177,1,0,0,0,2.0459061874,8
0.871625,907057,178,0,0,0,0.774233,2.4528946437,3
2.458663,907071,178,0,0,0,0,2.432784782,1
0.675968,909719,178,0,1,0,0.751916,2.5907339166,9
1.107928,909736,178,0,0,0,0,2.432784782,1
2.133232,909737,178,1,0,0,0,2.0459061874,6
1.362129,909738,178,0,1,0,0,2.5130203839,2
2.814805,909739,178,0,0,0,0,2.432784782,10
1.544037,910850,178,0,0,1,1.542071,3.7387538923,1
1.669383,1240159,178,0,1,1,0.545751,3.2979632988,9
1.108614,1240160,178,1,0,0,0,2.0459061874,2
2.428528,1240216,178,1,1,0,0.824209,2.2430907126,6
0.243297,1240217,178,1,0,0,0,2.0459061874,5
5.363543,1298146,178,0,2,1,1.351098,4.0810483896,7
4.908673,1298151,178,1,0,0,0,2.0459061874,8
0.781978,907057,184,0,0,0,0.774233,2.4528946437,3
0.226199,907071,184,0,0,0,0,2.432784782,10
0.399631,909719,184,0,1,0,0.751916,2.5907339166,9
-3.145735,909736,184,0,0,0,0,2.432784782,9
0.225336,909737,184,1,0,0,0,2.0459061874,4
0.565447,909738,184,0,1,0,0,2.5130203839,9
2.154077,909739,184,0,0,0,0,2.432784782,4
1.590662,910850,184,0,0,1,1.542071,3.7387538923,6
0.685697,1240159,184,0,1,1,0.545751,3.2979632988,1
-0.158528,1240160,184,1,0,0,0,2.0459061874,7
1.816844,1240216,184,1,1,0,0.824209,2.2430907126,7
0.089553,1240217,184,1,0,0,0,2.0459061874,4
2.261361,1298146,184,0,2,1,1.351098,4.0810483896,7
1.840767,1298151,184,1,0,0,0,2.0459061874,10
2.317086,907057,185,0,0,0,0.774233,2.4528946437,10
0.305251,907071,185,0,0,0,0,2.432784782,3
2.100272,909719,185,0,1,0,0.751916,2.5907339166,3
-0.550864,909736,185,0,0,0,0,2.432784782,3
0.673919,909737,185,1,0,0,0,2.0459061874,8
0.957923,909738,185,0,1,0,0,2.5130203839,4
3.192043,909739,185,0,0,0,0,2.432784782,6
3.489556,910850,185,0,0,1,1.542071,3.7387538923,4
1.189385,1240159,185,0,1,1,0.545751,3.2979632988,1
2.136915,1240160,185,1,0,0,0,2.0459061874,1
3.168218,1240216,185,1,1,0,0.824209,2.2430907126,7
1.327586,1240217,185,1,0,0,0,2.0459061874,6
3.33245,1298146,185,0,2,1,1.351098,4.0810483896,1
3.755966,1298151,185,1,0,0,0,2.0459061874,5
4.275872,907057,192,0,0,0,0.774233,2.4528946437,6
4.833367,907071,192,0,0,0,0,2.432784782,2
4.337292,909719,192,0,1,0,0.751916,2.5907339166,8
4.690692,909736,192,0,0,0,0,2.432784782,3
5.000045,909737,192,1,0,0,0,2.0459061874,8
2.134066,909738,192,0,1,0,0,2.5130203839,9
4.867556,909739,192,0,0,0,0,2.432784782,5
5.549065,910850,192,0,0,1,1.542071,3.7387538923,8
4.262193,1240159,192,0,1,1,0.545751,3.2979632988,4
5.207946,1240160,192,1,0,0,0,2.0459061874,4
4.922045,1240216,192,1,1,0,0.824209,2.2430907126,4
5.40592,1240217,192,1,0,0,0,2.0459061874,6
5.818269,1298146,192,0,2,1,1.351098,4.0810483896,10
5.060395,1298151,192,1,0,0,0,2.0459061874,1
4.666653,907057,193,0,0,0,0.774233,2.4528946437,1
5.324621,907071,193,0,0,0,0,2.432784782,10
5.364376,909719,193,0,1,0,0.751916,2.5907339166,3
4.851941,909736,193,0,0,0,0,2.432784782,3
4.506248,909737,193,1,0,0,0,2.0459061874,5
5.64425,909738,193,0,1,0,0,2.5130203839,7
5.307677,909739,193,0,0,0,0,2.432784782,9
5.911652,910850,193,0,0,1,1.542071,3.7387538923,1
4.506223,1240159,193,0,1,1,0.545751,3.2979632988,7
5.065005,1240160,193,1,0,0,0,2.0459061874,10
5.101666,1240216,193,1,1,0,0.824209,2.2430907126,6
5.509386,1240217,193,1,0,0,0,2.0459061874,1
4.784061,1298146,193,0,2,1,1.351098,4.0810483896,2
5.825527,1298151,193,1,0,0,0,2.0459061874,8
0.5617,907057,199,0,0,0,0.774233,2.4528946437,10
1.357752,907071,199,0,0,0,0,2.432784782,4
2.146196,909719,199,0,1,0,0.751916,2.5907339166,7
2.024931,909736,199,0,0,0,0,2.432784782,1
2.101674,909737,199,1,0,0,0,2.0459061874,7
2.60991,909738,199,0,1,0,0,2.5130203839,3
4.084684,909739,199,0,0,0,0,2.432784782,2
2.178908,910850,199,0,0,1,1.542071,3.7387538923,8
4.399175,1240159,199,0,1,1,0.545751,3.2979632988,7
0.972736,1240160,199,1,0,0,0,2.0459061874,5
3.893864,1240216,199,1,1,0,0.824209,2.2430907126,9
1.304115,1240217,199,1,0,0,0,2.0459061874,1
4.329435,1298146,199,0,2,1,1.351098,4.0810483896,4
0.434099,1298151,199,1,0,0,0,2.0459061874,1
0.478019,907057,202,0,0,0,0.774233,2.4528946437,10
1.544811,907071,202,0,0,0,0,2.432784782,7
1.478944,909719,202,0,1,0,0.751916,2.5907339166,6
2.343327,909736,202,0,0,0,0,2.432784782,4
1.695834,909737,202,1,0,0,0,2.0459061874,6
0.150932,909738,202,0,1,0,0,2.5130203839,1
2.263177,909739,202,0,0,0,0,2.432784782,10
2.353793,910850,202,0,0,1,1.542071,3.7387538923,2
1.84606,1240159,202,0,1,1,0.545751,3.2979632988,5
1.542352,1240160,202,1,0,0,0,2.0459061874,10
2.173101,1240216,202,1,1,0,0.824209,2.2430907126,8
0.425821,1240217,202,1,0,0,0,2.0459061874,5
3.12376,1298146,202,0,2,1,1.351098,4.0810483896,5
1.219258,1298151,202,1,0,0,0,2.0459061874,6
4.300513,907057,203,0,0,0,0.774233,2.4528946437,5
5.33293,907071,203,0,0,0,0,2.432784782,4
2.847686,909719,203,0,1,0,0.751916,2.5907339166,8
2.830668,909736,203,0,0,0,0,2.432784782,9
2.209244,909737,203,1,0,0,0,2.0459061874,10
2.667345,909738,203,0,1,0,0,2.5130203839,6
2.72151,909739,203,0,0,0,0,2.432784782,7
4.027595,910850,203,0,0,1,1.542071,3.7387538923,5
3.253902,1240159,203,0,1,1,0.545751,3.2979632988,5
3.120345,1240160,203,1,0,0,0,2.0459061874,1
2.598983,1240216,203,1,1,0,0.824209,2.2430907126,5
0.865301,1240217,203,1,0,0,0,2.0459061874,9
5.858362,1298146,203,0,2,1,1.351098,4.0810483896,3
3.051745,1298151,203,1,0,0,0,2.0459061874,9
3.662598,907057,206,0,0,0,0.774233,2.4528946437,5
4.084863,907071,206,0,0,0,0,2.432784782,9
4.037107,909719,206,0,1,0,0.751916,2.5907339166,7
4.008375,909736,206,0,0,0,0,2.432784782,10
4.36924,909737,206,1,0,0,0,2.0459061874,7
3.371484,909738,206,0,1,0,0,2.5130203839,7
3.965294,909739,206,0,0,0,0,2.432784782,10
4.289709,910850,206,0,0,1,1.542071,3.7387538923,7
4.332709,1240159,206,0,1,1,0.545751,3.2979632988,10
4.045915,1240160,206,1,0,0,0,2.0459061874,5
1.461498,1240216,206,1,1,0,0.824209,2.2430907126,4
4.299936,1240217,206,1,0,0,0,2.0459061874,10
5.011806,1298146,206,0,2,1,1.351098,4.0810483896,1
4.019685,1298151,206,1,0,0,0,2.0459061874,6
1.008126,907057,207,0,0,0,0.774233,2.4528946437,9
2.31174,907071,207,0,0,0,0,2.432784782,8
1.616454,909719,207,0,1,0,0.751916,2.5907339166,9
1.182999,909736,207,0,0,0,0,2.432784782,4
1.09353,909737,207,1,0,0,0,2.0459061874,5
1.286725,909738,207,0,1,0,0,2.5130203839,2
3.033491,909739,207,0,0,0,0,2.432784782,3
0.85516,910850,207,0,0,1,1.542071,3.7387538923,8
1.883203,1240159,207,0,1,1,0.545751,3.2979632988,5
1.171739,1240160,207,1,0,0,0,2.0459061874,7
2.473902,1240216,207,1,1,0,0.824209,2.2430907126,8
0.176552,1240217,207,1,0,0,0,2.0459061874,8
5.09177,1298146,207,0,2,1,1.351098,4.0810483896,7
1.706084,1298151,207,1,0,0,0,2.0459061874,1
1.814588,907057,219,0,0,0,0.774233,2.4528946437,4
3.111634,907071,219,0,0,0,0,2.432784782,8
4.673557,909719,219,0,1,0,0.751916,2.5907339166,8
0.204335,909736,219,0,0,0,0,2.432784782,7
-0.700238,909737,219,1,0,0,0,2.0459061874,6
3.081333,909738,219,0,1,0,0,2.5130203839,10
0.933484,909739,219,0,0,0,0,2.432784782,1
4.173344,910850,219,0,0,1,1.542071,3.7387538923,5
2.81802,1240159,219,0,1,1,0.545751,3.2979632988,4
2.943877,1240160,219,1,0,0,0,2.0459061874,5
-0.772163,1240216,219,1,1,0,0.824209,2.2430907126,1
-0.291446,1240217,219,1,0,0,0,2.0459061874,10
5.123815,1298146,219,0,2,1,1.351098,4.0810483896,7
1.144524,1298151,219,1,0,0,0,2.0459061874,3
5.428065,907057,221,0,0,0,0.774233,2.4528946437,5
4.775019,907071,221,0,0,0,0,2.432784782,3
4.381354,909719,221,0,1,0,0.751916,2.5907339166,3
5.953022,909736,221,0,0,0,0,2.432784782,4
3.678454,909737,221,1,0,0,0,2.0459061874,2
2.461336,909738,221,0,1,0,0,2.5130203839,5
4.483647,909739,221,0,0,0,0,2.432784782,8
5.805343,910850,221,0,0,1,1.542071,3.7387538923,6
4.691097,1240159,221,0,1,1,0.545751,3.2979632988,2
3.722627,1240160,221,1,0,0,0,2.0459061874,2
3.483623,1240216,221,1,1,0,0.824209,2.2430907126,9
2.60165,1240217,221,1,0,0,0,2.0459061874,2
5.700484,1298146,221,0,2,1,1.351098,4.0810483896,8
4.215602,1298151,221,1,0,0,0,2.0459061874,6
4.117114,907057,222,0,0,0,0.774233,2.4528946437,9
2.149541,907071,222,0,0,0,0,2.432784782,5
3.163444,909719,222,0,1,0,0.751916,2.5907339166,6
-0.09924,909736,222,0,0,0,0,2.432784782,2
1.211031,909737,222,1,0,0,0,2.0459061874,5
4.567607,909738,222,0,1,0,0,2.5130203839,3
3.192002,909739,222,0,0,0,0,2.432784782,5
5.226395,910850,222,0,0,1,1.542071,3.7387538923,5
3.443343,1240159,222,0,1,1,0.545751,3.2979632988,1
3.57342,1240160,222,1,0,0,0,2.0459061874,1
0.240052,1240216,222,1,1,0,0.824209,2.2430907126,9
2.238702,1240217,222,1,0,0,0,2.0459061874,8
5.663061,1298146,222,0,2,1,1.351098,4.0810483896,1
3.426694,1298151,222,1,0,0,0,2.0459061874,6
2.062242,907057,226,0,0,0,0.774233,2.4528946437,7
3.264342,907071,226,0,0,0,0,2.432784782,4
3.654274,909719,226,0,1,0,0.751916,2.5907339166,1
2.360704,909736,226,0,0,0,0,2.432784782,7
1.083891,909737,226,1,0,0,0,2.0459061874,8
0.422827,909738,226,0,1,0,0,2.5130203839,2
2.079071,909739,226,0,0,0,0,2.432784782,6
4.290825,910850,226,0,0,1,1.542071,3.7387538923,2
3.497071,1240159,226,0,1,1,0.545751,3.2979632988,3
2.874331,1240160,226,1,0,0,0,2.0459061874,8
-2.480107,1240216,226,1,1,0,0.824209,2.2430907126,7
-1.597261,1240217,226,1,0,0,0,2.0459061874,10
4.728824,1298146,226,0,2,1,1.351098,4.0810483896,7
3.786184,1298151,226,1,0,0,0,2.0459061874,10
4.542393,907057,229,0,0,0,0.774233,2.4528946437,2
5.62178,907071,229,0,0,0,0,2.432784782,5
5.405353,909719,229,0,1,0,0.751916,2.5907339166,3
2.860899,909736,229,0,0,0,0,2.432784782,7
1.476697,909737,229,1,0,0,0,2.0459061874,1
2.920854,909738,229,0,1,0,0,2.5130203839,1
0.804082,909739,229,0,0,0,0,2.432784782,10
5.909505,910850,229,0,0,1,1.542071,3.7387538923,8
5.672119,1240159,229,0,1,1,0.545751,3.2979632988,5
4.068492,1240160,229,1,0,0,0,2.0459061874,6
1.930066,1240216,229,1,1,0,0.824209,2.2430907126,9
5.472633,1240217,229,1,0,0,0,2.0459061874,2
4.849059,1298146,229,0,2,1,1.351098,4.0810483896,9
3.327639,1298151,229,1,0,0,0,2.0459061874,2
4.529594,907057,230,0,0,0,0.774233,2.4528946437,6
5.054239,907071,230,0,0,0,0,2.432784782,4
5.394477,909719,230,0,1,0,0.751916,2.5907339166,1
5.879168,909736,230,0,0,0,0,2.432784782,4
1.944198,909737,230,1,0,0,0,2.0459061874,5
5.104649,909738,230,0,1,0,0,2.5130203839,3
4.262603,909739,230,0,0,0,0,2.432784782,2
5.895047,910850,230,0,0,1,1.542071,3.7387538923,7
5.493608,1240159,230,0,1,1,0.545751,3.2979632988,7
5.123021,1240160,230,1,0,0,0,2.0459061874,4
3.818983,1240216,230,1,1,0,0.824209,2.2430907126,6
1.553099,1240217,230,1,0,0,0,2.0459061874,1
6.351216,1298146,230,0,2,1,1.351098,4.0810483896,5
5.653488,1298151,230,1,0,0,0,2.0459061874,6
5.424934,907057,231,0,0,0,0.774233,2.4528946437,7
5.520327,907071,231,0,0,0,0,2.432784782,9
4.814452,909719,231,0,1,0,0.751916,2.5907339166,7
5.634963,909736,231,0,0,0,0,2.432784782,10
4.535592,909737,231,1,0,0,0,2.0459061874,5
5.248018,909738,231,0,1,0,0,2.5130203839,7
4.581027,909739,231,0,0,0,0,2.432784782,8
5.912103,910850,231,0,0,1,1.542071,3.7387538923,10
5.655838,1240159,231,0,1,1,0.545751,3.2979632988,3
4.910317,1240160,231,1,0,0,0,2.0459061874,1
3.915399,1240216,231,1,1,0,0.824209,2.2430907126,4
4.653176,1240217,231,1,0,0,0,2.0459061874,3
6.316912,1298146,231,0,2,1,1.351098,4.0810483896,2
3.737396,1298151,231,1,0,0,0,2.0459061874,6
4.758634,907057,235,0,0,0,0.774233,2.4528946437,9
2.979735,907071,235,0,0,0,0,2.432784782,10
4.180823,909719,235,0,1,0,0.751916,2.5907339166,2
0.157618,909736,235,0,0,0,0,2.432784782,10
-1.941508,909737,235,1,0,0,0,2.0459061874,8
0.766367,909738,235,0,1,0,0,2.5130203839,7
2.564201,909739,235,0,0,0,0,2.432784782,7
3.025304,910850,235,0,0,1,1.542071,3.7387538923,8
4.917844,1240159,235,0,1,1,0.545751,3.2979632988,3
-0.872233,1240160,235,1,0,0,0,2.0459061874,3
1.619925,1240216,235,1,1,0,0.824209,2.2430907126,8
-1.043819,1240217,235,1,0,0,0,2.0459061874,8
5.411927,1298146,235,0,2,1,1.351098,4.0810483896,2
2.036464,1298151,235,1,0,0,0,2.0459061874,10
2.282904,907057,249,0,0,0,0.774233,2.4528946437,1
3.477815,907071,249,0,0,0,0,2.432784782,5
2.782262,909719,249,0,1,0,0.751916,2.5907339166,1
0.699463,909736,249,0,0,0,0,2.432784782,3
2.781105,909737,249,1,0,0,0,2.0459061874,4
1.583237,909738,249,0,1,0,0,2.5130203839,5
1.642102,909739,249,0,0,0,0,2.432784782,4
4.549526,910850,249,0,0,1,1.542071,3.7387538923,9
3.154586,1240159,249,0,1,1,0.545751,3.2979632988,1
2.700799,1240160,249,1,0,0,0,2.0459061874,2
3.047126,1240216,249,1,1,0,0.824209,2.2430907126,4
3.260565,1240217,249,1,0,0,0,2.0459061874,1
4.967817,1298146,249,0,2,1,1.351098,4.0810483896,3
2.927458,1298151,249,1,0,0,0,2.0459061874,10
1.702786,907057,252,0,0,0,0.774233,2.4528946437,2
2.126409,907071,252,0,0,0,0,2.432784782,2
0.96776,909719,252,0,1,0,0.751916,2.5907339166,7
-0.069996,909736,252,0,0,0,0,2.432784782,6
-0.027274,909737,252,1,0,0,0,2.0459061874,3
3.290341,909738,252,0,1,0,0,2.5130203839,10
0.768218,909739,252,0,0,0,0,2.432784782,5
3.924514,910850,252,0,0,1,1.542071,3.7387538923,3
2.105187,1240159,252,0,1,1,0.545751,3.2979632988,2
2.870164,1240160,252,1,0,0,0,2.0459061874,1
-0.441929,1240216,252,1,1,0,0.824209,2.2430907126,3
-0.765523,1240217,252,1,0,0,0,2.0459061874,7
3.709032,1298146,252,0,2,1,1.351098,4.0810483896,3
-0.502969,1298151,252,1,0,0,0,2.0459061874,6
4.51061,907057,253,0,0,0,0.774233,2.4528946437,1
4.938708,907071,253,0,0,0,0,2.432784782,4
4.706292,909719,253,0,1,0,0.751916,2.5907339166,3
4.559847,909736,253,0,0,0,0,2.432784782,9
4.247152,909737,253,1,0,0,0,2.0459061874,5
4.773269,909738,253,0,1,0,0,2.5130203839,6
4.036877,909739,253,0,0,0,0,2.432784782,6
5.235763,910850,253,0,0,1,1.542071,3.7387538923,10
4.844714,1240159,253,0,1,1,0.545751,3.2979632988,2
4.66279,1240160,253,1,0,0,0,2.0459061874,10
5.062767,1240216,253,1,1,0,0.824209,2.2430907126,2
4.973339,1240217,253,1,0,0,0,2.0459061874,7
4.993302,1298146,253,0,2,1,1.351098,4.0810483896,5
3.973793,1298151,253,1,0,0,0,2.0459061874,1
2.456049,907057,254,0,0,0,0.774233,2.4528946437,2
2.627936,907071,254,0,0,0,0,2.432784782,9
2.434,909719,254,0,1,0,0.751916,2.5907339166,10
2.952261,909736,254,0,0,0,0,2.432784782,5
2.756122,909737,254,1,0,0,0,2.0459061874,4
2.970453,909738,254,0,1,0,0,2.5130203839,1
1.37458,909739,254,0,0,0,0,2.432784782,10
2.940088,910850,254,0,0,1,1.542071,3.7387538923,1
2.697547,1240159,254,0,1,1,0.545751,3.2979632988,1
2.45341,1240160,254,1,0,0,0,2.0459061874,7
2.76976,1240216,254,1,1,0,0.824209,2.2430907126,3
1.66624,1240217,254,1,0,0,0,2.0459061874,10
3.376576,1298146,254,0,2,1,1.351098,4.0810483896,4
2.854744,1298151,254,1,0,0,0,2.0459061874,2
3.164955,907057,255,0,0,0,0.774233,2.4528946437,4
4.22109,907071,255,0,0,0,0,2.432784782,6
4.739878,909719,255,0,1,0,0.751916,2.5907339166,7
4.653349,909736,255,0,0,0,0,2.432784782,4
4.035969,909737,255,1,0,0,0,2.0459061874,7
2.846829,909738,255,0,1,0,0,2.5130203839,3
4.397713,909739,255,0,0,0,0,2.432784782,4
5.242673,910850,255,0,0,1,1.542071,3.7387538923,2
4.942398,1240159,255,0,1,1,0.545751,3.2979632988,5
3.896043,1240160,255,1,0,0,0,2.0459061874,4
4.034972,1240216,255,1,1,0,0.824209,2.2430907126,4
4.303446,1240217,255,1,0,0,0,2.0459061874,9
5.242548,1298146,255,0,2,1,1.351098,4.0810483896,7
2.260447,1298151,255,1,0,0,0,2.0459061874,3
2.246211,907057,256,0,0,0,0.774233,2.4528946437,1
2.07206,907071,256,0,0,0,0,2.432784782,3
4.739878,909719,256,0,1,0,0.751916,2.5907339166,5
0.875868,909736,256,0,0,0,0,2.432784782,1
1.180702,909737,256,1,0,0,0,2.0459061874,3
1.805224,909738,256,0,1,0,0,2.5130203839,2
2.070356,909739,256,0,0,0,0,2.432784782,1
4.261492,910850,256,0,0,1,1.542071,3.7387538923,3
2.288536,1240159,256,0,1,1,0.545751,3.2979632988,9
0.687801,1240160,256,1,0,0,0,2.0459061874,6
2.127679,1240216,256,1,1,0,0.824209,2.2430907126,8
0.831306,1240217,256,1,0,0,0,2.0459061874,6
5.085787,1298146,256,0,2,1,1.351098,4.0810483896,5
-0.17151,1298151,256,1,0,0,0,2.0459061874,9
1.112733,907057,257,0,0,0,0.774233,2.4528946437,8
4.328692,907071,257,0,0,0,0,2.432784782,7
3.803985,909719,257,0,1,0,0.751916,2.5907339166,4
2.122257,909736,257,0,0,0,0,2.432784782,4
2.391646,909737,257,1,0,0,0,2.0459061874,6
4.839109,909738,257,0,1,0,0,2.5130203839,10
1.868622,909739,257,0,0,0,0,2.432784782,2
5.242673,910850,257,0,0,1,1.542071,3.7387538923,8
3.358764,1240159,257,0,1,1,0.545751,3.2979632988,9
2.481722,1240160,257,1,0,0,0,2.0459061874,7
3.058056,1240216,257,1,1,0,0.824209,2.2430907126,1
0.85924,1240217,257,1,0,0,0,2.0459061874,10
5.681786,1298146,257,0,2,1,1.351098,4.0810483896,8
4.110188,1298151,257,1,0,0,0,2.0459061874,1
2.048865,907057,260,0,0,0,0.774233,2.4528946437,6
3.563101,907071,260,0,0,0,0,2.432784782,2
2.189963,909719,260,0,1,0,0.751916,2.5907339166,2
1.817817,909736,260,0,0,0,0,2.432784782,3
1.882456,909737,260,1,0,0,0,2.0459061874,7
1.625299,909738,260,0,1,0,0,2.5130203839,7
1.636307,909739,260,0,0,0,0,2.432784782,6
3.039229,910850,260,0,0,1,1.542071,3.7387538923,10
2.148206,1240159,260,0,1,1,0.545751,3.2979632988,6
1.978724,1240160,260,1,0,0,0,2.0459061874,3
2.958906,1240216,260,1,1,0,0.824209,2.2430907126,9
2.308612,1240217,260,1,0,0,0,2.0459061874,1
5.681786,1298146,260,0,2,1,1.351098,4.0810483896,9
4.582347,1298151,260,1,0,0,0,2.0459061874,1
3.35544,907057,262,0,0,0,0.774233,2.4528946437,1
3.422504,907071,262,0,0,0,0,2.432784782,1
3.543882,909719,262,0,1,0,0.751916,2.5907339166,8
0.563912,909736,262,0,0,0,0,2.432784782,4
3.244492,909737,262,1,0,0,0,2.0459061874,4
3.407507,909738,262,0,1,0,0,2.5130203839,3
3.850228,909739,262,0,0,0,0,2.432784782,8
4.549526,910850,262,0,0,1,1.542071,3.7387538923,5
3.328813,1240159,262,0,1,1,0.545751,3.2979632988,9
3.237506,1240160,262,1,0,0,0,2.0459061874,10
4.233591,1240216,262,1,1,0,0.824209,2.2430907126,9
1.14139,1240217,262,1,0,0,0,2.0459061874,9
4.988639,1298146,262,0,2,1,1.351098,4.0810483896,8
0.735858,1298151,262,1,0,0,0,2.0459061874,3
4.862932,907057,263,0,0,0,0.774233,2.4528946437,1
5.611963,907071,263,0,0,0,0,2.432784782,2
5.148764,909719,263,0,1,0,0.751916,2.5907339166,6
5.041452,909736,263,0,0,0,0,2.432784782,2
5.735841,909737,263,1,0,0,0,2.0459061874,3
5.21465,909738,263,0,1,0,0,2.5130203839,7
5.28746,909739,263,0,0,0,0,2.432784782,8
5.908675,910850,263,0,0,1,1.542071,3.7387538923,7
5.155788,1240159,263,0,1,1,0.545751,3.2979632988,2
5.145582,1240160,263,1,0,0,0,2.0459061874,6
5.372279,1240216,263,1,1,0,0.824209,2.2430907126,5
5.529921,1240217,263,1,0,0,0,2.0459061874,4
6.254791,1298146,263,0,2,1,1.351098,4.0810483896,1
3.573662,1298151,263,1,0,0,0,2.0459061874,8
-1.274729,907057,273,0,0,0,0.774233,2.4528946437,3
-0.98605,907071,273,0,0,0,0,2.432784782,10
-0.686446,909719,273,0,1,0,0.751916,2.5907339166,2
-2.023773,909736,273,0,0,0,0,2.432784782,7
-1.96143,909737,273,1,0,0,0,2.0459061874,6
1.015874,909738,273,0,1,0,0,2.5130203839,5
-0.971448,909739,273,0,0,0,0,2.432784782,5
0.781059,910850,273,0,0,1,1.542071,3.7387538923,9
0.748362,1240159,273,0,1,1,0.545751,3.2979632988,6
-0.06728,1240160,273,1,0,0,0,2.0459061874,9
-2.22321,1240216,273,1,1,0,0.824209,2.2430907126,2
-1.145055,1240217,273,1,0,0,0,2.0459061874,8
4.528662,1298146,273,0,2,1,1.351098,4.0810483896,10
-4.187856,1298151,273,1,0,0,0,2.0459061874,3
3.429746,907057,275,0,0,0,0.774233,2.4528946437,8
1.402807,907071,275,0,0,0,0,2.432784782,4
4.984195,909719,275,0,1,0,0.751916,2.5907339166,2
2.276363,909736,275,0,0,0,0,2.432784782,3
4.353405,909737,275,1,0,0,0,2.0459061874,3
5.40571,909738,275,0,1,0,0,2.5130203839,10
3.993422,909739,275,0,0,0,0,2.432784782,6
5.91171,910850,275,0,0,1,1.542071,3.7387538923,9
4.36355,1240159,275,0,1,1,0.545751,3.2979632988,1
5.383725,1240160,275,1,0,0,0,2.0459061874,6
2.571001,1240216,275,1,1,0,0.824209,2.2430907126,4
3.233954,1240217,275,1,0,0,0,2.0459061874,3
6.351042,1298146,275,0,2,1,1.351098,4.0810483896,2
1.01151,1298151,275,1,0,0,0,2.0459061874,2
1.750176,907057,277,0,0,0,0.774233,2.4528946437,1
2.497483,907071,277,0,0,0,0,2.432784782,3
1.944621,909719,277,0,1,0,0.751916,2.5907339166,9
2.082253,909736,277,0,0,0,0,2.432784782,4
2.925847,909737,277,1,0,0,0,2.0459061874,9
2.09412,909738,277,0,1,0,0,2.5130203839,4
2.044776,909739,277,0,0,0,0,2.432784782,8
1.874022,910850,277,0,0,1,1.542071,3.7387538923,10
2.4734,1240159,277,0,1,1,0.545751,3.2979632988,4
2.221495,1240160,277,1,0,0,0,2.0459061874,4
2.519253,1240216,277,1,1,0,0.824209,2.2430907126,2
2.656131,1240217,277,1,0,0,0,2.0459061874,9
3.027208,1298146,277,0,2,1,1.351098,4.0810483896,7
2.636819,1298151,277,1,0,0,0,2.0459061874,2
3.640829,907057,279,0,0,0,0.774233,2.4528946437,8
4.880728,907071,279,0,0,0,0,2.432784782,9
3.688243,909719,279,0,1,0,0.751916,2.5907339166,4
4.908091,909736,279,0,0,0,0,2.432784782,7
4.074687,909737,279,1,0,0,0,2.0459061874,3
4.177255,909738,279,0,1,0,0,2.5130203839,7
3.799518,909739,279,0,0,0,0,2.432784782,9
5.910019,910850,279,0,0,1,1.542071,3.7387538923,2
4.421514,1240159,279,0,1,1,0.545751,3.2979632988,10
5.264545,1240160,279,1,0,0,0,2.0459061874,10
4.452528,1240216,279,1,1,0,0.824209,2.2430907126,6
4.924207,1240217,279,1,0,0,0,2.0459061874,2
6.351216,1298146,279,0,2,1,1.351098,4.0810483896,6
5.125176,1298151,279,1,0,0,0,2.0459061874,1
3.1661,907057,281,0,0,0,0.774233,2.4528946437,9
4.090088,907071,281,0,0,0,0,2.432784782,1
3.991584,909719,281,0,1,0,0.751916,2.5907339166,4
4.490995,909736,281,0,0,0,0,2.432784782,10
3.754317,909737,281,1,0,0,0,2.0459061874,4
4.469578,909738,281,0,1,0,0,2.5130203839,5
3.936286,909739,281,0,0,0,0,2.432784782,10
4.546284,910850,281,0,0,1,1.542071,3.7387538923,6
4.309476,1240159,281,0,1,1,0.545751,3.2979632988,7
3.690428,1240160,281,1,0,0,0,2.0459061874,3
4.248384,1240216,281,1,1,0,0.824209,2.2430907126,8
3.763945,1240217,281,1,0,0,0,2.0459061874,2
4.951418,1298146,281,0,2,1,1.351098,4.0810483896,7
4.193989,1298151,281,1,0,0,0,2.0459061874,8
1.384098,907057,282,0,0,0,0.774233,2.4528946437,1
4.074272,907071,282,0,0,0,0,2.432784782,4
3.542547,909719,282,0,1,0,0.751916,2.5907339166,6
2.096487,909736,282,0,0,0,0,2.432784782,9
0.725329,909737,282,1,0,0,0,2.0459061874,4
-0.033102,909738,282,0,1,0,0,2.5130203839,10
2.627922,909739,282,0,0,0,0,2.432784782,5
4.576479,910850,282,0,0,1,1.542071,3.7387538923,6
3.742214,1240159,282,0,1,1,0.545751,3.2979632988,1
2.613945,1240160,282,1,0,0,0,2.0459061874,10
0.857787,1240216,282,1,1,0,0.824209,2.2430907126,7
2.82654,1240217,282,1,0,0,0,2.0459061874,1
4.298113,1298146,282,0,2,1,1.351098,4.0810483896,5
-2.592857,1298151,282,1,0,0,0,2.0459061874,4
0.866545,907057,283,0,0,0,0.774233,2.4528946437,7
-1.834462,907071,283,0,0,0,0,2.432784782,4
-1.12662,909719,283,0,1,0,0.751916,2.5907339166,2
-3.615663,909736,283,0,0,0,0,2.432784782,7
-4.329814,909737,283,1,0,0,0,2.0459061874,5
-3.197269,909738,283,0,1,0,0,2.5130203839,3
-1.638095,909739,283,0,0,0,0,2.432784782,6
1.620849,910850,283,0,0,1,1.542071,3.7387538923,2
1.089803,1240159,283,0,1,1,0.545751,3.2979632988,9
-1.829306,1240160,283,1,0,0,0,2.0459061874,5
-3.219965,1240216,283,1,1,0,0.824209,2.2430907126,7
-2.337045,1240217,283,1,0,0,0,2.0459061874,10
1.915733,1298146,283,0,2,1,1.351098,4.0810483896,3
-5.606917,1298151,283,1,0,0,0,2.0459061874,9
2.265007,907057,287,0,0,0,0.774233,2.4528946437,5
4.669149,907071,287,0,0,0,0,2.432784782,4
3.103833,909719,287,0,1,0,0.751916,2.5907339166,6
1.358166,909736,287,0,0,0,0,2.432784782,7
2.464045,909737,287,1,0,0,0,2.0459061874,3
2.761106,909738,287,0,1,0,0,2.5130203839,7
2.830102,909739,287,0,0,0,0,2.432784782,7
5.844532,910850,287,0,0,1,1.542071,3.7387538923,2
3.069292,1240159,287,0,1,1,0.545751,3.2979632988,4
3.140133,1240160,287,1,0,0,0,2.0459061874,9
2.766567,1240216,287,1,1,0,0.824209,2.2430907126,1
1.647555,1240217,287,1,0,0,0,2.0459061874,8
6.351216,1298146,287,0,2,1,1.351098,4.0810483896,7
2.112701,1298151,287,1,0,0,0,2.0459061874,10
3.181843,907057,288,0,0,0,0.774233,2.4528946437,5
4.668954,907071,288,0,0,0,0,2.432784782,5
4.05476,909719,288,0,1,0,0.751916,2.5907339166,10
4.516123,909736,288,0,0,0,0,2.432784782,9
4.379122,909737,288,1,0,0,0,2.0459061874,8
3.02934,909738,288,0,1,0,0,2.5130203839,5
4.545165,909739,288,0,0,0,0,2.432784782,7
5.235943,910850,288,0,0,1,1.542071,3.7387538923,1
4.442942,1240159,288,0,1,1,0.545751,3.2979632988,2
4.020003,1240160,288,1,0,0,0,2.0459061874,2
4.544542,1240216,288,1,1,0,0.824209,2.2430907126,3
3.936303,1240217,288,1,0,0,0,2.0459061874,9
5.681786,1298146,288,0,2,1,1.351098,4.0810483896,2
2.67732,1298151,288,1,0,0,0,2.0459061874,9
4.482749,907057,290,0,0,0,0.774233,2.4528946437,1
5.584121,907071,290,0,0,0,0,2.432784782,6
5.1296,909719,290,0,1,0,0.751916,2.5907339166,8
2.265978,909736,290,0,0,0,0,2.432784782,2
4.753948,909737,290,1,0,0,0,2.0459061874,1
4.130554,909738,290,0,1,0,0,2.5130203839,7
4.031204,909739,290,0,0,0,0,2.432784782,1
5.912103,910850,290,0,0,1,1.542071,3.7387538923,4
4.961362,1240159,290,0,1,1,0.545751,3.2979632988,6
5.437611,1240160,290,1,0,0,0,2.0459061874,4
5.127724,1240216,290,1,1,0,0.824209,2.2430907126,2
3.616181,1240217,290,1,0,0,0,2.0459061874,1
6.331496,1298146,290,0,2,1,1.351098,4.0810483896,8
4.913174,1298151,290,1,0,0,0,2.0459061874,5
2.814113,907057,291,0,0,0,0.774233,2.4528946437,2
5.406267,907071,291,0,0,0,0,2.432784782,9
2.90147,909719,291,0,1,0,0.751916,2.5907339166,6
2.892447,909736,291,0,0,0,0,2.432784782,4
2.960826,909737,291,1,0,0,0,2.0459061874,7
3.057742,909738,291,0,1,0,0,2.5130203839,2
2.60809,909739,291,0,0,0,0,2.432784782,1
5.896525,910850,291,0,0,1,1.542071,3.7387538923,3
2.986907,1240159,291,0,1,1,0.545751,3.2979632988,7
2.882255,1240160,291,1,0,0,0,2.0459061874,3
3.471292,1240216,291,1,1,0,0.824209,2.2430907126,3
2.985991,1240217,291,1,0,0,0,2.0459061874,4
6.249467,1298146,291,0,2,1,1.351098,4.0810483896,7
2.352395,1298151,291,1,0,0,0,2.0459061874,6
4.455043,907057,292,0,0,0,0.774233,2.4528946437,2
4.151408,907071,292,0,0,0,0,2.432784782,2
4.80564,909719,292,0,1,0,0.751916,2.5907339166,9
3.555272,909736,292,0,0,0,0,2.432784782,10
3.183881,909737,292,1,0,0,0,2.0459061874,2
3.302171,909738,292,0,1,0,0,2.5130203839,8
3.362245,909739,292,0,0,0,0,2.432784782,3
5.490639,910850,292,0,0,1,1.542071,3.7387538923,5
5.581566,1240159,292,0,1,1,0.545751,3.2979632988,3
2.077609,1240160,292,1,0,0,0,2.0459061874,10
4.104506,1240216,292,1,1,0,0.824209,2.2430907126,4
3.286156,1240217,292,1,0,0,0,2.0459061874,7
4.673917,1298146,292,0,2,1,1.351098,4.0810483896,9
2.896512,1298151,292,1,0,0,0,2.0459061874,5
2.908189,907057,293,0,0,0,0.774233,2.4528946437,2
-0.161066,907071,293,0,0,0,0,2.432784782,6
2.197145,909719,293,0,1,0,0.751916,2.5907339166,1
4.852801,909736,293,0,0,0,0,2.432784782,8
3.871129,909737,293,1,0,0,0,2.0459061874,8
1.268905,909738,293,0,1,0,0,2.5130203839,5
4.540305,909739,293,0,0,0,0,2.432784782,10
3.79807,910850,293,0,0,1,1.542071,3.7387538923,7
5.057923,1240159,293,0,1,1,0.545751,3.2979632988,3
1.908671,1240160,293,1,0,0,0,2.0459061874,8
4.301843,1240216,293,1,1,0,0.824209,2.2430907126,3
3.788579,1240217,293,1,0,0,0,2.0459061874,9
4.28024,1298146,293,0,2,1,1.351098,4.0810483896,10
2.112039,1298151,293,1,0,0,0,2.0459061874,6
3.702264,907057,294,0,0,0,0.774233,2.4528946437,8
4.983928,907071,294,0,0,0,0,2.432784782,9
4.972386,909719,294,0,1,0,0.751916,2.5907339166,9
2.943498,909736,294,0,0,0,0,2.432784782,8
4.36999,909737,294,1,0,0,0,2.0459061874,10
4.900257,909738,294,0,1,0,0,2.5130203839,6
3.015413,909739,294,0,0,0,0,2.432784782,1
5.912103,910850,294,0,0,1,1.542071,3.7387538923,6
4.548105,1240159,294,0,1,1,0.545751,3.2979632988,1
3.863514,1240160,294,1,0,0,0,2.0459061874,3
4.698065,1240216,294,1,1,0,0.824209,2.2430907126,8
3.00794,1240217,294,1,0,0,0,2.0459061874,8
6.312585,1298146,294,0,2,1,1.351098,4.0810483896,3
3.18732,1298151,294,1,0,0,0,2.0459061874,8
3.249343,907057,295,0,0,0,0.774233,2.4528946437,7
3.680935,907071,295,0,0,0,0,2.432784782,1
3.556369,909719,295,0,1,0,0.751916,2.5907339166,4
2.097526,909736,295,0,0,0,0,2.432784782,10
3.646102,909737,295,1,0,0,0,2.0459061874,10
2.961693,909738,295,0,1,0,0,2.5130203839,8
3.022132,909739,295,0,0,0,0,2.432784782,10
5.242673,910850,295,0,0,1,1.542071,3.7387538923,4
3.679095,1240159,295,0,1,1,0.545751,3.2979632988,7
3.858851,1240160,295,1,0,0,0,2.0459061874,2
3.234249,1240216,295,1,1,0,0.824209,2.2430907126,1
1.85561,1240217,295,1,0,0,0,2.0459061874,1
5.666466,1298146,295,0,2,1,1.351098,4.0810483896,4
2.096466,1298151,295,1,0,0,0,2.0459061874,5
4.44919,907057,298,0,0,0,0.774233,2.4528946437,5
4.772693,907071,298,0,0,0,0,2.432784782,10
4.363545,909719,298,0,1,0,0.751916,2.5907339166,6
5.267772,909736,298,0,0,0,0,2.432784782,6
4.518813,909737,298,1,0,0,0,2.0459061874,7
4.078163,909738,298,0,1,0,0,2.5130203839,10
4.308207,909739,298,0,0,0,0,2.432784782,2
4.736862,910850,298,0,0,1,1.542071,3.7387538923,3
4.431686,1240159,298,0,1,1,0.545751,3.2979632988,8
3.86677,1240160,298,1,0,0,0,2.0459061874,5
4.800209,1240216,298,1,1,0,0.824209,2.2430907126,4
4.880061,1240217,298,1,0,0,0,2.0459061874,10
4.86985,1298146,298,0,2,1,1.351098,4.0810483896,6
4.690277,1298151,298,1,0,0,0,2.0459061874,7
5.428065,907057,299,0,0,0,0.774233,2.4528946437,8
0.052495,907071,299,0,0,0,0,2.432784782,8
5.07299,909719,299,0,1,0,0.751916,2.5907339166,4
-0.126522,909736,299,0,0,0,0,2.432784782,1
-1.704139,909737,299,1,0,0,0,2.0459061874,3
-1.297119,909738,299,0,1,0,0,2.5130203839,9
2.896934,909739,299,0,0,0,0,2.432784782,9
5.705174,910850,299,0,0,1,1.542071,3.7387538923,7
5.466556,1240159,299,0,1,1,0.545751,3.2979632988,8
0.92044,1240160,299,1,0,0,0,2.0459061874,8
2.173504,1240216,299,1,1,0,0.824209,2.2430907126,3
-1.479141,1240217,299,1,0,0,0,2.0459061874,4
4.812083,1298146,299,0,2,1,1.351098,4.0810483896,10
-1.470915,1298151,299,1,0,0,0,2.0459061874,1
4.064096,907057,301,0,0,0,0.774233,2.4528946437,3
4.844754,907071,301,0,0,0,0,2.432784782,7
4.731347,909719,301,0,1,0,0.751916,2.5907339166,9
3.143271,909736,301,0,0,0,0,2.432784782,10
2.265062,909737,301,1,0,0,0,2.0459061874,4
5.248418,909738,301,0,1,0,0,2.5130203839,5
3.281761,909739,301,0,0,0,0,2.432784782,6
5.242673,910850,301,0,0,1,1.542071,3.7387538923,9
3.547691,1240159,301,0,1,1,0.545751,3.2979632988,7
3.843067,1240160,301,1,0,0,0,2.0459061874,1
3.902174,1240216,301,1,1,0,0.824209,2.2430907126,5
1.23754,1240217,301,1,0,0,0,2.0459061874,2
5.681786,1298146,301,0,2,1,1.351098,4.0810483896,5
1.353854,1298151,301,1,0,0,0,2.0459061874,8
2.461443,907057,302,0,0,0,0.774233,2.4528946437,10
4.278036,907071,302,0,0,0,0,2.432784782,4
4.06677,909719,302,0,1,0,0.751916,2.5907339166,7
5.190548,909736,302,0,0,0,0,2.432784782,1
-2.452851,909737,302,1,0,0,0,2.0459061874,6
-1.425317,909738,302,0,1,0,0,2.5130203839,8
2.657979,909739,302,0,0,0,0,2.432784782,7
5.24221,910850,302,0,0,1,1.542071,3.7387538923,10
3.103176,1240159,302,0,1,1,0.545751,3.2979632988,9
4.378244,1240160,302,1,0,0,0,2.0459061874,5
-0.709022,1240216,302,1,1,0,0.824209,2.2430907126,5
-0.122369,1240217,302,1,0,0,0,2.0459061874,10
5.681786,1298146,302,0,2,1,1.351098,4.0810483896,4
-2.69907,1298151,302,1,0,0,0,2.0459061874,9
4.254205,907057,304,0,0,0,0.774233,2.4528946437,1
3.640648,907071,304,0,0,0,0,2.432784782,6
4.295208,909719,304,0,1,0,0.751916,2.5907339166,1
5.698254,909736,304,0,0,0,0,2.432784782,10
4.783462,909737,304,1,0,0,0,2.0459061874,1
3.494597,909738,304,0,1,0,0,2.5130203839,10
4.299594,909739,304,0,0,0,0,2.432784782,1
5.911916,910850,304,0,0,1,1.542071,3.7387538923,6
4.491305,1240159,304,0,1,1,0.545751,3.2979632988,3
3.973699,1240160,304,1,0,0,0,2.0459061874,7
5.033368,1240216,304,1,1,0,0.824209,2.2430907126,5
2.610084,1240217,304,1,0,0,0,2.0459061874,3
6.351216,1298146,304,0,2,1,1.351098,4.0810483896,10
3.974986,1298151,304,1,0,0,0,2.0459061874,9
2.719688,907057,305,0,0,0,0.774233,2.4528946437,8
3.943465,907071,305,0,0,0,0,2.432784782,7
2.14086,909719,305,0,1,0,0.751916,2.5907339166,7
2.983176,909736,305,0,0,0,0,2.432784782,4
2.948827,909737,305,1,0,0,0,2.0459061874,4
2.213916,909738,305,0,1,0,0,2.5130203839,7
3.236808,909739,305,0,0,0,0,2.432784782,9
5.910121,910850,305,0,0,1,1.542071,3.7387538923,5
3.724349,1240159,305,0,1,1,0.545751,3.2979632988,10
3.69393,1240160,305,1,0,0,0,2.0459061874,10
2.681104,1240216,305,1,1,0,0.824209,2.2430907126,4
1.994022,1240217,305,1,0,0,0,2.0459061874,10
6.349997,1298146,305,0,2,1,1.351098,4.0810483896,1
2.209789,1298151,305,1,0,0,0,2.0459061874,9
4.337302,907057,306,0,0,0,0.774233,2.4528946437,6
2.1172,907071,306,0,0,0,0,2.432784782,3
4.73985,909719,306,0,1,0,0.751916,2.5907339166,10
-0.260657,909736,306,0,0,0,0,2.432784782,6
1.766652,909737,306,1,0,0,0,2.0459061874,5
2.470706,909738,306,0,1,0,0,2.5130203839,6
2.036773,909739,306,0,0,0,0,2.432784782,4
5.242633,910850,306,0,0,1,1.542071,3.7387538923,5
4.990588,1240159,306,0,1,1,0.545751,3.2979632988,3
2.215914,1240160,306,1,0,0,0,2.0459061874,10
1.412245,1240216,306,1,1,0,0.824209,2.2430907126,7
3.084391,1240217,306,1,0,0,0,2.0459061874,9
5.189342,1298146,306,0,2,1,1.351098,4.0810483896,3
0.570754,1298151,306,1,0,0,0,2.0459061874,5
-0.169221,907057,308,0,0,0,0.774233,2.4528946437,1
1.270392,907071,308,0,0,0,0,2.432784782,3
0.776729,909719,308,0,1,0,0.751916,2.5907339166,10
-1.29513,909736,308,0,0,0,0,2.432784782,10
-0.305237,909737,308,1,0,0,0,2.0459061874,5
-0.551262,909738,308,0,1,0,0,2.5130203839,4
-0.849017,909739,308,0,0,0,0,2.432784782,1
1.652078,910850,308,0,0,1,1.542071,3.7387538923,3
0.424304,1240159,308,0,1,1,0.545751,3.2979632988,4
-0.156872,1240160,308,1,0,0,0,2.0459061874,9
-0.10843,1240216,308,1,1,0,0.824209,2.2430907126,3
-0.211998,1240217,308,1,0,0,0,2.0459061874,7
4.988639,1298146,308,0,2,1,1.351098,4.0810483896,1
1.129011,1298151,308,1,0,0,0,2.0459061874,3
3.266364,907057,309,0,0,0,0.774233,2.4528946437,9
4.794437,907071,309,0,0,0,0,2.432784782,6
4.701944,909719,309,0,1,0,0.751916,2.5907339166,5
2.766766,909736,309,0,0,0,0,2.432784782,10
2.202781,909737,309,1,0,0,0,2.0459061874,6
3.69441,909738,309,0,1,0,0,2.5130203839,6
3.407645,909739,309,0,0,0,0,2.432784782,5
5.892483,910850,309,0,0,1,1.542071,3.7387538923,1
3.71774,1240159,309,0,1,1,0.545751,3.2979632988,7
4.970647,1240160,309,1,0,0,0,2.0459061874,1
3.922357,1240216,309,1,1,0,0.824209,2.2430907126,8
3.874192,1240217,309,1,0,0,0,2.0459061874,1
6.349439,1298146,309,0,2,1,1.351098,4.0810483896,8
5.82676,1298151,309,1,0,0,0,2.0459061874,5
0.189744,907057,312,0,0,0,0.774233,2.4528946437,6
0.55002,907071,312,0,0,0,0,2.432784782,2
0.341456,909719,312,0,1,0,0.751916,2.5907339166,6
0.901564,909736,312,0,0,0,0,2.432784782,5
0.149365,909737,312,1,0,0,0,2.0459061874,6
0.891011,909738,312,0,1,0,0,2.5130203839,4
-0.758989,909739,312,0,0,0,0,2.432784782,3
0.851892,910850,312,0,0,1,1.542071,3.7387538923,2
0.195775,1240159,312,0,1,1,0.545751,3.2979632988,1
-0.16126,1240160,312,1,0,0,0,2.0459061874,4
0.598597,1240216,312,1,1,0,0.824209,2.2430907126,7
0.465465,1240217,312,1,0,0,0,2.0459061874,3
1.291645,1298146,312,0,2,1,1.351098,4.0810483896,8
0.775303,1298151,312,1,0,0,0,2.0459061874,2
4.642029,907057,326,0,0,0,0.774233,2.4528946437,10
4.883429,907071,326,0,0,0,0,2.432784782,2
4.739706,909719,326,0,1,0,0.751916,2.5907339166,2
3.972169,909736,326,0,0,0,0,2.432784782,3
1.789894,909737,326,1,0,0,0,2.0459061874,10
5.273038,909738,326,0,1,0,0,2.5130203839,4
3.215554,909739,326,0,0,0,0,2.432784782,9
5.242673,910850,326,0,0,1,1.542071,3.7387538923,6
5.000131,1240159,326,0,1,1,0.545751,3.2979632988,9
4.630545,1240160,326,1,0,0,0,2.0459061874,2
5.046087,1240216,326,1,1,0,0.824209,2.2430907126,10
4.845752,1240217,326,1,0,0,0,2.0459061874,4
5.681786,1298146,326,0,2,1,1.351098,4.0810483896,9
3.618687,1298151,326,1,0,0,0,2.0459061874,5
3.831658,907057,329,0,0,0,0.774233,2.4528946437,2
4.312437,907071,329,0,0,0,0,2.432784782,6
4.69518,909719,329,0,1,0,0.751916,2.5907339166,6
5.283591,909736,329,0,0,0,0,2.432784782,3
2.636114,909737,329,1,0,0,0,2.0459061874,5
4.027669,909738,329,0,1,0,0,2.5130203839,8
3.605974,909739,329,0,0,0,0,2.432784782,4
5.24059,910850,329,0,0,1,1.542071,3.7387538923,3
4.826951,1240159,329,0,1,1,0.545751,3.2979632988,5
3.000819,1240160,329,1,0,0,0,2.0459061874,3
5.075617,1240216,329,1,1,0,0.824209,2.2430907126,3
3.257502,1240217,329,1,0,0,0,2.0459061874,5
5.472243,1298146,329,0,2,1,1.351098,4.0810483896,6
3.830538,1298151,329,1,0,0,0,2.0459061874,10
4.758634,907057,330,0,0,0,0.774233,2.4528946437,5
4.100237,907071,330,0,0,0,0,2.432784782,8
4.290403,909719,330,0,1,0,0.751916,2.5907339166,3
3.171665,909736,330,0,0,0,0,2.432784782,8
3.23931,909737,330,1,0,0,0,2.0459061874,2
4.838001,909738,330,0,1,0,0,2.5130203839,1
3.223327,909739,330,0,0,0,0,2.432784782,7
5.242673,910850,330,0,0,1,1.542071,3.7387538923,8
4.981205,1240159,330,0,1,1,0.545751,3.2979632988,4
2.581701,1240160,330,1,0,0,0,2.0459061874,10
3.53282,1240216,330,1,1,0,0.824209,2.2430907126,2
2.443444,1240217,330,1,0,0,0,2.0459061874,3
5.681786,1298146,330,0,2,1,1.351098,4.0810483896,2
3.022377,1298151,330,1,0,0,0,2.0459061874,9
1.779338,907057,331,0,0,0,0.774233,2.4528946437,3
2.623375,907071,331,0,0,0,0,2.432784782,1
4.739125,909719,331,0,1,0,0.751916,2.5907339166,4
0.431026,909736,331,0,0,0,0,2.432784782,2
-0.279865,909737,331,1,0,0,0,2.0459061874,8
2.017334,909738,331,0,1,0,0,2.5130203839,8
1.973448,909739,331,0,0,0,0,2.432784782,1
4.997279,910850,331,0,0,1,1.542071,3.7387538923,10
3.081256,1240159,331,0,1,1,0.545751,3.2979632988,5
1.295934,1240160,331,1,0,0,0,2.0459061874,2
2.23205,1240216,331,1,1,0,0.824209,2.2430907126,5
-0.879276,1240217,331,1,0,0,0,2.0459061874,8
5.681786,1298146,331,0,2,1,1.351098,4.0810483896,1
-0.048448,1298151,331,1,0,0,0,2.0459061874,4
3.853354,907057,345,0,0,0,0.774233,2.4528946437,7
5.168653,907071,345,0,0,0,0,2.432784782,8
4.618149,909719,345,0,1,0,0.751916,2.5907339166,9
4.081638,909736,345,0,0,0,0,2.432784782,5
3.777792,909737,345,1,0,0,0,2.0459061874,3
4.362896,909738,345,0,1,0,0,2.5130203839,4
4.839048,909739,345,0,0,0,0,2.432784782,3
5.912103,910850,345,0,0,1,1.542071,3.7387538923,10
4.786369,1240159,345,0,1,1,0.545751,3.2979632988,8
4.552774,1240160,345,1,0,0,0,2.0459061874,2
5.314876,1240216,345,1,1,0,0.824209,2.2430907126,2
3.675061,1240217,345,1,0,0,0,2.0459061874,6
6.33564,1298146,345,0,2,1,1.351098,4.0810483896,5
5.82676,1298151,345,1,0,0,0,2.0459061874,9
1.338395,907071,1010,0,0,0,0,2.432784782,3
0.634761,909719,1010,0,1,0,0.751916,2.5907339166,9
2.264142,909736,1010,0,0,0,0,2.432784782,8
2.297776,909737,1010,1,0,0,0,2.0459061874,9
0.318535,909738,1010,0,1,0,0,2.5130203839,2
1.304726,910850,1010,0,0,1,1.542071,3.7387538923,10
1.976104,1240159,1010,0,1,1,0.545751,3.2979632988,6
1.751866,1240160,1010,1,0,0,0,2.0459061874,9
0.474534,1240216,1010,1,1,0,0.824209,2.2430907126,6
1.528209,1298146,1010,0,2,1,1.351098,4.0810483896,5
-1.641716,1298151,1010,1,0,0,0,2.0459061874,2
2.736188,907071,1013,0,0,0,0,2.432784782,6
3.099127,909719,1013,0,1,0,0.751916,2.5907339166,8
3.600465,909736,1013,0,0,0,0,2.432784782,2
3.639883,909738,1013,0,1,0,0,2.5130203839,9
3.609518,910850,1013,0,0,1,1.542071,3.7387538923,7
3.350084,1240159,1013,0,1,1,0.545751,3.2979632988,6
2.612927,1240160,1013,1,0,0,0,2.0459061874,6
2.457744,1240216,1013,1,1,0,0.824209,2.2430907126,9
3.205654,1298146,1013,0,2,1,1.351098,4.0810483896,10
3.261431,1298151,1013,1,0,0,0,2.0459061874,10
1.919663,907071,1015,0,0,0,0,2.432784782,2
1.299775,909719,1015,0,1,0,0.751916,2.5907339166,5
0.93175,909736,1015,0,0,0,0,2.432784782,2
3.011022,909738,1015,0,1,0,0,2.5130203839,2
3.142398,910850,1015,0,0,1,1.542071,3.7387538923,3
2.335169,1240159,1015,0,1,1,0.545751,3.2979632988,5
2.393208,1240160,1015,1,0,0,0,2.0459061874,4
2.862635,1298146,1015,0,2,1,1.351098,4.0810483896,10
-1.086654,1298151,1015,1,0,0,0,2.0459061874,5
2.665223,907071,1019,0,0,0,0,2.432784782,8
0.603792,909719,1019,0,1,0,0.751916,2.5907339166,4
1.307661,909736,1019,0,0,0,0,2.432784782,9
3.508284,909737,1019,1,0,0,0,2.0459061874,5
2.144033,909738,1019,0,1,0,0,2.5130203839,1
3.504914,910850,1019,0,0,1,1.542071,3.7387538923,8
2.042251,1240159,1019,0,1,1,0.545751,3.2979632988,2
2.60694,1240160,1019,1,0,0,0,2.0459061874,8
1.101244,1240216,1019,1,1,0,0.824209,2.2430907126,10
0.766701,1298146,1019,0,2,1,1.351098,4.0810483896,1
0.169061,1298151,1019,1,0,0,0,2.0459061874,3
0.844423,907071,1021,0,0,0,0,2.432784782,5
1.839591,909719,1021,0,1,0,0.751916,2.5907339166,9
2.288963,909736,1021,0,0,0,0,2.432784782,2
1.364036,909737,1021,1,0,0,0,2.0459061874,10
1.989488,909738,1021,0,1,0,0,2.5130203839,7
3.609518,910850,1021,0,0,1,1.542071,3.7387538923,9
3.116246,1240159,1021,0,1,1,0.545751,3.2979632988,7
1.437283,1240160,1021,1,0,0,0,2.0459061874,7
-0.041346,1240216,1021,1,1,0,0.824209,2.2430907126,2
1.764252,1298146,1021,0,2,1,1.351098,4.0810483896,2
2.442683,1298151,1021,1,0,0,0,2.0459061874,8
-0.070528,907071,1022,0,0,0,0,2.432784782,3
1.730968,909719,1022,0,1,0,0.751916,2.5907339166,3
-2.469807,909736,1022,0,0,0,0,2.432784782,2
-0.44683,909737,1022,1,0,0,0,2.0459061874,5
1.518461,909738,1022,0,1,0,0,2.5130203839,6
2.085489,910850,1022,0,0,1,1.542071,3.7387538923,7
1.492164,1240159,1022,0,1,1,0.545751,3.2979632988,3
1.210291,1240160,1022,1,0,0,0,2.0459061874,10
-2.305348,1240216,1022,1,1,0,0.824209,2.2430907126,10
-0.868028,1298146,1022,0,2,1,1.351098,4.0810483896,9
-0.307306,1298151,1022,1,0,0,0,2.0459061874,2
2.557881,907071,1023,0,0,0,0,2.432784782,10
3.022417,909719,1023,0,1,0,0.751916,2.5907339166,1
1.237814,909736,1023,0,0,0,0,2.432784782,9
1.36579,909737,1023,1,0,0,0,2.0459061874,9
2.71194,909738,1023,0,1,0,0,2.5130203839,3
3.511797,910850,1023,0,0,1,1.542071,3.7387538923,9
2.914772,1240159,1023,0,1,1,0.545751,3.2979632988,7
1.3992,1240160,1023,1,0,0,0,2.0459061874,6
0.442397,1240216,1023,1,1,0,0.824209,2.2430907126,8
1.150809,1298146,1023,0,2,1,1.351098,4.0810483896,6
2.385434,1298151,1023,1,0,0,0,2.0459061874,1
0.398096,907071,1024,0,0,0,0,2.432784782,1
-3.231915,909719,1024,0,1,0,0.751916,2.5907339166,6
-1.189367,909736,1024,0,0,0,0,2.432784782,7
-0.385653,909737,1024,1,0,0,0,2.0459061874,4
0.617432,909738,1024,0,1,0,0,2.5130203839,8
0.468155,910850,1024,0,0,1,1.542071,3.7387538923,4
-0.040314,1240159,1024,0,1,1,0.545751,3.2979632988,1
-1.11473,1240160,1024,1,0,0,0,2.0459061874,10
-1.518521,1240216,1024,1,1,0,0.824209,2.2430907126,5
-1.519898,1298146,1024,0,2,1,1.351098,4.0810483896,1
-0.026486,1298151,1024,1,0,0,0,2.0459061874,1
4.312501,907071,1025,0,0,0,0,2.432784782,2
4.716161,909719,1025,0,1,0,0.751916,2.5907339166,2
4.76787,909736,1025,0,0,0,0,2.432784782,4
3.564453,909738,1025,0,1,0,0,2.5130203839,9
4.770768,910850,1025,0,0,1,1.542071,3.7387538923,8
4.953822,1240159,1025,0,1,1,0.545751,3.2979632988,10
5.658069,1298146,1025,0,2,1,1.351098,4.0810483896,10
5.133613,1298151,1025,1,0,0,0,2.0459061874,9
3.285978,907071,1028,0,0,0,0,2.432784782,3
3.106723,909719,1028,0,1,0,0.751916,2.5907339166,4
3.650437,909736,1028,0,0,0,0,2.432784782,3
3.396502,909737,1028,1,0,0,0,2.0459061874,2
3.57951,909738,1028,0,1,0,0,2.5130203839,5
3.50649,910850,1028,0,0,1,1.542071,3.7387538923,4
3.189919,1240159,1028,0,1,1,0.545751,3.2979632988,1
3.139064,1240160,1028,1,0,0,0,2.0459061874,1
2.940763,1240216,1028,1,1,0,0.824209,2.2430907126,2
2.642622,1298146,1028,0,2,1,1.351098,4.0810483896,1
2.189863,1298151,1028,1,0,0,0,2.0459061874,5
3.123464,907057,1029,0,0,0,0.774233,2.4528946437,2
1.917519,907071,1029,0,0,0,0,2.432784782,4
3.103209,909719,1029,0,1,0,0.751916,2.5907339166,3
2.554897,909736,1029,0,0,0,0,2.432784782,7
1.660225,909737,1029,1,0,0,0,2.0459061874,9
3.618079,909738,1029,0,1,0,0,2.5130203839,6
2.878423,910850,1029,0,0,1,1.542071,3.7387538923,5
2.781071,1240160,1029,1,0,0,0,2.0459061874,5
1.642802,1240216,1029,1,1,0,0.824209,2.2430907126,10
1.983763,1298146,1029,0,2,1,1.351098,4.0810483896,4
3.399439,1298151,1029,1,0,0,0,2.0459061874,10
3.367483,907057,1030,0,0,0,0.774233,2.4528946437,5
2.783945,907071,1030,0,0,0,0,2.432784782,9
4.218209,909719,1030,0,1,0,0.751916,2.5907339166,10
3.73499,909736,1030,0,0,0,0,2.432784782,5
4.572324,909737,1030,1,0,0,0,2.0459061874,4
3.484258,909738,1030,0,1,0,0,2.5130203839,6
4.538413,910850,1030,0,0,1,1.542071,3.7387538923,8
4.747832,1240160,1030,1,0,0,0,2.0459061874,8
3.867612,1240216,1030,1,1,0,0.824209,2.2430907126,6
3.666266,1298146,1030,0,2,1,1.351098,4.0810483896,8
2.893956,1298151,1030,1,0,0,0,2.0459061874,8
1.50188,907057,1037,0,0,0,0.774233,2.4528946437,7
1.483497,907071,1037,0,0,0,0,2.432784782,8
1.122675,909719,1037,0,1,0,0.751916,2.5907339166,6
0.611097,909736,1037,0,0,0,0,2.432784782,7
1.716739,909737,1037,1,0,0,0,2.0459061874,8
2.019824,909738,1037,0,1,0,0,2.5130203839,3
4.525809,910850,1037,0,0,1,1.542071,3.7387538923,3
1.728574,1240160,1037,1,0,0,0,2.0459061874,7
1.872792,1240216,1037,1,1,0,0.824209,2.2430907126,6
1.297897,1298146,1037,0,2,1,1.351098,4.0810483896,7
2.324021,1298151,1037,1,0,0,0,2.0459061874,7
1.592276,907057,1038,0,0,0,0.774233,2.4528946437,10
1.073381,907071,1038,0,0,0,0,2.432784782,1
3.106723,909719,1038,0,1,0,0.751916,2.5907339166,5
2.154185,909736,1038,0,0,0,0,2.432784782,10
2.632888,909737,1038,1,0,0,0,2.0459061874,10
1.902302,909738,1038,0,1,0,0,2.5130203839,5
3.607337,910850,1038,0,0,1,1.542071,3.7387538923,10
2.255419,1240160,1038,1,0,0,0,2.0459061874,6
2.63799,1240216,1038,1,1,0,0.824209,2.2430907126,4
2.89043,1298146,1038,0,2,1,1.351098,4.0810483896,6
1.14785,1298151,1038,1,0,0,0,2.0459061874,8
4.477183,907057,1039,0,0,0,0.774233,2.4528946437,4
4.928633,907071,1039,0,0,0,0,2.432784782,8
4.569374,909719,1039,0,1,0,0.751916,2.5907339166,7
5.259874,909736,1039,0,0,0,0,2.432784782,9
4.711352,909738,1039,0,1,0,0,2.5130203839,4
4.344137,910850,1039,0,0,1,1.542071,3.7387538923,1
4.353702,1240160,1039,1,0,0,0,2.0459061874,5
5.552946,1298146,1039,0,2,1,1.351098,4.0810483896,1
4.039916,1298151,1039,1,0,0,0,2.0459061874,8
4.722211,907057,1042,0,0,0,0.774233,2.4528946437,1
3.646355,907071,1042,0,0,0,0,2.432784782,2
4.715602,909719,1042,0,1,0,0.751916,2.5907339166,9
3.139119,909736,1042,0,0,0,0,2.432784782,6
3.374558,909737,1042,1,0,0,0,2.0459061874,8
5.085712,909738,1042,0,1,0,0,2.5130203839,8
3.929352,1240160,1042,1,0,0,0,2.0459061874,2
2.741479,1240216,1042,1,1,0,0.824209,2.2430907126,5
3.525244,1298146,1042,0,2,1,1.351098,4.0810483896,6
3.882628,1298151,1042,1,0,0,0,2.0459061874,7
3.290427,907057,1043,0,0,0,0.774233,2.4528946437,3
4.389497,907071,1043,0,0,0,0,2.432784782,2
4.709786,909719,1043,0,1,0,0.751916,2.5907339166,6
4.288446,909736,1043,0,0,0,0,2.432784782,8
4.180127,909737,1043,1,0,0,0,2.0459061874,9
4.732046,909738,1043,0,1,0,0,2.5130203839,6
5.201345,910850,1043,0,0,1,1.542071,3.7387538923,9
4.42903,1240160,1043,1,0,0,0,2.0459061874,6
2.753537,1240216,1043,1,1,0,0.824209,2.2430907126,10
4.701721,1298146,1043,0,2,1,1.351098,4.0810483896,10
5.076563,1298151,1043,1,0,0,0,2.0459061874,9
1.562787,907057,1046,0,0,0,0.774233,2.4528946437,2
2.691493,907071,1046,0,0,0,0,2.432784782,5
0.940053,909719,1046,0,1,0,0.751916,2.5907339166,6
3.030343,909736,1046,0,0,0,0,2.432784782,2
3.434688,909737,1046,1,0,0,0,2.0459061874,10
3.135576,909738,1046,0,1,0,0,2.5130203839,7
3.145568,910850,1046,0,0,1,1.542071,3.7387538923,2
2.758862,1240160,1046,1,0,0,0,2.0459061874,2
2.482077,1240216,1046,1,1,0,0.824209,2.2430907126,1
1.919343,1298146,1046,0,2,1,1.351098,4.0810483896,1
0.80365,1298151,1046,1,0,0,0,2.0459061874,1
2.355892,907057,1049,0,0,0,0.774233,2.4528946437,5
0.137622,907071,1049,0,0,0,0,2.432784782,2
3.0944,909719,1049,0,1,0,0.751916,2.5907339166,6
3.650437,909736,1049,0,0,0,0,2.432784782,4
3.62289,909737,1049,1,0,0,0,2.0459061874,7
3.108634,909738,1049,0,1,0,0,2.5130203839,10
3.389294,910850,1049,0,0,1,1.542071,3.7387538923,6
1.17486,1240160,1049,1,0,0,0,2.0459061874,1
3.442463,1240216,1049,1,1,0,0.824209,2.2430907126,8
3.423503,1298146,1049,0,2,1,1.351098,4.0810483896,9
3.151125,1298151,1049,1,0,0,0,2.0459061874,3
1.066812,907057,1050,0,0,0,0.774233,2.4528946437,10
2.666963,907071,1050,0,0,0,0,2.432784782,6
1.33954,909719,1050,0,1,0,0.751916,2.5907339166,1
2.975628,909736,1050,0,0,0,0,2.432784782,6
3.406187,909738,1050,0,1,0,0,2.5130203839,7
2.882125,910850,1050,0,0,1,1.542071,3.7387538923,9
2.098138,1240160,1050,1,0,0,0,2.0459061874,1
2.462366,1298146,1050,0,2,1,1.351098,4.0810483896,2
2.42014,1298151,1050,1,0,0,0,2.0459061874,3
2.610044,907057,1052,0,0,0,0.774233,2.4528946437,8
2.923146,907071,1052,0,0,0,0,2.432784782,3
3.801966,909719,1052,0,1,0,0.751916,2.5907339166,5
2.922091,909736,1052,0,0,0,0,2.432784782,3
3.131008,909737,1052,1,0,0,0,2.0459061874,4
4.051139,909738,1052,0,1,0,0,2.5130203839,1
4.302088,910850,1052,0,0,1,1.542071,3.7387538923,8
3.463524,1240160,1052,1,0,0,0,2.0459061874,2
1.899823,1240216,1052,1,1,0,0.824209,2.2430907126,10
3.391146,1298146,1052,0,2,1,1.351098,4.0810483896,10
2.627821,1298151,1052,1,0,0,0,2.0459061874,4
2.267303,907057,1053,0,0,0,0.774233,2.4528946437,6
0.382872,907071,1053,0,0,0,0,2.432784782,8
2.729633,909719,1053,0,1,0,0.751916,2.5907339166,3
-0.095969,909736,1053,0,0,0,0,2.432784782,7
0.484968,909737,1053,1,0,0,0,2.0459061874,7
2.173983,909738,1053,0,1,0,0,2.5130203839,2
4.213545,910850,1053,0,0,1,1.542071,3.7387538923,10
2.671596,1240160,1053,1,0,0,0,2.0459061874,10
0.326167,1240216,1053,1,1,0,0.824209,2.2430907126,3
0.615364,1298146,1053,0,2,1,1.351098,4.0810483896,10
-0.37883,1298151,1053,1,0,0,0,2.0459061874,6
1.285127,907057,1054,0,0,0,0.774233,2.4528946437,9
1.257211,907071,1054,0,0,0,0,2.432784782,7
0.517033,909719,1054,0,1,0,0.751916,2.5907339166,1
1.054415,909736,1054,0,0,0,0,2.432784782,4
2.492985,909737,1054,1,0,0,0,2.0459061874,1
1.698034,909738,1054,0,1,0,0,2.5130203839,4
2.723373,910850,1054,0,0,1,1.542071,3.7387538923,8
2.174327,1240160,1054,1,0,0,0,2.0459061874,4
3.531961,1240216,1054,1,1,0,0.824209,2.2430907126,7
-0.011422,1298146,1054,0,2,1,1.351098,4.0810483896,7
4.210709,1298151,1054,1,0,0,0,2.0459061874,4
-3.215453,907057,1057,0,0,0,0.774233,2.4528946437,6
-3.893018,907071,1057,0,0,0,0,2.432784782,4
-2.930784,909719,1057,0,1,0,0.751916,2.5907339166,4
-2.957507,909736,1057,0,0,0,0,2.432784782,5
-2.563063,909737,1057,1,0,0,0,2.0459061874,5
-2.430844,909738,1057,0,1,0,0,2.5130203839,1
1.388215,910850,1057,0,0,1,1.542071,3.7387538923,2
-1.636767,1240160,1057,1,0,0,0,2.0459061874,3
-1.724927,1240216,1057,1,1,0,0.824209,2.2430907126,1
-2.470899,1298146,1057,0,2,1,1.351098,4.0810483896,3
-2.750127,1298151,1057,1,0,0,0,2.0459061874,10
-0.352243,907057,1059,0,0,0,0.774233,2.4528946437,1
-0.973305,907071,1059,0,0,0,0,2.432784782,7
0.619539,909719,1059,0,1,0,0.751916,2.5907339166,5
-0.120723,909736,1059,0,0,0,0,2.432784782,8
-0.086742,909737,1059,1,0,0,0,2.0459061874,5
0.13087,909738,1059,0,1,0,0,2.5130203839,5
1.453573,910850,1059,0,0,1,1.542071,3.7387538923,5
-0.416519,1240160,1059,1,0,0,0,2.0459061874,7
0.409554,1240216,1059,1,1,0,0.824209,2.2430907126,10
-0.993402,1298146,1059,0,2,1,1.351098,4.0810483896,2
-0.405505,1298151,1059,1,0,0,0,2.0459061874,9
-1.156049,907057,1060,0,0,0,0.774233,2.4528946437,1
-0.929985,907071,1060,0,0,0,0,2.432784782,1
-2.106971,909719,1060,0,1,0,0.751916,2.5907339166,1
-3.817176,909736,1060,0,0,0,0,2.432784782,1
-1.819098,909737,1060,1,0,0,0,2.0459061874,10
-1.604615,909738,1060,0,1,0,0,2.5130203839,2
-2.121807,910850,1060,0,0,1,1.542071,3.7387538923,6
-1.504733,1240160,1060,1,0,0,0,2.0459061874,9
-1.476301,1240216,1060,1,1,0,0.824209,2.2430907126,6
-0.925536,1298146,1060,0,2,1,1.351098,4.0810483896,4
-3.338742,1298151,1060,1,0,0,0,2.0459061874,2
3.142838,907057,1061,0,0,0,0.774233,2.4528946437,8
1.477446,907071,1061,0,0,0,0,2.432784782,9
2.510992,909719,1061,0,1,0,0.751916,2.5907339166,8
4.546391,909736,1061,0,0,0,0,2.432784782,4
4.600361,909737,1061,1,0,0,0,2.0459061874,5
4.513255,909738,1061,0,1,0,0,2.5130203839,2
4.525809,910850,1061,0,0,1,1.542071,3.7387538923,8
1.84426,1240160,1061,1,0,0,0,2.0459061874,6
4.358753,1240216,1061,1,1,0,0.824209,2.2430907126,9
4.486312,1298146,1061,0,2,1,1.351098,4.0810483896,9
4.150268,1298151,1061,1,0,0,0,2.0459061874,5
4.24987,907057,1129,0,0,0,0.774233,2.4528946437,7
3.658688,907071,1129,0,0,0,0,2.432784782,9
3.926393,909719,1129,0,1,0,0.751916,2.5907339166,6
5.259874,909736,1129,0,0,0,0,2.432784782,2
5.293508,909737,1129,1,0,0,0,2.0459061874,1
4.1792,909738,1129,0,1,0,0,2.5130203839,1
3.171677,910850,1129,0,0,1,1.542071,3.7387538923,10
2.911827,1240159,1129,0,1,1,0.545751,3.2979632988,4
2.85347,1240160,1129,1,0,0,0,2.0459061874,6
5.051901,1240216,1129,1,1,0,0.824209,2.2430907126,7
3.410403,1298146,1129,0,2,1,1.351098,4.0810483896,4
3.399529,1298151,1129,1,0,0,0,2.0459061874,2
1.475686,907071,1142,0,0,0,0,2.432784782,3
1.509665,909736,1142,0,0,0,0,2.432784782,8
2.202605,1298146,1142,0,2,1,1.351098,4.0810483896,7
2.223676,1298151,1142,1,0,0,0,2.0459061874,9
1.835145,907071,1143,0,0,0,0,2.432784782,1
1.364248,909736,1143,0,0,0,0,2.432784782,9
3.028167,1298146,1143,0,2,1,1.351098,4.0810483896,6
3.198813,1298151,1143,1,0,0,0,2.0459061874,3
3.934765,907071,1158,0,0,0,0,2.432784782,1
4.033552,909736,1158,0,0,0,0,2.432784782,3
5.497852,1298146,1158,0,2,1,1.351098,4.0810483896,4
3.884123,1298151,1158,1,0,0,0,2.0459061874,10
1.604135,907071,1161,0,0,0,0,2.432784782,4
1.024048,909736,1161,0,0,0,0,2.432784782,7
4.653176,1298146,1161,0,2,1,1.351098,4.0810483896,8
1.416783,1298151,1161,1,0,0,0,2.0459061874,3
3.020509,907071,1164,0,0,0,0,2.432784782,6
2.371341,909736,1164,0,0,0,0,2.432784782,9
4.557174,1298146,1164,0,2,1,1.351098,4.0810483896,10
2.078389,1298151,1164,1,0,0,0,2.0459061874,5
4.293166,907057,1194,0,0,0,0.774233,2.4528946437,9
2.378184,907071,1194,0,0,0,0,2.432784782,8
4.193443,909719,1194,0,1,0,0.751916,2.5907339166,3
5.110799,909736,1194,0,0,0,0,2.432784782,5
4.144534,909737,1194,1,0,0,0,2.0459061874,6
5.111673,909738,1194,0,1,0,0,2.5130203839,10
3.967829,910850,1194,0,0,1,1.542071,3.7387538923,2
3.001733,1240159,1194,0,1,1,0.545751,3.2979632988,5
2.068172,1240160,1194,1,0,0,0,2.0459061874,2
4.403982,1240216,1194,1,1,0,0.824209,2.2430907126,1
3.616735,1240217,1194,1,0,0,0,2.0459061874,3
5.497852,1298146,1194,0,2,1,1.351098,4.0810483896,10
4.999067,1298151,1194,1,0,0,0,2.0459061874,6
1.798645,907071,1203,0,0,0,0,2.432784782,8
4.06514,909736,1203,0,0,0,0,2.432784782,9
5.497852,1298146,1203,0,2,1,1.351098,4.0810483896,3
3.313045,1298151,1203,1,0,0,0,2.0459061874,5
2.515328,907057,1219,0,0,0,0.774233,2.4528946437,4
2.940035,907071,1219,0,0,0,0,2.432784782,6
2.066152,909719,1219,0,1,0,0.751916,2.5907339166,9
2.482161,909736,1219,0,0,0,0,2.432784782,5
2.50403,909737,1219,1,0,0,0,2.0459061874,9
3.187114,909738,1219,0,1,0,0,2.5130203839,2
2.810915,910850,1219,0,0,1,1.542071,3.7387538923,6
2.153116,1240159,1219,0,1,1,0.545751,3.2979632988,9
1.870546,1240160,1219,1,0,0,0,2.0459061874,9
3.09257,1240216,1219,1,1,0,0.824209,2.2430907126,3
2.839994,1240217,1219,1,0,0,0,2.0459061874,2
3.750563,1298146,1219,0,2,1,1.351098,4.0810483896,8
1.277195,1298151,1219,1,0,0,0,2.0459061874,6
-0.121639,907057,1242,0,0,0,0.774233,2.4528946437,4
1.490423,907071,1242,0,0,0,0,2.432784782,2
-1.031278,909719,1242,0,1,0,0.751916,2.5907339166,9
1.878888,909736,1242,0,0,0,0,2.432784782,4
0.838053,909737,1242,1,0,0,0,2.0459061874,4
1.242098,909738,1242,0,1,0,0,2.5130203839,10
0.711453,910850,1242,0,0,1,1.542071,3.7387538923,7
1.130572,1240159,1242,0,1,1,0.545751,3.2979632988,4
0.532229,1240160,1242,1,0,0,0,2.0459061874,6
0.545788,1240216,1242,1,1,0,0.824209,2.2430907126,8
0.7384,1240217,1242,1,0,0,0,2.0459061874,8
3.285468,1298146,1242,0,2,1,1.351098,4.0810483896,2
0.670867,1298151,1242,1,0,0,0,2.0459061874,1
0.277819,907057,1372,0,0,0,0.774233,2.4528946437,8
-3.042592,907071,1372,0,0,0,0,2.432784782,8
-2.303147,909719,1372,0,1,0,0.751916,2.5907339166,3
-1.949825,909736,1372,0,0,0,0,2.432784782,7
-2.481984,909737,1372,1,0,0,0,2.0459061874,8
-1.054615,909738,1372,0,1,0,0,2.5130203839,9
-2.751525,910850,1372,0,0,1,1.542071,3.7387538923,1
0.902871,1240159,1372,0,1,1,0.545751,3.2979632988,2
-3.750018,1240160,1372,1,0,0,0,2.0459061874,10
-1.821185,1240216,1372,1,1,0,0.824209,2.2430907126,9
-0.561517,1240217,1372,1,0,0,0,2.0459061874,1
0.170268,1298146,1372,0,2,1,1.351098,4.0810483896,4
-5.103503,1298151,1372,1,0,0,0,2.0459061874,8
4.506368,907057,1373,0,0,0,0.774233,2.4528946437,4
2.055882,907071,1373,0,0,0,0,2.432784782,9
5.033284,909736,1373,0,0,0,0,2.432784782,6
4.309731,909737,1373,1,0,0,0,2.0459061874,4
4.168631,909738,1373,0,1,0,0,2.5130203839,10
3.700565,910850,1373,0,0,1,1.542071,3.7387538923,1
4.450853,1240159,1373,0,1,1,0.545751,3.2979632988,3
2.106886,1240160,1373,1,0,0,0,2.0459061874,8
2.814688,1240216,1373,1,1,0,0.824209,2.2430907126,7
4.049339,1240217,1373,1,0,0,0,2.0459061874,4
5.276273,1298146,1373,0,2,1,1.351098,4.0810483896,1
4.632357,1298151,1373,1,0,0,0,2.0459061874,6
4.643594,907057,1032,0,0,0,0.774233,2.4528946437,7
3.8503727076,907071,1032,0,0,0,0,2.432784782,3
2.914690213,909719,1032,0,1,0,0.751916,2.5907339166,10
3.5446788474,909736,1032,0,0,0,0,2.432784782,5
2.6194304974,909737,1032,1,0,0,0,2.0459061874,2
0.962263873,909738,1032,0,1,0,0,2.5130203839,8
3.3464185196,910850,1032,0,0,1,1.542071,3.7387538923,4
4.4379959309,1240159,1032,0,1,1,0.545751,3.2979632988,9
2.9714822211,1240160,1032,1,0,0,0,2.0459061874,3
0.6304558021,1240216,1032,1,1,0,0.824209,2.2430907126,6
3.716143,1240217,1032,1,0,0,0,2.0459061874,9
3.9907658118,1298146,1032,0,2,1,1.351098,4.0810483896,5
-1.514981484,1298151,1032,1,0,0,0,2.0459061874,8
2.1191638892,907057,1014,0,0,0,0.774233,2.4528946437,5
0.6877452956,907071,1014,0,0,0,0,2.432784782,10
0.8435163755,909719,1014,0,1,0,0.751916,2.5907339166,9
-0.548339,909736,1014,0,0,0,0,2.432784782,2
1.2987155354,909737,1014,1,0,0,0,2.0459061874,3
1.1426828271,909738,1014,0,1,0,0,2.5130203839,10
1.2471046363,910850,1014,0,0,1,1.542071,3.7387538923,8
2.227483,1240159,1014,0,1,1,0.545751,3.2979632988,2
0.6319691643,1240160,1014,1,0,0,0,2.0459061874,2
2.0632459485,1240216,1014,1,1,0,0.824209,2.2430907126,8
1.318793,1240217,1014,1,0,0,0,2.0459061874,4
2.2035751422,1298146,1014,0,2,1,1.351098,4.0810483896,3
-0.82049785,1298151,1014,1,0,0,0,2.0459061874,10
