IC50,Cancer,Drug,From_Sanger,Fingerprint_834,Fingerprint_824,Fingerprint_822,Fingerprint_821,Fingerprint_819,Fingerprint_818,Fingerprint_803,Fingerprint_799,Fingerprint_797,Fingerprint_714,Fingerprint_712,Fingerprint_710,Fingerprint_697,Fingerprint_686,Fingerprint_685,Fingerprint_677,Fingerprint_672,Fingerprint_647,Fingerprint_646,Fingerprint_635,Fingerprint_629,Fingerprint_611
3.176001,907173,1,0,0,1,0,1,0,0,0,0,0,1,0,1,0,0,0,1,0,0,0,0,0,0
1.262042,908150,1,0,0,1,0,1,0,0,0,0,0,1,0,1,0,0,0,1,0,0,0,0,0,0
2.629854,907173,5,0,0,0,0,1,0,0,0,0,0,0,1,1,0,0,1,1,1,0,1,0,0,1
3.095066,908150,5,0,0,0,0,1,0,0,0,0,0,0,1,1,0,0,1,1,1,0,1,0,0,1
2.59111,908152,5,0,0,0,0,1,0,0,0,0,0,0,1,1,0,0,1,1,1,0,1,0,0,1
3.406062,907173,6,0,0,0,1,1,0,0,0,1,0,0,1,1,0,0,1,1,1,0,1,0,0,1
3.154035,908150,6,0,0,0,1,1,0,0,0,1,0,0,1,1,0,0,1,1,1,0,1,0,0,1
3.133817,908152,6,0,0,0,1,1,0,0,0,1,0,0,1,1,0,0,1,1,1,0,1,0,0,1
2.682806,907173,29,0,0,0,0,1,0,0,0,0,1,0,1,1,1,0,1,1,1,1,1,0,0,0
0.782183,908150,29,0,0,0,0,1,0,0,0,0,1,0,1,1,1,0,1,1,1,1,1,0,0,0
0.964176,908152,29,0,0,0,0,1,0,0,0,0,1,0,1,1,1,0,1,1,1,1,1,0,0,0
1.174086,907173,30,0,0,0,1,0,0,0,0,0,0,0,0,1,0,1,0,1,1,0,1,0,0,1
2.30332,908150,30,0,0,0,1,0,0,0,0,0,0,0,0,1,0,1,0,1,1,0,1,0,0,1
2.974963,908152,30,0,0,0,1,0,0,0,0,0,0,0,0,1,0,1,0,1,1,0,1,0,0,1
1.579114,907173,32,0,0,0,0,0,0,0,0,0,0,0,0,0,0,0,0,1,0,0,0,1,0,1
2.254056,908150,32,0,0,0,0,0,0,0,0,0,0,0,0,0,0,0,0,1,0,0,0,1,0,1
2.842929,908152,32,0,0,0,0,0,0,0,0,0,0,0,0,0,0,0,0,1,0,0,0,1,0,1
3.397974,907173,34,0,0,0,0,1,0,0,0,0,0,0,0,1,0,0,0,1,1,0,0,0,0,1
1.953697,908150,34,0,0,0,0,1,0,0,0,0,0,0,0,1,0,0,0,1,1,0,0,0,0,1
3.133872,908152,34,0,0,0,0,1,0,0,0,0,0,0,0,1,0,0,0,1,1,0,0,0,0,1
0.016363,907173,35,0,0,0,0,0,0,0,0,0,0,0,0,0,0,0,0,1,0,0,0,0,0,1
-0.679694,908150,35,0,0,0,0,0,0,0,0,0,0,0,0,0,0,0,0,1,0,0,0,0,0,1
0.985927,908152,35,0,0,0,0,0,0,0,0,0,0,0,0,0,0,0,0,1,0,0,0,0,0,1
2.74356,907173,37,0,0,0,1,0,0,0,0,0,0,0,1,1,0,0,0,1,0,0,0,0,0,0
2.226145,908150,37,0,0,0,1,0,0,0,0,0,0,0,1,1,0,0,0,1,0,0,0,0,0,0
3.116413,908152,37,0,0,0,1,0,0,0,0,0,0,0,1,1,0,0,0,1,0,0,0,0,0,0
1.270719,907173,38,0,1,1,0,1,1,0,1,0,0,1,0,1,0,0,0,1,0,0,0,0,0,1
1.898904,908150,38,0,1,1,0,1,1,0,1,0,0,1,0,1,0,0,0,1,0,0,0,0,0,1
1.07767,908152,38,0,1,1,0,1,1,0,1,0,0,1,0,1,0,0,0,1,0,0,0,0,0,1
-2.581976,907173,51,0,1,0,0,1,0,0,0,0,0,0,0,1,0,0,0,1,1,0,0,0,0,1
-3.040898,908150,51,0,1,0,0,1,0,0,0,0,0,0,0,1,0,0,0,1,1,0,0,0,0,1
1.678484,908152,51,0,1,0,0,1,0,0,0,0,0,0,0,1,0,0,0,1,1,0,0,0,0,1
2.923338,907173,52,0,0,0,0,0,0,0,0,0,1,0,0,1,1,0,0,1,1,0,0,0,0,0
3.01031,908150,52,0,0,0,0,0,0,0,0,0,1,0,0,1,1,0,0,1,1,0,0,0,0,0
2.675413,908152,52,0,0,0,0,0,0,0,0,0,1,0,0,1,1,0,0,1,1,0,0,0,0,0
-2.233399,907173,53,0,0,0,0,0,0,0,0,0,0,0,0,1,0,0,0,1,0,0,0,0,0,0
-2.305724,908150,53,0,0,0,0,0,0,0,0,0,0,0,0,1,0,0,0,1,0,0,0,0,0,0
-0.113812,908152,53,0,0,0,0,0,0,0,0,0,0,0,0,1,0,0,0,1,0,0,0,0,0,0
3.894592,907173,54,0,0,0,0,1,0,0,0,0,0,0,0,1,0,0,0,1,0,0,0,0,0,0
2.50948,908150,54,0,0,0,0,1,0,0,0,0,0,0,0,1,0,0,0,1,0,0,0,0,0,0
3.371871,908152,54,0,0,0,0,1,0,0,0,0,0,0,0,1,0,0,0,1,0,0,0,0,0,0
-0.010899,907173,55,0,0,0,0,1,0,0,0,0,0,0,0,1,1,0,0,1,1,0,1,0,0,1
1.872112,908150,55,0,0,0,0,1,0,0,0,0,0,0,0,1,1,0,0,1,1,0,1,0,0,1
3.432916,908152,55,0,0,0,0,1,0,0,0,0,0,0,0,1,1,0,0,1,1,0,1,0,0,1
-1.736336,907173,56,0,0,0,0,0,1,0,1,0,1,0,0,1,1,0,0,1,0,1,0,0,0,1
-2.360071,908150,56,0,0,0,0,0,1,0,1,0,1,0,0,1,1,0,0,1,0,1,0,0,0,1
1.993346,908152,56,0,0,0,0,0,1,0,1,0,1,0,0,1,1,0,0,1,0,1,0,0,0,1
4.243757,907173,59,0,0,0,0,0,0,0,0,0,0,0,0,0,0,0,0,1,1,0,1,0,0,1
3.279568,908150,59,0,0,0,0,0,0,0,0,0,0,0,0,0,0,0,0,1,1,0,1,0,0,1
4.596436,908152,59,0,0,0,0,0,0,0,0,0,0,0,0,0,0,0,0,1,1,0,1,0,0,1
-1.261796,907173,60,0,0,0,0,0,0,0,0,0,0,0,0,1,0,1,0,1,1,0,1,0,0,1
-1.058311,908150,60,0,0,0,0,0,0,0,0,0,0,0,0,1,0,1,0,1,1,0,1,0,0,1
0.123332,908152,60,0,0,0,0,0,0,0,0,0,0,0,0,1,0,1,0,1,1,0,1,0,0,1
2.062532,907173,63,0,0,0,0,0,1,0,0,1,0,0,0,1,0,0,0,1,1,1,1,0,0,1
2.826174,908150,63,0,0,0,0,0,1,0,0,1,0,0,0,1,0,0,0,1,1,1,1,0,0,1
4.10276,908152,63,0,0,0,0,0,1,0,0,1,0,0,0,1,0,0,0,1,1,1,1,0,0,1
1.247528,907173,64,0,0,0,0,0,0,0,0,0,0,0,1,1,1,0,0,1,0,0,0,0,0,0
3.440086,908150,64,0,0,0,0,0,0,0,0,0,0,0,1,1,1,0,0,1,0,0,0,0,0,0
2.468585,908152,64,0,0,0,0,0,0,0,0,0,0,0,1,1,1,0,0,1,0,0,0,0,0,0
-1.443927,907173,83,0,0,0,0,1,0,0,0,0,1,0,1,1,1,0,0,1,1,0,1,0,0,1
-1.926985,908150,83,0,0,0,0,1,0,0,0,0,1,0,1,1,1,0,0,1,1,0,1,0,0,1
0.175996,908152,83,0,0,0,0,1,0,0,0,0,1,0,1,1,1,0,0,1,1,0,1,0,0,1
0.112862,907173,86,0,0,0,0,1,0,0,0,0,1,0,1,1,1,0,0,1,0,0,0,0,0,0
-0.338894,908150,86,0,0,0,0,1,0,0,0,0,1,0,1,1,1,0,0,1,0,0,0,0,0,0
2.059989,908152,86,0,0,0,0,1,0,0,0,0,1,0,1,1,1,0,0,1,0,0,0,0,0,0
-1.747894,907173,87,0,0,1,0,0,0,1,0,0,0,0,1,1,0,0,0,1,0,0,0,0,0,1
-1.801662,908150,87,0,0,1,0,0,0,1,0,0,0,0,1,1,0,0,0,1,0,0,0,0,0,1
-0.828231,908152,87,0,0,1,0,0,0,1,0,0,0,0,1,1,0,0,0,1,0,0,0,0,0,1
4.316599,907173,91,0,0,1,0,0,0,0,0,0,0,0,0,1,0,0,0,1,0,0,0,0,0,1
4.68566,908150,91,0,0,1,0,0,0,0,0,0,0,0,0,1,0,0,0,1,0,0,0,0,0,1
3.812564,908152,91,0,0,1,0,0,0,0,0,0,0,0,0,1,0,0,0,1,0,0,0,0,0,1
2.098574,907173,106,0,0,0,0,1,0,0,0,0,0,0,0,1,0,0,0,1,1,0,1,0,0,1
1.145122,908150,106,0,0,0,0,1,0,0,0,0,0,0,0,1,0,0,0,1,1,0,1,0,0,1
4.198551,908152,106,0,0,0,0,1,0,0,0,0,0,0,0,1,0,0,0,1,1,0,1,0,0,1
4.90778,907173,110,0,0,0,0,0,0,0,0,0,0,0,0,1,0,0,0,1,0,0,0,0,0,1
4.045472,908150,110,0,0,0,0,0,0,0,0,0,0,0,0,1,0,0,0,1,0,0,0,0,0,1
5.013529,908152,110,0,0,0,0,0,0,0,0,0,0,0,0,1,0,0,0,1,0,0,0,0,0,1
1.555091,907173,119,0,0,0,0,1,0,0,0,0,1,0,0,1,1,0,0,1,1,0,0,0,0,0
2.065964,908150,119,0,0,0,0,1,0,0,0,0,1,0,0,1,1,0,0,1,1,0,0,0,0,0
2.626162,908152,119,0,0,0,0,1,0,0,0,0,1,0,0,1,1,0,0,1,1,0,0,0,0,0
3.086795,907173,152,0,0,1,0,1,0,0,0,0,0,1,0,1,0,0,0,1,0,0,0,1,0,1
3.45121,908150,152,0,0,1,0,1,0,0,0,0,0,1,0,1,0,0,0,1,0,0,0,1,0,1
4.617755,908152,152,0,0,1,0,1,0,0,0,0,0,1,0,1,0,0,0,1,0,0,0,1,0,1
4.273425,908470,152,0,0,1,0,1,0,0,0,0,0,1,0,1,0,0,0,1,0,0,0,1,0,1
3.143144,1240131,152,0,0,1,0,1,0,0,0,0,0,1,0,1,0,0,0,1,0,0,0,1,0,1
3.130672,1240135,152,0,0,1,0,1,0,0,0,0,0,1,0,1,0,0,0,1,0,0,0,1,0,1
2.630511,1240136,152,0,0,1,0,1,0,0,0,0,0,1,0,1,0,0,0,1,0,0,0,1,0,1
1.973065,1240138,152,0,0,1,0,1,0,0,0,0,0,1,0,1,0,0,0,1,0,0,0,1,0,1
1.228242,1240139,152,0,0,1,0,1,0,0,0,0,0,1,0,1,0,0,0,1,0,0,0,1,0,1
4.208319,1240141,152,0,0,1,0,1,0,0,0,0,0,1,0,1,0,0,0,1,0,0,0,1,0,1
4.168279,1290808,152,0,0,1,0,1,0,0,0,0,0,1,0,1,0,0,0,1,0,0,0,1,0,1
3.885474,1290810,152,0,0,1,0,1,0,0,0,0,0,1,0,1,0,0,0,1,0,0,0,1,0,1
0.490607,1290813,152,0,0,1,0,1,0,0,0,0,0,1,0,1,0,0,0,1,0,0,0,1,0,1
3.844172,1290814,152,0,0,1,0,1,0,0,0,0,0,1,0,1,0,0,0,1,0,0,0,1,0,1
-0.072114,907173,153,0,0,0,0,1,0,1,0,0,1,0,1,1,1,0,1,1,1,0,1,0,0,1
-0.651814,908150,153,0,0,0,0,1,0,1,0,0,1,0,1,1,1,0,1,1,1,0,1,0,0,1
1.747694,908152,153,0,0,0,0,1,0,1,0,0,1,0,1,1,1,0,1,1,1,0,1,0,0,1
-1.097115,908470,153,0,0,0,0,1,0,1,0,0,1,0,1,1,1,0,1,1,1,0,1,0,0,1
0.923889,1240131,153,0,0,0,0,1,0,1,0,0,1,0,1,1,1,0,1,1,1,0,1,0,0,1
-1.036594,1240135,153,0,0,0,0,1,0,1,0,0,1,0,1,1,1,0,1,1,1,0,1,0,0,1
-0.343545,1240136,153,0,0,0,0,1,0,1,0,0,1,0,1,1,1,0,1,1,1,0,1,0,0,1
-0.54388,1240138,153,0,0,0,0,1,0,1,0,0,1,0,1,1,1,0,1,1,1,0,1,0,0,1
-0.650965,1240139,153,0,0,0,0,1,0,1,0,0,1,0,1,1,1,0,1,1,1,0,1,0,0,1
0.990313,1240141,153,0,0,0,0,1,0,1,0,0,1,0,1,1,1,0,1,1,1,0,1,0,0,1
-0.818428,1290808,153,0,0,0,0,1,0,1,0,0,1,0,1,1,1,0,1,1,1,0,1,0,0,1
0.048756,1290810,153,0,0,0,0,1,0,1,0,0,1,0,1,1,1,0,1,1,1,0,1,0,0,1
-1.174967,1290813,153,0,0,0,0,1,0,1,0,0,1,0,1,1,1,0,1,1,1,0,1,0,0,1
-1.903185,1290814,153,0,0,0,0,1,0,1,0,0,1,0,1,1,1,0,1,1,1,0,1,0,0,1
-1.569325,907173,155,0,0,0,0,0,0,1,0,0,1,0,1,1,1,0,0,1,1,0,0,0,0,1
-1.591297,908150,155,0,0,0,0,0,0,1,0,0,1,0,1,1,1,0,0,1,1,0,0,0,0,1
1.736926,908152,155,0,0,0,0,0,0,1,0,0,1,0,1,1,1,0,0,1,1,0,0,0,0,1
1.739179,908470,155,0,0,0,0,0,0,1,0,0,1,0,1,1,1,0,0,1,1,0,0,0,0,1
0.36849,1240131,155,0,0,0,0,0,0,1,0,0,1,0,1,1,1,0,0,1,1,0,0,0,0,1
-0.237207,1240135,155,0,0,0,0,0,0,1,0,0,1,0,1,1,1,0,0,1,1,0,0,0,0,1
1.283798,1240136,155,0,0,0,0,0,0,1,0,0,1,0,1,1,1,0,0,1,1,0,0,0,0,1
-0.387822,1240138,155,0,0,0,0,0,0,1,0,0,1,0,1,1,1,0,0,1,1,0,0,0,0,1
1.005828,1240139,155,0,0,0,0,0,0,1,0,0,1,0,1,1,1,0,0,1,1,0,0,0,0,1
2.737158,1240141,155,0,0,0,0,0,0,1,0,0,1,0,1,1,1,0,0,1,1,0,0,0,0,1
-2.688433,1290808,155,0,0,0,0,0,0,1,0,0,1,0,1,1,1,0,0,1,1,0,0,0,0,1
2.642087,1290810,155,0,0,0,0,0,0,1,0,0,1,0,1,1,1,0,0,1,1,0,0,0,0,1
-1.921875,1290813,155,0,0,0,0,0,0,1,0,0,1,0,1,1,1,0,0,1,1,0,0,0,0,1
-1.752144,1290814,155,0,0,0,0,0,0,1,0,0,1,0,1,1,1,0,0,1,1,0,0,0,0,1
0.512094,907173,157,0,0,0,0,0,0,0,0,0,0,0,0,1,0,0,0,1,0,0,0,0,0,0
1.231177,908150,157,0,0,0,0,0,0,0,0,0,0,0,0,1,0,0,0,1,0,0,0,0,0,0
0.837596,908152,157,0,0,0,0,0,0,0,0,0,0,0,0,1,0,0,0,1,0,0,0,0,0,0
-0.765299,908470,157,0,0,0,0,0,0,0,0,0,0,0,0,1,0,0,0,1,0,0,0,0,0,0
-0.198831,1240131,157,0,0,0,0,0,0,0,0,0,0,0,0,1,0,0,0,1,0,0,0,0,0,0
-0.233269,1240135,157,0,0,0,0,0,0,0,0,0,0,0,0,1,0,0,0,1,0,0,0,0,0,0
-0.586059,1240136,157,0,0,0,0,0,0,0,0,0,0,0,0,1,0,0,0,1,0,0,0,0,0,0
-0.183305,1240138,157,0,0,0,0,0,0,0,0,0,0,0,0,1,0,0,0,1,0,0,0,0,0,0
-1.312796,1240139,157,0,0,0,0,0,0,0,0,0,0,0,0,1,0,0,0,1,0,0,0,0,0,0
1.524761,1240141,157,0,0,0,0,0,0,0,0,0,0,0,0,1,0,0,0,1,0,0,0,0,0,0
-3.279837,1290808,157,0,0,0,0,0,0,0,0,0,0,0,0,1,0,0,0,1,0,0,0,0,0,0
0.176139,1290810,157,0,0,0,0,0,0,0,0,0,0,0,0,1,0,0,0,1,0,0,0,0,0,0
-0.128363,1290813,157,0,0,0,0,0,0,0,0,0,0,0,0,1,0,0,0,1,0,0,0,0,0,0
0.994698,1290814,157,0,0,0,0,0,0,0,0,0,0,0,0,1,0,0,0,1,0,0,0,0,0,0
2.401844,907173,158,0,0,0,0,1,0,0,0,0,0,0,0,1,0,0,1,1,0,0,0,0,0,0
3.692496,908150,158,0,0,0,0,1,0,0,0,0,0,0,0,1,0,0,1,1,0,0,0,0,0,0
3.309357,908152,158,0,0,0,0,1,0,0,0,0,0,0,0,1,0,0,1,1,0,0,0,0,0,0
1.832623,908470,158,0,0,0,0,1,0,0,0,0,0,0,0,1,0,0,1,1,0,0,0,0,0,0
3.716548,1240131,158,0,0,0,0,1,0,0,0,0,0,0,0,1,0,0,1,1,0,0,0,0,0,0
2.364037,1240135,158,0,0,0,0,1,0,0,0,0,0,0,0,1,0,0,1,1,0,0,0,0,0,0
1.776977,1240136,158,0,0,0,0,1,0,0,0,0,0,0,0,1,0,0,1,1,0,0,0,0,0,0
1.636367,1240138,158,0,0,0,0,1,0,0,0,0,0,0,0,1,0,0,1,1,0,0,0,0,0,0
1.733314,1240139,158,0,0,0,0,1,0,0,0,0,0,0,0,1,0,0,1,1,0,0,0,0,0,0
4.30354,1240141,158,0,0,0,0,1,0,0,0,0,0,0,0,1,0,0,1,1,0,0,0,0,0,0
3.240195,1290808,158,0,0,0,0,1,0,0,0,0,0,0,0,1,0,0,1,1,0,0,0,0,0,0
3.249266,1290810,158,0,0,0,0,1,0,0,0,0,0,0,0,1,0,0,1,1,0,0,0,0,0,0
3.178688,1290813,158,0,0,0,0,1,0,0,0,0,0,0,0,1,0,0,1,1,0,0,0,0,0,0
3.607109,1290814,158,0,0,0,0,1,0,0,0,0,0,0,0,1,0,0,1,1,0,0,0,0,0,0
-0.14029,907173,159,0,0,0,0,0,0,1,0,0,1,0,1,1,1,0,0,1,1,0,0,0,0,1
-0.515962,908150,159,0,0,0,0,0,0,1,0,0,1,0,1,1,1,0,0,1,1,0,0,0,0,1
4.073879,908152,159,0,0,0,0,0,0,1,0,0,1,0,1,1,1,0,0,1,1,0,0,0,0,1
0.22955,908470,159,0,0,0,0,0,0,1,0,0,1,0,1,1,1,0,0,1,1,0,0,0,0,1
0.290787,1240131,159,0,0,0,0,0,0,1,0,0,1,0,1,1,1,0,0,1,1,0,0,0,0,1
-0.21101,1240135,159,0,0,0,0,0,0,1,0,0,1,0,1,1,1,0,0,1,1,0,0,0,0,1
1.020034,1240136,159,0,0,0,0,0,0,1,0,0,1,0,1,1,1,0,0,1,1,0,0,0,0,1
0.743498,1240138,159,0,0,0,0,0,0,1,0,0,1,0,1,1,1,0,0,1,1,0,0,0,0,1
0.607117,1240139,159,0,0,0,0,0,0,1,0,0,1,0,1,1,1,0,0,1,1,0,0,0,0,1
4.304556,1240141,159,0,0,0,0,0,0,1,0,0,1,0,1,1,1,0,0,1,1,0,0,0,0,1
-2.292401,1290808,159,0,0,0,0,0,0,1,0,0,1,0,1,1,1,0,0,1,1,0,0,0,0,1
1.815008,1290810,159,0,0,0,0,0,0,1,0,0,1,0,1,1,1,0,0,1,1,0,0,0,0,1
-0.69103,1290813,159,0,0,0,0,0,0,1,0,0,1,0,1,1,1,0,0,1,1,0,0,0,0,1
0.520194,1290814,159,0,0,0,0,0,0,1,0,0,1,0,1,1,1,0,0,1,1,0,0,0,0,1
2.653104,907173,167,0,0,0,0,0,0,1,0,0,1,0,1,1,1,0,0,1,0,0,0,0,0,1
2.564734,908150,167,0,0,0,0,0,0,1,0,0,1,0,1,1,1,0,0,1,0,0,0,0,0,1
5.103737,908152,167,0,0,0,0,0,0,1,0,0,1,0,1,1,1,0,0,1,0,0,0,0,0,1
2.919904,908470,167,0,0,0,0,0,0,1,0,0,1,0,1,1,1,0,0,1,0,0,0,0,0,1
3.039393,1240131,167,0,0,0,0,0,0,1,0,0,1,0,1,1,1,0,0,1,0,0,0,0,0,1
2.715469,1240135,167,0,0,0,0,0,0,1,0,0,1,0,1,1,1,0,0,1,0,0,0,0,0,1
2.328288,1240136,167,0,0,0,0,0,0,1,0,0,1,0,1,1,1,0,0,1,0,0,0,0,0,1
3.019906,1240138,167,0,0,0,0,0,0,1,0,0,1,0,1,1,1,0,0,1,0,0,0,0,0,1
1.525583,1240139,167,0,0,0,0,0,0,1,0,0,1,0,1,1,1,0,0,1,0,0,0,0,0,1
2.722973,1240141,167,0,0,0,0,0,0,1,0,0,1,0,1,1,1,0,0,1,0,0,0,0,0,1
1.335652,1290808,167,0,0,0,0,0,0,1,0,0,1,0,1,1,1,0,0,1,0,0,0,0,0,1
3.036106,1290810,167,0,0,0,0,0,0,1,0,0,1,0,1,1,1,0,0,1,0,0,0,0,0,1
2.795722,1290813,167,0,0,0,0,0,0,1,0,0,1,0,1,1,1,0,0,1,0,0,0,0,0,1
5.636194,1290814,167,0,0,0,0,0,0,1,0,0,1,0,1,1,1,0,0,1,0,0,0,0,0,1
3.822552,907173,176,0,0,0,0,0,0,1,0,1,0,1,1,1,0,0,0,1,0,0,0,0,0,0
6.715288,908150,176,0,0,0,0,0,0,1,0,1,0,1,1,1,0,0,0,1,0,0,0,0,0,0
5.28578,908152,176,0,0,0,0,0,0,1,0,1,0,1,1,1,0,0,0,1,0,0,0,0,0,0
6.801548,908470,176,0,0,0,0,0,0,1,0,1,0,1,1,1,0,0,0,1,0,0,0,0,0,0
4.381779,1240131,176,0,0,0,0,0,0,1,0,1,0,1,1,1,0,0,0,1,0,0,0,0,0,0
4.254363,1240135,176,0,0,0,0,0,0,1,0,1,0,1,1,1,0,0,0,1,0,0,0,0,0,0
4.057889,1240136,176,0,0,0,0,0,0,1,0,1,0,1,1,1,0,0,0,1,0,0,0,0,0,0
4.500577,1240138,176,0,0,0,0,0,0,1,0,1,0,1,1,1,0,0,0,1,0,0,0,0,0,0
3.073979,1240139,176,0,0,0,0,0,0,1,0,1,0,1,1,1,0,0,0,1,0,0,0,0,0,0
6.736052,1240141,176,0,0,0,0,0,0,1,0,1,0,1,1,1,0,0,0,1,0,0,0,0,0,0
3.394056,1290808,176,0,0,0,0,0,0,1,0,1,0,1,1,1,0,0,0,1,0,0,0,0,0,0
4.743609,1290810,176,0,0,0,0,0,0,1,0,1,0,1,1,1,0,0,0,1,0,0,0,0,0,0
3.904548,1290813,176,0,0,0,0,0,0,1,0,1,0,1,1,1,0,0,0,1,0,0,0,0,0,0
5.328702,1290814,176,0,0,0,0,0,0,1,0,1,0,1,1,1,0,0,0,1,0,0,0,0,0,0
3.574275,907173,177,0,0,0,0,0,0,1,0,0,1,0,1,1,1,0,0,1,1,0,0,0,0,0
1.863462,908150,177,0,0,0,0,0,0,1,0,0,1,0,1,1,1,0,0,1,1,0,0,0,0,0
5.16282,908152,177,0,0,0,0,0,0,1,0,0,1,0,1,1,1,0,0,1,1,0,0,0,0,0
4.672635,908470,177,0,0,0,0,0,0,1,0,0,1,0,1,1,1,0,0,1,1,0,0,0,0,0
4.111422,1240131,177,0,0,0,0,0,0,1,0,0,1,0,1,1,1,0,0,1,1,0,0,0,0,0
5.550795,1240135,177,0,0,0,0,0,0,1,0,0,1,0,1,1,1,0,0,1,1,0,0,0,0,0
3.706788,1240136,177,0,0,0,0,0,0,1,0,0,1,0,1,1,1,0,0,1,1,0,0,0,0,0
3.811894,1240138,177,0,0,0,0,0,0,1,0,0,1,0,1,1,1,0,0,1,1,0,0,0,0,0
3.075746,1240139,177,0,0,0,0,0,0,1,0,0,1,0,1,1,1,0,0,1,1,0,0,0,0,0
6.128544,1240141,177,0,0,0,0,0,0,1,0,0,1,0,1,1,1,0,0,1,1,0,0,0,0,0
1.384595,1290808,177,0,0,0,0,0,0,1,0,0,1,0,1,1,1,0,0,1,1,0,0,0,0,0
4.529784,1290810,177,0,0,0,0,0,0,1,0,0,1,0,1,1,1,0,0,1,1,0,0,0,0,0
5.308134,1290813,177,0,0,0,0,0,0,1,0,0,1,0,1,1,1,0,0,1,1,0,0,0,0,0
5.683353,1290814,177,0,0,0,0,0,0,1,0,0,1,0,1,1,1,0,0,1,1,0,0,0,0,0
3.749953,907173,178,0,0,1,0,0,0,0,0,0,0,1,0,1,0,0,0,1,1,0,0,0,0,1
0.588472,908150,178,0,0,1,0,0,0,0,0,0,0,1,0,1,0,0,0,1,1,0,0,0,0,1
4.504402,908152,178,0,0,1,0,0,0,0,0,0,0,1,0,1,0,0,0,1,1,0,0,0,0,1
1.709068,908470,178,0,0,1,0,0,0,0,0,0,0,1,0,1,0,0,0,1,1,0,0,0,0,1
3.114917,1240131,178,0,0,1,0,0,0,0,0,0,0,1,0,1,0,0,0,1,1,0,0,0,0,1
1.68188,1240135,178,0,0,1,0,0,0,0,0,0,0,1,0,1,0,0,0,1,1,0,0,0,0,1
1.701954,1240136,178,0,0,1,0,0,0,0,0,0,0,1,0,1,0,0,0,1,1,0,0,0,0,1
2.498129,1240138,178,0,0,1,0,0,0,0,0,0,0,1,0,1,0,0,0,1,1,0,0,0,0,1
0.220071,1240139,178,0,0,1,0,0,0,0,0,0,0,1,0,1,0,0,0,1,1,0,0,0,0,1
5.365943,1240141,178,0,0,1,0,0,0,0,0,0,0,1,0,1,0,0,0,1,1,0,0,0,0,1
-1.742112,1290808,178,0,0,1,0,0,0,0,0,0,0,1,0,1,0,0,0,1,1,0,0,0,0,1
4.468358,1290810,178,0,0,1,0,0,0,0,0,0,0,1,0,1,0,0,0,1,1,0,0,0,0,1
2.559321,1290813,178,0,0,1,0,0,0,0,0,0,0,1,0,1,0,0,0,1,1,0,0,0,0,1
4.115906,1290814,178,0,0,1,0,0,0,0,0,0,0,1,0,1,0,0,0,1,1,0,0,0,0,1
0.633003,907173,184,0,0,0,0,0,0,0,0,0,0,0,0,0,0,0,0,1,0,0,0,1,0,1
0.589876,908150,184,0,0,0,0,0,0,0,0,0,0,0,0,0,0,0,0,1,0,0,0,1,0,1
3.380732,908152,184,0,0,0,0,0,0,0,0,0,0,0,0,0,0,0,0,1,0,0,0,1,0,1
1.721414,908470,184,0,0,0,0,0,0,0,0,0,0,0,0,0,0,0,0,1,0,0,0,1,0,1
3.164863,1240131,184,0,0,0,0,0,0,0,0,0,0,0,0,0,0,0,0,1,0,0,0,1,0,1
1.162919,1240135,184,0,0,0,0,0,0,0,0,0,0,0,0,0,0,0,0,1,0,0,0,1,0,1
0.950442,1240136,184,0,0,0,0,0,0,0,0,0,0,0,0,0,0,0,0,1,0,0,0,1,0,1
-0.752778,1240138,184,0,0,0,0,0,0,0,0,0,0,0,0,0,0,0,0,1,0,0,0,1,0,1
0.640218,1240139,184,0,0,0,0,0,0,0,0,0,0,0,0,0,0,0,0,1,0,0,0,1,0,1
4.148951,1240141,184,0,0,0,0,0,0,0,0,0,0,0,0,0,0,0,0,1,0,0,0,1,0,1
0.571196,1290808,184,0,0,0,0,0,0,0,0,0,0,0,0,0,0,0,0,1,0,0,0,1,0,1
1.109365,1290810,184,0,0,0,0,0,0,0,0,0,0,0,0,0,0,0,0,1,0,0,0,1,0,1
1.328056,1290813,184,0,0,0,0,0,0,0,0,0,0,0,0,0,0,0,0,1,0,0,0,1,0,1
2.775931,1290814,184,0,0,0,0,0,0,0,0,0,0,0,0,0,0,0,0,1,0,0,0,1,0,1
1.737326,907173,185,0,0,0,0,1,0,0,0,0,0,0,0,1,1,0,0,1,0,0,0,0,0,1
2.093834,908150,185,0,0,0,0,1,0,0,0,0,0,0,0,1,1,0,0,1,0,0,0,0,0,1
3.380732,908152,185,0,0,0,0,1,0,0,0,0,0,0,0,1,1,0,0,1,0,0,0,0,0,1
1.656869,908470,185,0,0,0,0,1,0,0,0,0,0,0,0,1,1,0,0,1,0,0,0,0,0,1
3.847831,1240131,185,0,0,0,0,1,0,0,0,0,0,0,0,1,1,0,0,1,0,0,0,0,0,1
1.379343,1240135,185,0,0,0,0,1,0,0,0,0,0,0,0,1,1,0,0,1,0,0,0,0,0,1
3.666636,1240136,185,0,0,0,0,1,0,0,0,0,0,0,0,1,1,0,0,1,0,0,0,0,0,1
-0.023797,1240138,185,0,0,0,0,1,0,0,0,0,0,0,0,1,1,0,0,1,0,0,0,0,0,1
2.26261,1240139,185,0,0,0,0,1,0,0,0,0,0,0,0,1,1,0,0,1,0,0,0,0,0,1
4.148438,1240141,185,0,0,0,0,1,0,0,0,0,0,0,0,1,1,0,0,1,0,0,0,0,0,1
2.258425,1290808,185,0,0,0,0,1,0,0,0,0,0,0,0,1,1,0,0,1,0,0,0,0,0,1
2.539219,1290810,185,0,0,0,0,1,0,0,0,0,0,0,0,1,1,0,0,1,0,0,0,0,0,1
1.298978,1290813,185,0,0,0,0,1,0,0,0,0,0,0,0,1,1,0,0,1,0,0,0,0,0,1
3.37296,1290814,185,0,0,0,0,1,0,0,0,0,0,0,0,1,1,0,0,1,0,0,0,0,0,1
3.5847,907173,192,0,0,0,0,0,0,0,0,0,0,0,0,0,0,0,0,1,0,0,0,0,0,0
5.967359,908150,192,0,0,0,0,0,0,0,0,0,0,0,0,0,0,0,0,1,0,0,0,0,0,0
5.13995,908152,192,0,0,0,0,0,0,0,0,0,0,0,0,0,0,0,0,1,0,0,0,0,0,0
5.857644,908470,192,0,0,0,0,0,0,0,0,0,0,0,0,0,0,0,0,1,0,0,0,0,0,0
5.664055,1240131,192,0,0,0,0,0,0,0,0,0,0,0,0,0,0,0,0,1,0,0,0,0,0,0
5.478797,1240135,192,0,0,0,0,0,0,0,0,0,0,0,0,0,0,0,0,1,0,0,0,0,0,0
4.881463,1240136,192,0,0,0,0,0,0,0,0,0,0,0,0,0,0,0,0,1,0,0,0,0,0,0
4.97524,1240138,192,0,0,0,0,0,0,0,0,0,0,0,0,0,0,0,0,1,0,0,0,0,0,0
3.919932,1240139,192,0,0,0,0,0,0,0,0,0,0,0,0,0,0,0,0,1,0,0,0,0,0,0
5.236104,1240141,192,0,0,0,0,0,0,0,0,0,0,0,0,0,0,0,0,1,0,0,0,0,0,0
4.316206,1290808,192,0,0,0,0,0,0,0,0,0,0,0,0,0,0,0,0,1,0,0,0,0,0,0
4.712442,1290810,192,0,0,0,0,0,0,0,0,0,0,0,0,0,0,0,0,1,0,0,0,0,0,0
3.026189,1290813,192,0,0,0,0,0,0,0,0,0,0,0,0,0,0,0,0,1,0,0,0,0,0,0
5.568789,1290814,192,0,0,0,0,0,0,0,0,0,0,0,0,0,0,0,0,1,0,0,0,0,0,0
5.315985,907173,193,0,0,1,0,0,0,0,0,0,0,1,0,1,1,0,0,1,0,0,0,0,0,0
5.386938,908150,193,0,0,1,0,0,0,0,0,0,0,1,0,1,1,0,0,1,0,0,0,0,0,0
5.198442,908152,193,0,0,1,0,0,0,0,0,0,0,1,0,1,1,0,0,1,0,0,0,0,0,0
6.347194,908470,193,0,0,1,0,0,0,0,0,0,0,1,0,1,1,0,0,1,0,0,0,0,0,0
6.286299,1240131,193,0,0,1,0,0,0,0,0,0,0,1,0,1,1,0,0,1,0,0,0,0,0,0
5.179362,1240135,193,0,0,1,0,0,0,0,0,0,0,1,0,1,1,0,0,1,0,0,0,0,0,0
5.123847,1240136,193,0,0,1,0,0,0,0,0,0,0,1,0,1,1,0,0,1,0,0,0,0,0,0
5.658691,1240138,193,0,0,1,0,0,0,0,0,0,0,1,0,1,1,0,0,1,0,0,0,0,0,0
2.790632,1240139,193,0,0,1,0,0,0,0,0,0,0,1,0,1,1,0,0,1,0,0,0,0,0,0
6.415292,1240141,193,0,0,1,0,0,0,0,0,0,0,1,0,1,1,0,0,1,0,0,0,0,0,0
5.403029,1290808,193,0,0,1,0,0,0,0,0,0,0,1,0,1,1,0,0,1,0,0,0,0,0,0
6.299195,1290810,193,0,0,1,0,0,0,0,0,0,0,1,0,1,1,0,0,1,0,0,0,0,0,0
5.423109,1290813,193,0,0,1,0,0,0,0,0,0,0,1,0,1,1,0,0,1,0,0,0,0,0,0
5.788512,1290814,193,0,0,1,0,0,0,0,0,0,0,1,0,1,1,0,0,1,0,0,0,0,0,0
2.678741,907173,199,0,0,0,0,1,0,0,0,0,0,0,0,1,0,0,0,1,0,0,0,0,1,0
1.396534,908150,199,0,0,0,0,1,0,0,0,0,0,0,0,1,0,0,0,1,0,0,0,0,1,0
3.433413,908152,199,0,0,0,0,1,0,0,0,0,0,0,0,1,0,0,0,1,0,0,0,0,1,0
5.086016,908470,199,0,0,0,0,1,0,0,0,0,0,0,0,1,0,0,0,1,0,0,0,0,1,0
1.774503,1240131,199,0,0,0,0,1,0,0,0,0,0,0,0,1,0,0,0,1,0,0,0,0,1,0
2.567604,1240135,199,0,0,0,0,1,0,0,0,0,0,0,0,1,0,0,0,1,0,0,0,0,1,0
3.269021,1240136,199,0,0,0,0,1,0,0,0,0,0,0,0,1,0,0,0,1,0,0,0,0,1,0
2.493082,1240138,199,0,0,0,0,1,0,0,0,0,0,0,0,1,0,0,0,1,0,0,0,0,1,0
3.792835,1240139,199,0,0,0,0,1,0,0,0,0,0,0,0,1,0,0,0,1,0,0,0,0,1,0
3.097633,1240141,199,0,0,0,0,1,0,0,0,0,0,0,0,1,0,0,0,1,0,0,0,0,1,0
-0.293608,1290808,199,0,0,0,0,1,0,0,0,0,0,0,0,1,0,0,0,1,0,0,0,0,1,0
2.313483,1290810,199,0,0,0,0,1,0,0,0,0,0,0,0,1,0,0,0,1,0,0,0,0,1,0
2.485529,1290813,199,0,0,0,0,1,0,0,0,0,0,0,0,1,0,0,0,1,0,0,0,0,1,0
3.970247,1290814,199,0,0,0,0,1,0,0,0,0,0,0,0,1,0,0,0,1,0,0,0,0,1,0
2.305052,907173,202,0,0,0,0,1,1,0,0,0,1,1,0,1,1,0,0,1,1,0,0,0,0,1
3.135075,908150,202,0,0,0,0,1,1,0,0,0,1,1,0,1,1,0,0,1,1,0,0,0,0,1
2.44897,908152,202,0,0,0,0,1,1,0,0,0,1,1,0,1,1,0,0,1,1,0,0,0,0,1
1.558266,908470,202,0,0,0,0,1,1,0,0,0,1,1,0,1,1,0,0,1,1,0,0,0,0,1
2.879734,1240131,202,0,0,0,0,1,1,0,0,0,1,1,0,1,1,0,0,1,1,0,0,0,0,1
2.382325,1240135,202,0,0,0,0,1,1,0,0,0,1,1,0,1,1,0,0,1,1,0,0,0,0,1
2.737786,1240136,202,0,0,0,0,1,1,0,0,0,1,1,0,1,1,0,0,1,1,0,0,0,0,1
1.486742,1240138,202,0,0,0,0,1,1,0,0,0,1,1,0,1,1,0,0,1,1,0,0,0,0,1
2.168932,1240139,202,0,0,0,0,1,1,0,0,0,1,1,0,1,1,0,0,1,1,0,0,0,0,1
0.887198,1240141,202,0,0,0,0,1,1,0,0,0,1,1,0,1,1,0,0,1,1,0,0,0,0,1
1.245896,1290808,202,0,0,0,0,1,1,0,0,0,1,1,0,1,1,0,0,1,1,0,0,0,0,1
2.595025,1290810,202,0,0,0,0,1,1,0,0,0,1,1,0,1,1,0,0,1,1,0,0,0,0,1
2.241177,1290813,202,0,0,0,0,1,1,0,0,0,1,1,0,1,1,0,0,1,1,0,0,0,0,1
2.836481,1290814,202,0,0,0,0,1,1,0,0,0,1,1,0,1,1,0,0,1,1,0,0,0,0,1
3.704922,907173,203,0,0,0,0,0,0,0,0,0,0,0,0,1,0,0,0,1,0,0,0,0,0,1
4.788369,908150,203,0,0,0,0,0,0,0,0,0,0,0,0,1,0,0,0,1,0,0,0,0,0,1
4.170688,908152,203,0,0,0,0,0,0,0,0,0,0,0,0,1,0,0,0,1,0,0,0,0,0,1
4.635687,908470,203,0,0,0,0,0,0,0,0,0,0,0,0,1,0,0,0,1,0,0,0,0,0,1
3.758079,1240131,203,0,0,0,0,0,0,0,0,0,0,0,0,1,0,0,0,1,0,0,0,0,0,1
3.262961,1240135,203,0,0,0,0,0,0,0,0,0,0,0,0,1,0,0,0,1,0,0,0,0,0,1
3.603006,1240136,203,0,0,0,0,0,0,0,0,0,0,0,0,1,0,0,0,1,0,0,0,0,0,1
3.005721,1240138,203,0,0,0,0,0,0,0,0,0,0,0,0,1,0,0,0,1,0,0,0,0,0,1
2.686777,1240139,203,0,0,0,0,0,0,0,0,0,0,0,0,1,0,0,0,1,0,0,0,0,0,1
4.361948,1240141,203,0,0,0,0,0,0,0,0,0,0,0,0,1,0,0,0,1,0,0,0,0,0,1
4.804799,1290808,203,0,0,0,0,0,0,0,0,0,0,0,0,1,0,0,0,1,0,0,0,0,0,1
6.083415,1290810,203,0,0,0,0,0,0,0,0,0,0,0,0,1,0,0,0,1,0,0,0,0,0,1
2.595677,1290813,203,0,0,0,0,0,0,0,0,0,0,0,0,1,0,0,0,1,0,0,0,0,0,1
4.611288,1290814,203,0,0,0,0,0,0,0,0,0,0,0,0,1,0,0,0,1,0,0,0,0,0,1
4.284487,907173,206,0,0,0,0,0,0,0,0,0,0,0,0,1,0,0,0,1,0,0,0,0,0,0
4.988178,908150,206,0,0,0,0,0,0,0,0,0,0,0,0,1,0,0,0,1,0,0,0,0,0,0
4.085879,908152,206,0,0,0,0,0,0,0,0,0,0,0,0,1,0,0,0,1,0,0,0,0,0,0
4.786733,908470,206,0,0,0,0,0,0,0,0,0,0,0,0,1,0,0,0,1,0,0,0,0,0,0
4.736713,1240131,206,0,0,0,0,0,0,0,0,0,0,0,0,1,0,0,0,1,0,0,0,0,0,0
4.097085,1240135,206,0,0,0,0,0,0,0,0,0,0,0,0,1,0,0,0,1,0,0,0,0,0,0
3.535364,1240136,206,0,0,0,0,0,0,0,0,0,0,0,0,1,0,0,0,1,0,0,0,0,0,0
3.800927,1240138,206,0,0,0,0,0,0,0,0,0,0,0,0,1,0,0,0,1,0,0,0,0,0,0
3.326848,1240139,206,0,0,0,0,0,0,0,0,0,0,0,0,1,0,0,0,1,0,0,0,0,0,0
5.05754,1240141,206,0,0,0,0,0,0,0,0,0,0,0,0,1,0,0,0,1,0,0,0,0,0,0
4.412103,1290808,206,0,0,0,0,0,0,0,0,0,0,0,0,1,0,0,0,1,0,0,0,0,0,0
4.94252,1290810,206,0,0,0,0,0,0,0,0,0,0,0,0,1,0,0,0,1,0,0,0,0,0,0
2.71993,1290813,206,0,0,0,0,0,0,0,0,0,0,0,0,1,0,0,0,1,0,0,0,0,0,0
4.471136,1290814,206,0,0,0,0,0,0,0,0,0,0,0,0,1,0,0,0,1,0,0,0,0,0,0
1.876296,907173,207,0,0,0,0,0,0,0,0,0,0,0,0,1,0,0,0,1,0,0,0,0,0,0
1.630936,908150,207,0,0,0,0,0,0,0,0,0,0,0,0,1,0,0,0,1,0,0,0,0,0,0
3.203053,908152,207,0,0,0,0,0,0,0,0,0,0,0,0,1,0,0,0,1,0,0,0,0,0,0
1.465226,908470,207,0,0,0,0,0,0,0,0,0,0,0,0,1,0,0,0,1,0,0,0,0,0,0
2.313904,1240131,207,0,0,0,0,0,0,0,0,0,0,0,0,1,0,0,0,1,0,0,0,0,0,0
1.452282,1240135,207,0,0,0,0,0,0,0,0,0,0,0,0,1,0,0,0,1,0,0,0,0,0,0
1.403163,1240136,207,0,0,0,0,0,0,0,0,0,0,0,0,1,0,0,0,1,0,0,0,0,0,0
1.098232,1240138,207,0,0,0,0,0,0,0,0,0,0,0,0,1,0,0,0,1,0,0,0,0,0,0
1.809588,1240139,207,0,0,0,0,0,0,0,0,0,0,0,0,1,0,0,0,1,0,0,0,0,0,0
5.448474,1240141,207,0,0,0,0,0,0,0,0,0,0,0,0,1,0,0,0,1,0,0,0,0,0,0
2.050014,1290808,207,0,0,0,0,0,0,0,0,0,0,0,0,1,0,0,0,1,0,0,0,0,0,0
2.496954,1290810,207,0,0,0,0,0,0,0,0,0,0,0,0,1,0,0,0,1,0,0,0,0,0,0
3.054106,1290813,207,0,0,0,0,0,0,0,0,0,0,0,0,1,0,0,0,1,0,0,0,0,0,0
4.990206,1290814,207,0,0,0,0,0,0,0,0,0,0,0,0,1,0,0,0,1,0,0,0,0,0,0
2.733822,907173,219,0,0,0,1,0,0,0,0,0,0,0,0,1,0,0,1,1,0,0,1,0,0,1
4.246397,908150,219,0,0,0,1,0,0,0,0,0,0,0,0,1,0,0,1,1,0,0,1,0,0,1
2.139988,908152,219,0,0,0,1,0,0,0,0,0,0,0,0,1,0,0,1,1,0,0,1,0,0,1
4.863127,908470,219,0,0,0,1,0,0,0,0,0,0,0,0,1,0,0,1,1,0,0,1,0,0,1
2.794303,1240131,219,0,0,0,1,0,0,0,0,0,0,0,0,1,0,0,1,1,0,0,1,0,0,1
4.533828,1240135,219,0,0,0,1,0,0,0,0,0,0,0,0,1,0,0,1,1,0,0,1,0,0,1
2.116938,1240136,219,0,0,0,1,0,0,0,0,0,0,0,0,1,0,0,1,1,0,0,1,0,0,1
1.162581,1240138,219,0,0,0,1,0,0,0,0,0,0,0,0,1,0,0,1,1,0,0,1,0,0,1
2.209905,1240139,219,0,0,0,1,0,0,0,0,0,0,0,0,1,0,0,1,1,0,0,1,0,0,1
3.748899,1240141,219,0,0,0,1,0,0,0,0,0,0,0,0,1,0,0,1,1,0,0,1,0,0,1
1.809903,1290808,219,0,0,0,1,0,0,0,0,0,0,0,0,1,0,0,1,1,0,0,1,0,0,1
2.813934,1290810,219,0,0,0,1,0,0,0,0,0,0,0,0,1,0,0,1,1,0,0,1,0,0,1
1.478868,1290813,219,0,0,0,1,0,0,0,0,0,0,0,0,1,0,0,1,1,0,0,1,0,0,1
3.68406,1290814,219,0,0,0,1,0,0,0,0,0,0,0,0,1,0,0,1,1,0,0,1,0,0,1
5.086667,907173,221,0,0,0,0,0,0,0,0,0,1,0,0,1,1,0,0,1,1,1,0,0,0,0
6.032585,908150,221,0,0,0,0,0,0,0,0,0,1,0,0,1,1,0,0,1,1,1,0,0,0,0
4.549448,908152,221,0,0,0,0,0,0,0,0,0,1,0,0,1,1,0,0,1,1,1,0,0,0,0
5.566276,908470,221,0,0,0,0,0,0,0,0,0,1,0,0,1,1,0,0,1,1,1,0,0,0,0
5.301285,1240131,221,0,0,0,0,0,0,0,0,0,1,0,0,1,1,0,0,1,1,1,0,0,0,0
4.863138,1240135,221,0,0,0,0,0,0,0,0,0,1,0,0,1,1,0,0,1,1,1,0,0,0,0
5.933459,1240136,221,0,0,0,0,0,0,0,0,0,1,0,0,1,1,0,0,1,1,1,0,0,0,0
6.312758,1240138,221,0,0,0,0,0,0,0,0,0,1,0,0,1,1,0,0,1,1,1,0,0,0,0
4.35269,1240139,221,0,0,0,0,0,0,0,0,0,1,0,0,1,1,0,0,1,1,1,0,0,0,0
5.88851,1240141,221,0,0,0,0,0,0,0,0,0,1,0,0,1,1,0,0,1,1,1,0,0,0,0
5.461736,1290808,221,0,0,0,0,0,0,0,0,0,1,0,0,1,1,0,0,1,1,1,0,0,0,0
6.257327,1290810,221,0,0,0,0,0,0,0,0,0,1,0,0,1,1,0,0,1,1,1,0,0,0,0
4.024437,1290813,221,0,0,0,0,0,0,0,0,0,1,0,0,1,1,0,0,1,1,1,0,0,0,0
4.892568,1290814,221,0,0,0,0,0,0,0,0,0,1,0,0,1,1,0,0,1,1,1,0,0,0,0
3.450665,907173,222,0,0,0,0,0,0,0,0,0,0,0,0,0,0,0,0,1,0,0,1,0,0,1
3.929133,908150,222,0,0,0,0,0,0,0,0,0,0,0,0,0,0,0,0,1,0,0,1,0,0,1
3.551192,908152,222,0,0,0,0,0,0,0,0,0,0,0,0,0,0,0,0,1,0,0,1,0,0,1
5.208793,908470,222,0,0,0,0,0,0,0,0,0,0,0,0,0,0,0,0,1,0,0,1,0,0,1
3.66098,1240131,222,0,0,0,0,0,0,0,0,0,0,0,0,0,0,0,0,1,0,0,1,0,0,1
4.063148,1240135,222,0,0,0,0,0,0,0,0,0,0,0,0,0,0,0,0,1,0,0,1,0,0,1
2.395943,1240136,222,0,0,0,0,0,0,0,0,0,0,0,0,0,0,0,0,1,0,0,1,0,0,1
1.522944,1240138,222,0,0,0,0,0,0,0,0,0,0,0,0,0,0,0,0,1,0,0,1,0,0,1
4.382173,1240139,222,0,0,0,0,0,0,0,0,0,0,0,0,0,0,0,0,1,0,0,1,0,0,1
4.982731,1240141,222,0,0,0,0,0,0,0,0,0,0,0,0,0,0,0,0,1,0,0,1,0,0,1
4.123668,1290808,222,0,0,0,0,0,0,0,0,0,0,0,0,0,0,0,0,1,0,0,1,0,0,1
4.761842,1290810,222,0,0,0,0,0,0,0,0,0,0,0,0,0,0,0,0,1,0,0,1,0,0,1
0.039369,1290813,222,0,0,0,0,0,0,0,0,0,0,0,0,0,0,0,0,1,0,0,1,0,0,1
3.890009,1290814,222,0,0,0,0,0,0,0,0,0,0,0,0,0,0,0,0,1,0,0,1,0,0,1
3.015888,907173,226,0,0,0,0,0,0,0,0,0,1,0,1,1,1,0,0,1,0,0,1,0,0,0
4.265669,908150,226,0,0,0,0,0,0,0,0,0,1,0,1,1,1,0,0,1,0,0,1,0,0,0
3.435397,908152,226,0,0,0,0,0,0,0,0,0,1,0,1,1,1,0,0,1,0,0,1,0,0,0
3.329256,908470,226,0,0,0,0,0,0,0,0,0,1,0,1,1,1,0,0,1,0,0,1,0,0,0
2.25059,1240131,226,0,0,0,0,0,0,0,0,0,1,0,1,1,1,0,0,1,0,0,1,0,0,0
3.782767,1240135,226,0,0,0,0,0,0,0,0,0,1,0,1,1,1,0,0,1,0,0,1,0,0,0
2.354195,1240136,226,0,0,0,0,0,0,0,0,0,1,0,1,1,1,0,0,1,0,0,1,0,0,0
1.445914,1240138,226,0,0,0,0,0,0,0,0,0,1,0,1,1,1,0,0,1,0,0,1,0,0,0
1.993715,1240139,226,0,0,0,0,0,0,0,0,0,1,0,1,1,1,0,0,1,0,0,1,0,0,0
4.489454,1240141,226,0,0,0,0,0,0,0,0,0,1,0,1,1,1,0,0,1,0,0,1,0,0,0
3.799738,1290808,226,0,0,0,0,0,0,0,0,0,1,0,1,1,1,0,0,1,0,0,1,0,0,0
3.930181,1290810,226,0,0,0,0,0,0,0,0,0,1,0,1,1,1,0,0,1,0,0,1,0,0,0
0.060568,1290813,226,0,0,0,0,0,0,0,0,0,1,0,1,1,1,0,0,1,0,0,1,0,0,0
2.831902,1290814,226,0,0,0,0,0,0,0,0,0,1,0,1,1,1,0,0,1,0,0,1,0,0,0
3.406647,907173,229,0,0,0,0,1,0,0,0,0,0,0,1,1,1,0,1,1,0,0,0,0,0,1
5.376119,908150,229,0,0,0,0,1,0,0,0,0,0,0,1,1,1,0,1,1,0,0,0,0,0,1
5.420772,908152,229,0,0,0,0,1,0,0,0,0,0,0,1,1,1,0,1,1,0,0,0,0,0,1
4.155711,908470,229,0,0,0,0,1,0,0,0,0,0,0,1,1,1,0,1,1,0,0,0,0,0,1
4.361869,1240131,229,0,0,0,0,1,0,0,0,0,0,0,1,1,1,0,1,1,0,0,0,0,0,1
2.644462,1240135,229,0,0,0,0,1,0,0,0,0,0,0,1,1,1,0,1,1,0,0,0,0,0,1
-0.240115,1240136,229,0,0,0,0,1,0,0,0,0,0,0,1,1,1,0,1,1,0,0,0,0,0,1
1.932285,1240138,229,0,0,0,0,1,0,0,0,0,0,0,1,1,1,0,1,1,0,0,0,0,0,1
3.818877,1240139,229,0,0,0,0,1,0,0,0,0,0,0,1,1,1,0,1,1,0,0,0,0,0,1
3.764041,1240141,229,0,0,0,0,1,0,0,0,0,0,0,1,1,1,0,1,1,0,0,0,0,0,1
4.750702,1290808,229,0,0,0,0,1,0,0,0,0,0,0,1,1,1,0,1,1,0,0,0,0,0,1
2.125057,1290810,229,0,0,0,0,1,0,0,0,0,0,0,1,1,1,0,1,1,0,0,0,0,0,1
3.12599,1290813,229,0,0,0,0,1,0,0,0,0,0,0,1,1,1,0,1,1,0,0,0,0,0,1
4.697462,1290814,229,0,0,0,0,1,0,0,0,0,0,0,1,1,1,0,1,1,0,0,0,0,0,1
5.190628,907173,230,0,0,0,0,1,0,0,0,0,0,0,1,1,1,0,0,1,0,0,0,0,0,0
5.480284,908150,230,0,0,0,0,1,0,0,0,0,0,0,1,1,1,0,0,1,0,0,0,0,0,0
5.433953,908152,230,0,0,0,0,1,0,0,0,0,0,0,1,1,1,0,0,1,0,0,0,0,0,0
5.679222,908470,230,0,0,0,0,1,0,0,0,0,0,0,1,1,1,0,0,1,0,0,0,0,0,0
4.704154,1240131,230,0,0,0,0,1,0,0,0,0,0,0,1,1,1,0,0,1,0,0,0,0,0,0
5.425887,1240135,230,0,0,0,0,1,0,0,0,0,0,0,1,1,1,0,0,1,0,0,0,0,0,0
4.834789,1240136,230,0,0,0,0,1,0,0,0,0,0,0,1,1,1,0,0,1,0,0,0,0,0,0
2.696474,1240138,230,0,0,0,0,1,0,0,0,0,0,0,1,1,1,0,0,1,0,0,0,0,0,0
5.349395,1240139,230,0,0,0,0,1,0,0,0,0,0,0,1,1,1,0,0,1,0,0,0,0,0,0
5.601171,1240141,230,0,0,0,0,1,0,0,0,0,0,0,1,1,1,0,0,1,0,0,0,0,0,0
5.35378,1290808,230,0,0,0,0,1,0,0,0,0,0,0,1,1,1,0,0,1,0,0,0,0,0,0
5.277106,1290810,230,0,0,0,0,1,0,0,0,0,0,0,1,1,1,0,0,1,0,0,0,0,0,0
4.090999,1290813,230,0,0,0,0,1,0,0,0,0,0,0,1,1,1,0,0,1,0,0,0,0,0,0
4.935778,1290814,230,0,0,0,0,1,0,0,0,0,0,0,1,1,1,0,0,1,0,0,0,0,0,0
5.303049,908152,231,0,0,0,0,0,0,0,0,0,0,0,1,1,1,0,0,1,0,0,0,0,0,0
5.238687,1290808,231,0,0,0,0,0,0,0,0,0,0,0,1,1,1,0,0,1,0,0,0,0,0,0
5.755034,1290810,231,0,0,0,0,0,0,0,0,0,0,0,1,1,1,0,0,1,0,0,0,0,0,0
4.622738,1290813,231,0,0,0,0,0,0,0,0,0,0,0,1,1,1,0,0,1,0,0,0,0,0,0
5.32057,1290814,231,0,0,0,0,0,0,0,0,0,0,0,1,1,1,0,0,1,0,0,0,0,0,0
2.253558,907173,235,0,0,0,0,1,0,0,0,0,1,0,1,1,1,0,0,1,1,0,1,0,0,0
2.495363,908150,235,0,0,0,0,1,0,0,0,0,1,0,1,1,1,0,0,1,1,0,1,0,0,0
4.507606,908152,235,0,0,0,0,1,0,0,0,0,1,0,1,1,1,0,0,1,1,0,1,0,0,0
3.869674,908470,235,0,0,0,0,1,0,0,0,0,1,0,1,1,1,0,0,1,1,0,1,0,0,0
3.034364,1240131,235,0,0,0,0,1,0,0,0,0,1,0,1,1,1,0,0,1,1,0,1,0,0,0
2.644074,1240135,235,0,0,0,0,1,0,0,0,0,1,0,1,1,1,0,0,1,1,0,1,0,0,0
2.275492,1240136,235,0,0,0,0,1,0,0,0,0,1,0,1,1,1,0,0,1,1,0,1,0,0,0
1.364962,1240138,235,0,0,0,0,1,0,0,0,0,1,0,1,1,1,0,0,1,1,0,1,0,0,0
1.136248,1240139,235,0,0,0,0,1,0,0,0,0,1,0,1,1,1,0,0,1,1,0,1,0,0,0
3.071222,1240141,235,0,0,0,0,1,0,0,0,0,1,0,1,1,1,0,0,1,1,0,1,0,0,0
4.528959,1290808,235,0,0,0,0,1,0,0,0,0,1,0,1,1,1,0,0,1,1,0,1,0,0,0
2.530265,1290810,235,0,0,0,0,1,0,0,0,0,1,0,1,1,1,0,0,1,1,0,1,0,0,0
-0.028871,1290813,235,0,0,0,0,1,0,0,0,0,1,0,1,1,1,0,0,1,1,0,1,0,0,0
3.562892,1290814,235,0,0,0,0,1,0,0,0,0,1,0,1,1,1,0,0,1,1,0,1,0,0,0
1.753824,907173,249,0,0,1,0,1,0,0,0,0,0,1,0,1,0,0,0,1,0,0,0,0,0,0
1.031259,908150,249,0,0,1,0,1,0,0,0,0,0,1,0,1,0,0,0,1,0,0,0,0,0,0
3.843245,908152,249,0,0,1,0,1,0,0,0,0,0,1,0,1,0,0,0,1,0,0,0,0,0,0
4.098107,908470,249,0,0,1,0,1,0,0,0,0,0,1,0,1,0,0,0,1,0,0,0,0,0,0
2.882762,1240131,249,0,0,1,0,1,0,0,0,0,0,1,0,1,0,0,0,1,0,0,0,0,0,0
1.746791,1240135,249,0,0,1,0,1,0,0,0,0,0,1,0,1,0,0,0,1,0,0,0,0,0,0
2.688508,1240136,249,0,0,1,0,1,0,0,0,0,0,1,0,1,0,0,0,1,0,0,0,0,0,0
2.137878,1240138,249,0,0,1,0,1,0,0,0,0,0,1,0,1,0,0,0,1,0,0,0,0,0,0
4.983868,1240141,249,0,0,1,0,1,0,0,0,0,0,1,0,1,0,0,0,1,0,0,0,0,0,0
3.846448,1290808,249,0,0,1,0,1,0,0,0,0,0,1,0,1,0,0,0,1,0,0,0,0,0,0
4.909987,1290810,249,0,0,1,0,1,0,0,0,0,0,1,0,1,0,0,0,1,0,0,0,0,0,0
1.601401,1290813,249,0,0,1,0,1,0,0,0,0,0,1,0,1,0,0,0,1,0,0,0,0,0,0
4.523786,1290814,249,0,0,1,0,1,0,0,0,0,0,1,0,1,0,0,0,1,0,0,0,0,0,0
3.244146,907173,252,0,0,0,0,0,0,0,0,0,0,0,0,0,0,0,0,1,1,0,0,0,0,1
3.601082,908150,252,0,0,0,0,0,0,0,0,0,0,0,0,0,0,0,0,1,1,0,0,0,0,1
3.008331,908152,252,0,0,0,0,0,0,0,0,0,0,0,0,0,0,0,0,1,1,0,0,0,0,1
3.856653,908470,252,0,0,0,0,0,0,0,0,0,0,0,0,0,0,0,0,1,1,0,0,0,0,1
-0.068018,1240131,252,0,0,0,0,0,0,0,0,0,0,0,0,0,0,0,0,1,1,0,0,0,0,1
3.797918,1240135,252,0,0,0,0,0,0,0,0,0,0,0,0,0,0,0,0,1,1,0,0,0,0,1
1.055542,1240136,252,0,0,0,0,0,0,0,0,0,0,0,0,0,0,0,0,1,1,0,0,0,0,1
-1.132828,1240138,252,0,0,0,0,0,0,0,0,0,0,0,0,0,0,0,0,1,1,0,0,0,0,1
3.140227,1240139,252,0,0,0,0,0,0,0,0,0,0,0,0,0,0,0,0,1,1,0,0,0,0,1
0.954656,1240141,252,0,0,0,0,0,0,0,0,0,0,0,0,0,0,0,0,1,1,0,0,0,0,1
2.699308,1290808,252,0,0,0,0,0,0,0,0,0,0,0,0,0,0,0,0,1,1,0,0,0,0,1
2.875896,1290810,252,0,0,0,0,0,0,0,0,0,0,0,0,0,0,0,0,1,1,0,0,0,0,1
-0.137954,1290813,252,0,0,0,0,0,0,0,0,0,0,0,0,0,0,0,0,1,1,0,0,0,0,1
3.853944,1290814,252,0,0,0,0,0,0,0,0,0,0,0,0,0,0,0,0,1,1,0,0,0,0,1
4.143559,907173,253,0,0,0,1,0,0,0,0,0,0,0,0,1,0,0,0,1,0,0,0,0,0,1
5.667734,908150,253,0,0,0,1,0,0,0,0,0,0,0,0,1,0,0,0,1,0,0,0,0,0,1
4.740991,908152,253,0,0,0,1,0,0,0,0,0,0,0,0,1,0,0,0,1,0,0,0,0,0,1
5.477836,908470,253,0,0,0,1,0,0,0,0,0,0,0,0,1,0,0,0,1,0,0,0,0,0,1
5.738658,1240131,253,0,0,0,1,0,0,0,0,0,0,0,0,1,0,0,0,1,0,0,0,0,0,1
4.399895,1240135,253,0,0,0,1,0,0,0,0,0,0,0,0,1,0,0,0,1,0,0,0,0,0,1
4.293144,1240136,253,0,0,0,1,0,0,0,0,0,0,0,0,1,0,0,0,1,0,0,0,0,0,1
4.256188,1240138,253,0,0,0,1,0,0,0,0,0,0,0,0,1,0,0,0,1,0,0,0,0,0,1
4.538268,1240139,253,0,0,0,1,0,0,0,0,0,0,0,0,1,0,0,0,1,0,0,0,0,0,1
5.244896,1240141,253,0,0,0,1,0,0,0,0,0,0,0,0,1,0,0,0,1,0,0,0,0,0,1
5.003824,1290808,253,0,0,0,1,0,0,0,0,0,0,0,0,1,0,0,0,1,0,0,0,0,0,1
5.63782,1290810,253,0,0,0,1,0,0,0,0,0,0,0,0,1,0,0,0,1,0,0,0,0,0,1
3.685461,1290813,253,0,0,0,1,0,0,0,0,0,0,0,0,1,0,0,0,1,0,0,0,0,0,1
4.11516,1290814,253,0,0,0,1,0,0,0,0,0,0,0,0,1,0,0,0,1,0,0,0,0,0,1
1.918078,907173,254,0,0,0,0,0,0,0,0,0,0,0,0,1,0,0,0,1,0,1,0,0,0,1
3.322667,908150,254,0,0,0,0,0,0,0,0,0,0,0,0,1,0,0,0,1,0,1,0,0,0,1
2.43063,908152,254,0,0,0,0,0,0,0,0,0,0,0,0,1,0,0,0,1,0,1,0,0,0,1
3.280696,908470,254,0,0,0,0,0,0,0,0,0,0,0,0,1,0,0,0,1,0,1,0,0,0,1
3.227442,1240131,254,0,0,0,0,0,0,0,0,0,0,0,0,1,0,0,0,1,0,1,0,0,0,1
2.91657,1240135,254,0,0,0,0,0,0,0,0,0,0,0,0,1,0,0,0,1,0,1,0,0,0,1
1.887723,1240136,254,0,0,0,0,0,0,0,0,0,0,0,0,1,0,0,0,1,0,1,0,0,0,1
2.744286,1240138,254,0,0,0,0,0,0,0,0,0,0,0,0,1,0,0,0,1,0,1,0,0,0,1
0.974739,1240139,254,0,0,0,0,0,0,0,0,0,0,0,0,1,0,0,0,1,0,1,0,0,0,1
2.61674,1240141,254,0,0,0,0,0,0,0,0,0,0,0,0,1,0,0,0,1,0,1,0,0,0,1
2.762669,1290808,254,0,0,0,0,0,0,0,0,0,0,0,0,1,0,0,0,1,0,1,0,0,0,1
3.001836,1290810,254,0,0,0,0,0,0,0,0,0,0,0,0,1,0,0,0,1,0,1,0,0,0,1
2.521105,1290813,254,0,0,0,0,0,0,0,0,0,0,0,0,1,0,0,0,1,0,1,0,0,0,1
1.889465,1290814,254,0,0,0,0,0,0,0,0,0,0,0,0,1,0,0,0,1,0,1,0,0,0,1
4.356204,907173,255,0,0,0,0,1,1,0,0,0,1,0,0,1,1,0,0,1,0,0,1,0,0,0
5.645063,908150,255,0,0,0,0,1,1,0,0,0,1,0,0,1,1,0,0,1,0,0,1,0,0,0
3.882974,908152,255,0,0,0,0,1,1,0,0,0,1,0,0,1,1,0,0,1,0,0,1,0,0,0
5.456871,908470,255,0,0,0,0,1,1,0,0,0,1,0,0,1,1,0,0,1,0,0,1,0,0,0
5.024439,1240131,255,0,0,0,0,1,1,0,0,0,1,0,0,1,1,0,0,1,0,0,1,0,0,0
4.870187,1240135,255,0,0,0,0,1,1,0,0,0,1,0,0,1,1,0,0,1,0,0,1,0,0,0
4.1203,1240136,255,0,0,0,0,1,1,0,0,0,1,0,0,1,1,0,0,1,0,0,1,0,0,0
4.170631,1240138,255,0,0,0,0,1,1,0,0,0,1,0,0,1,1,0,0,1,0,0,1,0,0,0
4.679972,1240139,255,0,0,0,0,1,1,0,0,0,1,0,0,1,1,0,0,1,0,0,1,0,0,0
3.937151,1240141,255,0,0,0,0,1,1,0,0,0,1,0,0,1,1,0,0,1,0,0,1,0,0,0
4.881369,1290808,255,0,0,0,0,1,1,0,0,0,1,0,0,1,1,0,0,1,0,0,1,0,0,0
5.63782,1290810,255,0,0,0,0,1,1,0,0,0,1,0,0,1,1,0,0,1,0,0,1,0,0,0
3.564579,1290813,255,0,0,0,0,1,1,0,0,0,1,0,0,1,1,0,0,1,0,0,1,0,0,0
4.302921,1290814,255,0,0,0,0,1,1,0,0,0,1,0,0,1,1,0,0,1,0,0,1,0,0,0
3.785692,907173,256,0,0,0,0,1,0,0,1,0,1,0,1,1,1,0,0,1,1,0,0,0,0,1
1.70659,908150,256,0,0,0,0,1,0,0,1,0,1,0,1,1,1,0,0,1,1,0,0,0,0,1
4.330914,908152,256,0,0,0,0,1,0,0,1,0,1,0,1,1,1,0,0,1,1,0,0,0,0,1
2.775845,908470,256,0,0,0,0,1,0,0,1,0,1,0,1,1,1,0,0,1,1,0,0,0,0,1
1.971892,1240131,256,0,0,0,0,1,0,0,1,0,1,0,1,1,1,0,0,1,1,0,0,0,0,1
2.340659,1240135,256,0,0,0,0,1,0,0,1,0,1,0,1,1,1,0,0,1,1,0,0,0,0,1
1.123172,1240136,256,0,0,0,0,1,0,0,1,0,1,0,1,1,1,0,0,1,1,0,0,0,0,1
0.287805,1240138,256,0,0,0,0,1,0,0,1,0,1,0,1,1,1,0,0,1,1,0,0,0,0,1
1.267175,1240139,256,0,0,0,0,1,0,0,1,0,1,0,1,1,1,0,0,1,1,0,0,0,0,1
3.382792,1240141,256,0,0,0,0,1,0,0,1,0,1,0,1,1,1,0,0,1,1,0,0,0,0,1
2.258086,1290808,256,0,0,0,0,1,0,0,1,0,1,0,1,1,1,0,0,1,1,0,0,0,0,1
2.882199,1290810,256,0,0,0,0,1,0,0,1,0,1,0,1,1,1,0,0,1,1,0,0,0,0,1
2.13781,1290813,256,0,0,0,0,1,0,0,1,0,1,0,1,1,1,0,0,1,1,0,0,0,0,1
3.308024,1290814,256,0,0,0,0,1,0,0,1,0,1,0,1,1,1,0,0,1,1,0,0,0,0,1
2.826472,907173,257,0,0,0,0,0,0,0,0,0,0,0,0,1,0,1,0,1,1,0,1,0,0,1
2.646036,908150,257,0,0,0,0,0,0,0,0,0,0,0,0,1,0,1,0,1,1,0,1,0,0,1
3.954606,908152,257,0,0,0,0,0,0,0,0,0,0,0,0,1,0,1,0,1,1,0,1,0,0,1
5.415763,908470,257,0,0,0,0,0,0,0,0,0,0,0,0,1,0,1,0,1,1,0,1,0,0,1
4.518896,1240131,257,0,0,0,0,0,0,0,0,0,0,0,0,1,0,1,0,1,1,0,1,0,0,1
4.090498,1240135,257,0,0,0,0,0,0,0,0,0,0,0,0,1,0,1,0,1,1,0,1,0,0,1
3.464519,1240136,257,0,0,0,0,0,0,0,0,0,0,0,0,1,0,1,0,1,1,0,1,0,0,1
2.794733,1240138,257,0,0,0,0,0,0,0,0,0,0,0,0,1,0,1,0,1,1,0,1,0,0,1
5.603793,1240141,257,0,0,0,0,0,0,0,0,0,0,0,0,1,0,1,0,1,1,0,1,0,0,1
4.907755,1290808,257,0,0,0,0,0,0,0,0,0,0,0,0,1,0,1,0,1,1,0,1,0,0,1
5.287537,1290810,257,0,0,0,0,0,0,0,0,0,0,0,0,1,0,1,0,1,1,0,1,0,0,1
1.876407,1290813,257,0,0,0,0,0,0,0,0,0,0,0,0,1,0,1,0,1,1,0,1,0,0,1
4.550547,1290814,257,0,0,0,0,0,0,0,0,0,0,0,0,1,0,1,0,1,1,0,1,0,0,1
1.884626,907173,260,0,0,0,0,0,1,1,0,0,0,0,1,1,0,1,0,1,1,0,0,0,0,1
1.950511,908150,260,0,0,0,0,0,1,1,0,0,0,0,1,1,0,1,0,1,1,0,0,0,0,1
4.763452,908152,260,0,0,0,0,0,1,1,0,0,0,0,1,1,0,1,0,1,1,0,0,0,0,1
3.045524,908470,260,0,0,0,0,0,1,1,0,0,0,0,1,1,0,1,0,1,1,0,0,0,0,1
2.475492,1240131,260,0,0,0,0,0,1,1,0,0,0,0,1,1,0,1,0,1,1,0,0,0,0,1
1.763044,1240135,260,0,0,0,0,0,1,1,0,0,0,0,1,1,0,1,0,1,1,0,0,0,0,1
4.174119,1240136,260,0,0,0,0,0,1,1,0,0,0,0,1,1,0,1,0,1,1,0,0,0,0,1
2.02124,1240138,260,0,0,0,0,0,1,1,0,0,0,0,1,1,0,1,0,1,1,0,0,0,0,1
5.577934,1240141,260,0,0,0,0,0,1,1,0,0,0,0,1,1,0,1,0,1,1,0,0,0,0,1
4.222227,1290808,260,0,0,0,0,0,1,1,0,0,0,0,1,1,0,1,0,1,1,0,0,0,0,1
5.420267,1290810,260,0,0,0,0,0,1,1,0,0,0,0,1,1,0,1,0,1,1,0,0,0,0,1
2.226134,1290813,260,0,0,0,0,0,1,1,0,0,0,0,1,1,0,1,0,1,1,0,0,0,0,1
4.882869,1290814,260,0,0,0,0,0,1,1,0,0,0,0,1,1,0,1,0,1,1,0,0,0,0,1
4.305733,907173,262,0,1,0,0,0,0,0,0,0,0,0,0,1,1,0,0,1,1,0,1,0,0,1
3.348698,908150,262,0,1,0,0,0,0,0,0,0,0,0,0,1,1,0,0,1,1,0,1,0,0,1
4.063259,908152,262,0,1,0,0,0,0,0,0,0,0,0,0,1,1,0,0,1,1,0,1,0,0,1
4.288471,908470,262,0,1,0,0,0,0,0,0,0,0,0,0,1,1,0,0,1,1,0,1,0,0,1
4.479715,1240131,262,0,1,0,0,0,0,0,0,0,0,0,0,1,1,0,0,1,1,0,1,0,0,1
3.925888,1240135,262,0,1,0,0,0,0,0,0,0,0,0,0,1,1,0,0,1,1,0,1,0,0,1
4.487034,1240136,262,0,1,0,0,0,0,0,0,0,0,0,0,1,1,0,0,1,1,0,1,0,0,1
4.797204,1240138,262,0,1,0,0,0,0,0,0,0,0,0,0,1,1,0,0,1,1,0,1,0,0,1
4.749623,1240141,262,0,1,0,0,0,0,0,0,0,0,0,0,1,1,0,0,1,1,0,1,0,0,1
3.809294,1290808,262,0,1,0,0,0,0,0,0,0,0,0,0,1,1,0,0,1,1,0,1,0,0,1
4.77545,1290810,262,0,1,0,0,0,0,0,0,0,0,0,0,1,1,0,0,1,1,0,1,0,0,1
0.683049,1290813,262,0,1,0,0,0,0,0,0,0,0,0,0,1,1,0,0,1,1,0,1,0,0,1
4.543919,1290814,262,0,1,0,0,0,0,0,0,0,0,0,0,1,1,0,0,1,1,0,1,0,0,1
4.91557,907173,263,0,0,0,0,0,0,0,0,0,0,0,0,1,1,0,0,1,0,0,0,1,0,0
5.897269,908150,263,0,0,0,0,0,0,0,0,0,0,0,0,1,1,0,0,1,0,0,0,1,0,0
5.432949,908152,263,0,0,0,0,0,0,0,0,0,0,0,0,1,1,0,0,1,0,0,0,1,0,0
5.728572,908470,263,0,0,0,0,0,0,0,0,0,0,0,0,1,1,0,0,1,0,0,0,1,0,0
5.969162,1240131,263,0,0,0,0,0,0,0,0,0,0,0,0,1,1,0,0,1,0,0,0,1,0,0
5.087002,1240135,263,0,0,0,0,0,0,0,0,0,0,0,0,1,1,0,0,1,0,0,0,1,0,0
5.449122,1240136,263,0,0,0,0,0,0,0,0,0,0,0,0,1,1,0,0,1,0,0,0,1,0,0
6.214875,1240138,263,0,0,0,0,0,0,0,0,0,0,0,0,1,1,0,0,1,0,0,0,1,0,0
3.803591,1240141,263,0,0,0,0,0,0,0,0,0,0,0,0,1,1,0,0,1,0,0,0,1,0,0
5.634135,1290808,263,0,0,0,0,0,0,0,0,0,0,0,0,1,1,0,0,1,0,0,0,1,0,0
5.922779,1290810,263,0,0,0,0,0,0,0,0,0,0,0,0,1,1,0,0,1,0,0,0,1,0,0
4.931055,1290813,263,0,0,0,0,0,0,0,0,0,0,0,0,1,1,0,0,1,0,0,0,1,0,0
5.892791,1290814,263,0,0,0,0,0,0,0,0,0,0,0,0,1,1,0,0,1,0,0,0,1,0,0
0.262697,907173,273,0,0,1,0,1,0,0,0,0,0,1,0,1,0,0,0,1,0,0,0,0,0,0
-1.598577,908150,273,0,0,1,0,1,0,0,0,0,0,1,0,1,0,0,0,1,0,0,0,0,0,0
0.966578,908152,273,0,0,1,0,1,0,0,0,0,0,1,0,1,0,0,0,1,0,0,0,0,0,0
3.98777,908470,273,0,0,1,0,1,0,0,0,0,0,1,0,1,0,0,0,1,0,0,0,0,0,0
1.097663,1240131,273,0,0,1,0,1,0,0,0,0,0,1,0,1,0,0,0,1,0,0,0,0,0,0
2.825035,1240135,273,0,0,1,0,1,0,0,0,0,0,1,0,1,0,0,0,1,0,0,0,0,0,0
0.720025,1240136,273,0,0,1,0,1,0,0,0,0,0,1,0,1,0,0,0,1,0,0,0,0,0,0
-0.388069,1240138,273,0,0,1,0,1,0,0,0,0,0,1,0,1,0,0,0,1,0,0,0,0,0,0
2.949284,1240141,273,0,0,1,0,1,0,0,0,0,0,1,0,1,0,0,0,1,0,0,0,0,0,0
0.219545,1290808,273,0,0,1,0,1,0,0,0,0,0,1,0,1,0,0,0,1,0,0,0,0,0,0
0.591669,1290810,273,0,0,1,0,1,0,0,0,0,0,1,0,1,0,0,0,1,0,0,0,0,0,0
-0.386747,1290813,273,0,0,1,0,1,0,0,0,0,0,1,0,1,0,0,0,1,0,0,0,0,0,0
1.048959,1290814,273,0,0,1,0,1,0,0,0,0,0,1,0,1,0,0,0,1,0,0,0,0,0,0
3.895475,907173,275,0,0,0,0,1,0,0,0,0,0,0,0,1,1,0,1,1,0,0,1,0,0,1
1.719742,908150,275,0,0,0,0,1,0,0,0,0,0,0,0,1,1,0,1,1,0,0,1,0,0,1
5.317356,908152,275,0,0,0,0,1,0,0,0,0,0,0,0,1,1,0,1,1,0,0,1,0,0,1
6.073747,908470,275,0,0,0,0,1,0,0,0,0,0,0,0,1,1,0,1,1,0,0,1,0,0,1
4.298703,1240131,275,0,0,0,0,1,0,0,0,0,0,0,0,1,1,0,1,1,0,0,1,0,0,1
5.151752,1240135,275,0,0,0,0,1,0,0,0,0,0,0,0,1,1,0,1,1,0,0,1,0,0,1
3.53787,1240136,275,0,0,0,0,1,0,0,0,0,0,0,0,1,1,0,1,1,0,0,1,0,0,1
5.233166,1240138,275,0,0,0,0,1,0,0,0,0,0,0,0,1,1,0,1,1,0,0,1,0,0,1
5.532809,1240141,275,0,0,0,0,1,0,0,0,0,0,0,0,1,1,0,1,1,0,0,1,0,0,1
4.802668,1290808,275,0,0,0,0,1,0,0,0,0,0,0,0,1,1,0,1,1,0,0,1,0,0,1
5.563464,1290810,275,0,0,0,0,1,0,0,0,0,0,0,0,1,1,0,1,1,0,0,1,0,0,1
5.560442,1290813,275,0,0,0,0,1,0,0,0,0,0,0,0,1,1,0,1,1,0,0,1,0,0,1
4.610428,1290814,275,0,0,0,0,1,0,0,0,0,0,0,0,1,1,0,1,1,0,0,1,0,0,1
2.079896,907173,277,0,0,0,0,1,0,1,0,0,0,0,1,1,1,0,0,1,0,0,0,1,0,0
3.357396,908150,277,0,0,0,0,1,0,1,0,0,0,0,1,1,1,0,0,1,0,0,0,1,0,0
1.820721,908152,277,0,0,0,0,1,0,1,0,0,0,0,1,1,1,0,0,1,0,0,0,1,0,0
2.983808,908470,277,0,0,0,0,1,0,1,0,0,0,0,1,1,1,0,0,1,0,0,0,1,0,0
3.179541,1240131,277,0,0,0,0,1,0,1,0,0,0,0,1,1,1,0,0,1,0,0,0,1,0,0
2.594395,1240135,277,0,0,0,0,1,0,1,0,0,0,0,1,1,1,0,0,1,0,0,0,1,0,0
2.752864,1240136,277,0,0,0,0,1,0,1,0,0,0,0,1,1,1,0,0,1,0,0,0,1,0,0
2.336925,1240138,277,0,0,0,0,1,0,1,0,0,0,0,1,1,1,0,0,1,0,0,0,1,0,0
2.377387,1240139,277,0,0,0,0,1,0,1,0,0,0,0,1,1,1,0,0,1,0,0,0,1,0,0
2.66017,1240141,277,0,0,0,0,1,0,1,0,0,0,0,1,1,1,0,0,1,0,0,0,1,0,0
2.475653,1290808,277,0,0,0,0,1,0,1,0,0,0,0,1,1,1,0,0,1,0,0,0,1,0,0
3.275346,1290810,277,0,0,0,0,1,0,1,0,0,0,0,1,1,1,0,0,1,0,0,0,1,0,0
2.082833,1290813,277,0,0,0,0,1,0,1,0,0,0,0,1,1,1,0,0,1,0,0,0,1,0,0
2.594629,1290814,277,0,0,0,0,1,0,1,0,0,0,0,1,1,1,0,0,1,0,0,0,1,0,0
3.459188,907173,279,0,0,0,0,1,0,0,0,0,0,0,0,1,1,0,1,1,1,0,1,0,0,0
2.652559,908150,279,0,0,0,0,1,0,0,0,0,0,0,0,1,1,0,1,1,1,0,1,0,0,0
5.403213,908152,279,0,0,0,0,1,0,0,0,0,0,0,0,1,1,0,1,1,1,0,1,0,0,0
5.427349,908470,279,0,0,0,0,1,0,0,0,0,0,0,0,1,1,0,1,1,1,0,1,0,0,0
3.586459,1240131,279,0,0,0,0,1,0,0,0,0,0,0,0,1,1,0,1,1,1,0,1,0,0,0
3.483241,1240135,279,0,0,0,0,1,0,0,0,0,0,0,0,1,1,0,1,1,1,0,1,0,0,0
4.922482,1240136,279,0,0,0,0,1,0,0,0,0,0,0,0,1,1,0,1,1,1,0,1,0,0,0
3.755641,1240138,279,0,0,0,0,1,0,0,0,0,0,0,0,1,1,0,1,1,1,0,1,0,0,0
5.010903,1240141,279,0,0,0,0,1,0,0,0,0,0,0,0,1,1,0,1,1,1,0,1,0,0,0
4.893231,1290808,279,0,0,0,0,1,0,0,0,0,0,0,0,1,1,0,1,1,1,0,1,0,0,0
5.922257,1290810,279,0,0,0,0,1,0,0,0,0,0,0,0,1,1,0,1,1,1,0,1,0,0,0
2.838396,1290813,279,0,0,0,0,1,0,0,0,0,0,0,0,1,1,0,1,1,1,0,1,0,0,0
5.59263,1290814,279,0,0,0,0,1,0,0,0,0,0,0,0,1,1,0,1,1,1,0,1,0,0,0
4.20911,907173,281,0,0,0,0,1,0,1,0,0,1,0,1,1,1,0,1,1,1,0,0,0,0,0
4.884063,908150,281,0,0,0,0,1,0,1,0,0,1,0,1,1,1,0,1,1,1,0,0,0,0,0
4.073112,908152,281,0,0,0,0,1,0,1,0,0,1,0,1,1,1,0,1,1,1,0,0,0,0,0
4.806856,908470,281,0,0,0,0,1,0,1,0,0,1,0,1,1,1,0,1,1,1,0,0,0,0,0
4.7092,1240131,281,0,0,0,0,1,0,1,0,0,1,0,1,1,1,0,1,1,1,0,0,0,0,0
4.069292,1240135,281,0,0,0,0,1,0,1,0,0,1,0,1,1,1,0,1,1,1,0,0,0,0,0
3.452245,1240136,281,0,0,0,0,1,0,1,0,0,1,0,1,1,1,0,1,1,1,0,0,0,0,0
3.537924,1240138,281,0,0,0,0,1,0,1,0,0,1,0,1,1,1,0,1,1,1,0,0,0,0,0
3.346801,1240139,281,0,0,0,0,1,0,1,0,0,1,0,1,1,1,0,1,1,1,0,0,0,0,0
4.771918,1240141,281,0,0,0,0,1,0,1,0,0,1,0,1,1,1,0,1,1,1,0,0,0,0,0
4.058123,1290808,281,0,0,0,0,1,0,1,0,0,1,0,1,1,1,0,1,1,1,0,0,0,0,0
4.85801,1290810,281,0,0,0,0,1,0,1,0,0,1,0,1,1,1,0,1,1,1,0,0,0,0,0
3.44825,1290813,281,0,0,0,0,1,0,1,0,0,1,0,1,1,1,0,1,1,1,0,0,0,0,0
3.993117,1290814,281,0,0,0,0,1,0,1,0,0,1,0,1,1,1,0,1,1,1,0,0,0,0,0
2.750246,907173,282,0,0,0,0,1,0,0,0,0,0,1,0,1,1,0,0,1,1,0,0,0,0,0
3.906306,908150,282,0,0,0,0,1,0,0,0,0,0,1,0,1,1,0,0,1,1,0,0,0,0,0
3.927534,908152,282,0,0,0,0,1,0,0,0,0,0,1,0,1,1,0,0,1,1,0,0,0,0,0
3.49881,908470,282,0,0,0,0,1,0,0,0,0,0,1,0,1,1,0,0,1,1,0,0,0,0,0
4.060059,1240131,282,0,0,0,0,1,0,0,0,0,0,1,0,1,1,0,0,1,1,0,0,0,0,0
3.782194,1240135,282,0,0,0,0,1,0,0,0,0,0,1,0,1,1,0,0,1,1,0,0,0,0,0
4.484769,1240136,282,0,0,0,0,1,0,0,0,0,0,1,0,1,1,0,0,1,1,0,0,0,0,0
1.469115,1240138,282,0,0,0,0,1,0,0,0,0,0,1,0,1,1,0,0,1,1,0,0,0,0,0
2.810683,1240139,282,0,0,0,0,1,0,0,0,0,0,1,0,1,1,0,0,1,1,0,0,0,0,0
0.615982,1240141,282,0,0,0,0,1,0,0,0,0,0,1,0,1,1,0,0,1,1,0,0,0,0,0
2.993498,1290808,282,0,0,0,0,1,0,0,0,0,0,1,0,1,1,0,0,1,1,0,0,0,0,0
4.857516,1290810,282,0,0,0,0,1,0,0,0,0,0,1,0,1,1,0,0,1,1,0,0,0,0,0
0.834719,1290813,282,0,0,0,0,1,0,0,0,0,0,1,0,1,1,0,0,1,1,0,0,0,0,0
4.286851,1290814,282,0,0,0,0,1,0,0,0,0,0,1,0,1,1,0,0,1,1,0,0,0,0,0
-0.624682,907173,283,0,0,0,0,1,0,0,0,0,1,0,1,1,1,0,0,1,0,0,0,0,0,1
-0.652773,908150,283,0,0,0,0,1,0,0,0,0,1,0,1,1,1,0,0,1,0,0,0,0,0,1
-0.848405,908152,283,0,0,0,0,1,0,0,0,0,1,0,1,1,1,0,0,1,0,0,0,0,0,1
-0.009365,908470,283,0,0,0,0,1,0,0,0,0,1,0,1,1,1,0,0,1,0,0,0,0,0,1
-1.195257,1240131,283,0,0,0,0,1,0,0,0,0,1,0,1,1,1,0,0,1,0,0,0,0,0,1
-0.642242,1240135,283,0,0,0,0,1,0,0,0,0,1,0,1,1,1,0,0,1,0,0,0,0,0,1
-2.517342,1240136,283,0,0,0,0,1,0,0,0,0,1,0,1,1,1,0,0,1,0,0,0,0,0,1
-3.427178,1240138,283,0,0,0,0,1,0,0,0,0,1,0,1,1,1,0,0,1,0,0,0,0,0,1
-0.760417,1240139,283,0,0,0,0,1,0,0,0,0,1,0,1,1,1,0,0,1,0,0,0,0,0,1
-1.065094,1240141,283,0,0,0,0,1,0,0,0,0,1,0,1,1,1,0,0,1,0,0,0,0,0,1
-0.489509,1290808,283,0,0,0,0,1,0,0,0,0,1,0,1,1,1,0,0,1,0,0,0,0,0,1
-0.009076,1290810,283,0,0,0,0,1,0,0,0,0,1,0,1,1,1,0,0,1,0,0,0,0,0,1
-1.900369,1290813,283,0,0,0,0,1,0,0,0,0,1,0,1,1,1,0,0,1,0,0,0,0,0,1
0.131234,1290814,283,0,0,0,0,1,0,0,0,0,1,0,1,1,1,0,0,1,0,0,0,0,0,1
3.449506,907173,287,0,0,0,0,0,0,0,0,0,0,0,0,1,0,0,0,1,1,0,1,0,0,1
2.596972,908150,287,0,0,0,0,0,0,0,0,0,0,0,0,1,0,0,0,1,1,0,1,0,0,1
5.432571,908152,287,0,0,0,0,0,0,0,0,0,0,0,0,1,0,0,0,1,1,0,1,0,0,1
4.611896,908470,287,0,0,0,0,0,0,0,0,0,0,0,0,1,0,0,0,1,1,0,1,0,0,1
3.220005,1240131,287,0,0,0,0,0,0,0,0,0,0,0,0,1,0,0,0,1,1,0,1,0,0,1
5.63998,1240135,287,0,0,0,0,0,0,0,0,0,0,0,0,1,0,0,0,1,1,0,1,0,0,1
3.992799,1240136,287,0,0,0,0,0,0,0,0,0,0,0,0,1,0,0,0,1,1,0,1,0,0,1
3.897961,1240138,287,0,0,0,0,0,0,0,0,0,0,0,0,1,0,0,0,1,1,0,1,0,0,1
6.038512,1240141,287,0,0,0,0,0,0,0,0,0,0,0,0,1,0,0,0,1,1,0,1,0,0,1
3.521372,1290808,287,0,0,0,0,0,0,0,0,0,0,0,0,1,0,0,0,1,1,0,1,0,0,1
4.84537,1290810,287,0,0,0,0,0,0,0,0,0,0,0,0,1,0,0,0,1,1,0,1,0,0,1
2.450329,1290813,287,0,0,0,0,0,0,0,0,0,0,0,0,1,0,0,0,1,1,0,1,0,0,1
5.906497,1290814,287,0,0,0,0,0,0,0,0,0,0,0,0,1,0,0,0,1,1,0,1,0,0,1
4.240701,907173,288,0,0,1,0,1,0,0,0,0,0,1,0,1,0,0,0,1,0,0,0,0,0,0
3.693048,908150,288,0,0,1,0,1,0,0,0,0,0,1,0,1,0,0,0,1,0,0,0,0,0,0
4.400328,908152,288,0,0,1,0,1,0,0,0,0,0,1,0,1,0,0,0,1,0,0,0,0,0,0
5.026997,908470,288,0,0,1,0,1,0,0,0,0,0,1,0,1,0,0,0,1,0,0,0,0,0,0
4.553566,1240131,288,0,0,1,0,1,0,0,0,0,0,1,0,1,0,0,0,1,0,0,0,0,0,0
5.319999,1240135,288,0,0,1,0,1,0,0,0,0,0,1,0,1,0,0,0,1,0,0,0,0,0,0
4.650306,1240136,288,0,0,1,0,1,0,0,0,0,0,1,0,1,0,0,0,1,0,0,0,0,0,0
5.61671,1240138,288,0,0,1,0,1,0,0,0,0,0,1,0,1,0,0,0,1,0,0,0,0,0,0
4.649502,1240141,288,0,0,1,0,1,0,0,0,0,0,1,0,1,0,0,0,1,0,0,0,0,0,0
4.652,1290808,288,0,0,1,0,1,0,0,0,0,0,1,0,1,0,0,0,1,0,0,0,0,0,0
5.497379,1290810,288,0,0,1,0,1,0,0,0,0,0,1,0,1,0,0,0,1,0,0,0,0,0,0
2.621622,1290813,288,0,0,1,0,1,0,0,0,0,0,1,0,1,0,0,0,1,0,0,0,0,0,0
5.237066,1290814,288,0,0,1,0,1,0,0,0,0,0,1,0,1,0,0,0,1,0,0,0,0,0,0
4.675393,907173,290,0,0,0,0,0,0,0,0,0,0,0,0,1,0,0,0,0,1,0,0,0,0,0
5.687165,908150,290,0,0,0,0,0,0,0,0,0,0,0,0,1,0,0,0,0,1,0,0,0,0,0
5.428862,908152,290,0,0,0,0,0,0,0,0,0,0,0,0,1,0,0,0,0,1,0,0,0,0,0
6.036689,908470,290,0,0,0,0,0,0,0,0,0,0,0,0,1,0,0,0,0,1,0,0,0,0,0
5.293593,1240131,290,0,0,0,0,0,0,0,0,0,0,0,0,1,0,0,0,0,1,0,0,0,0,0
6.123889,1240135,290,0,0,0,0,0,0,0,0,0,0,0,0,1,0,0,0,0,1,0,0,0,0,0
5.891613,1240136,290,0,0,0,0,0,0,0,0,0,0,0,0,1,0,0,0,0,1,0,0,0,0,0
5.373492,1240138,290,0,0,0,0,0,0,0,0,0,0,0,0,1,0,0,0,0,1,0,0,0,0,0
6.384447,1240141,290,0,0,0,0,0,0,0,0,0,0,0,0,1,0,0,0,0,1,0,0,0,0,0
5.345653,1290808,290,0,0,0,0,0,0,0,0,0,0,0,0,1,0,0,0,0,1,0,0,0,0,0
6.289815,1290810,290,0,0,0,0,0,0,0,0,0,0,0,0,1,0,0,0,0,1,0,0,0,0,0
3.975803,1290813,290,0,0,0,0,0,0,0,0,0,0,0,0,1,0,0,0,0,1,0,0,0,0,0
5.906497,1290814,290,0,0,0,0,0,0,0,0,0,0,0,0,1,0,0,0,0,1,0,0,0,0,0
4.36294,907173,291,0,1,0,0,1,0,0,0,0,0,0,0,1,1,0,0,1,0,0,0,0,0,1
4.113278,908150,291,0,1,0,0,1,0,0,0,0,0,0,0,1,1,0,0,1,0,0,0,0,0,1
5.399809,908152,291,0,1,0,0,1,0,0,0,0,0,0,0,1,1,0,0,1,0,0,0,0,0,1
4.362153,908470,291,0,1,0,0,1,0,0,0,0,0,0,0,1,1,0,0,1,0,0,0,0,0,1
4.1633,1240131,291,0,1,0,0,1,0,0,0,0,0,0,0,1,1,0,0,1,0,0,0,0,0,1
3.903613,1240135,291,0,1,0,0,1,0,0,0,0,0,0,0,1,1,0,0,1,0,0,0,0,0,1
4.910377,1240136,291,0,1,0,0,1,0,0,0,0,0,0,0,1,1,0,0,1,0,0,0,0,0,1
6.210652,1240138,291,0,1,0,0,1,0,0,0,0,0,0,0,1,1,0,0,1,0,0,0,0,0,1
5.704625,1240141,291,0,1,0,0,1,0,0,0,0,0,0,0,1,1,0,0,1,0,0,0,0,0,1
4.101387,1290808,291,0,1,0,0,1,0,0,0,0,0,0,0,1,1,0,0,1,0,0,0,0,0,1
6.159631,1290810,291,0,1,0,0,1,0,0,0,0,0,0,0,1,1,0,0,1,0,0,0,0,0,1
2.974475,1290813,291,0,1,0,0,1,0,0,0,0,0,0,0,1,1,0,0,1,0,0,0,0,0,1
5.726996,1290814,291,0,1,0,0,1,0,0,0,0,0,0,0,1,1,0,0,1,0,0,0,0,0,1
4.727453,907173,292,0,0,0,0,1,0,0,0,0,0,0,0,1,0,0,0,1,1,0,0,0,0,1
6.209642,908150,292,0,0,0,0,1,0,0,0,0,0,0,0,1,0,0,0,1,1,0,0,0,0,1
4.180494,908152,292,0,0,0,0,1,0,0,0,0,0,0,0,1,0,0,0,1,1,0,0,0,0,1
5.276842,908470,292,0,0,0,0,1,0,0,0,0,0,0,0,1,0,0,0,1,1,0,0,0,0,1
4.096723,1240131,292,0,0,0,0,1,0,0,0,0,0,0,0,1,0,0,0,1,1,0,0,0,0,1
4.645391,1240135,292,0,0,0,0,1,0,0,0,0,0,0,0,1,0,0,0,1,1,0,0,0,0,1
2.864487,1240136,292,0,0,0,0,1,0,0,0,0,0,0,0,1,0,0,0,1,1,0,0,0,0,1
5.367758,1240138,292,0,0,0,0,1,0,0,0,0,0,0,0,1,0,0,0,1,1,0,0,0,0,1
2.910024,1240139,292,0,0,0,0,1,0,0,0,0,0,0,0,1,0,0,0,1,1,0,0,0,0,1
5.761235,1240141,292,0,0,0,0,1,0,0,0,0,0,0,0,1,0,0,0,1,1,0,0,0,0,1
4.844153,1290808,292,0,0,0,0,1,0,0,0,0,0,0,0,1,0,0,0,1,1,0,0,0,0,1
6.302842,1290810,292,0,0,0,0,1,0,0,0,0,0,0,0,1,0,0,0,1,1,0,0,0,0,1
2.979001,1290813,292,0,0,0,0,1,0,0,0,0,0,0,0,1,0,0,0,1,1,0,0,0,0,1
5.15302,1290814,292,0,0,0,0,1,0,0,0,0,0,0,0,1,0,0,0,1,1,0,0,0,0,1
2.49387,907173,293,0,0,1,0,0,1,0,0,0,0,1,0,1,0,0,0,1,1,0,0,0,0,1
4.9769,908150,293,0,0,1,0,0,1,0,0,0,0,1,0,1,0,0,0,1,1,0,0,0,0,1
1.492368,908152,293,0,0,1,0,0,1,0,0,0,0,1,0,1,0,0,0,1,1,0,0,0,0,1
5.03714,908470,293,0,0,1,0,0,1,0,0,0,0,1,0,1,0,0,0,1,1,0,0,0,0,1
6.412372,1240131,293,0,0,1,0,0,1,0,0,0,0,1,0,1,0,0,0,1,1,0,0,0,0,1
6.057441,1240135,293,0,0,1,0,0,1,0,0,0,0,1,0,1,0,0,0,1,1,0,0,0,0,1
3.542904,1240136,293,0,0,1,0,0,1,0,0,0,0,1,0,1,0,0,0,1,1,0,0,0,0,1
4.390319,1240138,293,0,0,1,0,0,1,0,0,0,0,1,0,1,0,0,0,1,1,0,0,0,0,1
2.614026,1240139,293,0,0,1,0,0,1,0,0,0,0,1,0,1,0,0,0,1,1,0,0,0,0,1
5.136475,1240141,293,0,0,1,0,0,1,0,0,0,0,1,0,1,0,0,0,1,1,0,0,0,0,1
3.04329,1290808,293,0,0,1,0,0,1,0,0,0,0,1,0,1,0,0,0,1,1,0,0,0,0,1
5.721242,1290810,293,0,0,1,0,0,1,0,0,0,0,1,0,1,0,0,0,1,1,0,0,0,0,1
5.564556,1290813,293,0,0,1,0,0,1,0,0,0,0,1,0,1,0,0,0,1,1,0,0,0,0,1
4.236961,1290814,293,0,0,1,0,0,1,0,0,0,0,1,0,1,0,0,0,1,1,0,0,0,0,1
3.994945,907173,294,0,0,0,0,0,0,0,0,0,0,0,0,1,0,0,0,1,0,0,0,0,0,0
4.318878,908150,294,0,0,0,0,0,0,0,0,0,0,0,0,1,0,0,0,1,0,0,0,0,0,0
5.436457,908152,294,0,0,0,0,0,0,0,0,0,0,0,0,1,0,0,0,1,0,0,0,0,0,0
4.159226,908470,294,0,0,0,0,0,0,0,0,0,0,0,0,1,0,0,0,1,0,0,0,0,0,0
5.835211,1240131,294,0,0,0,0,0,0,0,0,0,0,0,0,1,0,0,0,1,0,0,0,0,0,0
4.89726,1240135,294,0,0,0,0,0,0,0,0,0,0,0,0,1,0,0,0,1,0,0,0,0,0,0
5.725513,1240136,294,0,0,0,0,0,0,0,0,0,0,0,0,1,0,0,0,1,0,0,0,0,0,0
5.510219,1240138,294,0,0,0,0,0,0,0,0,0,0,0,0,1,0,0,0,1,0,0,0,0,0,0
6.424948,1240141,294,0,0,0,0,0,0,0,0,0,0,0,0,1,0,0,0,1,0,0,0,0,0,0
4.806633,1290808,294,0,0,0,0,0,0,0,0,0,0,0,0,1,0,0,0,1,0,0,0,0,0,0
6.287992,1290810,294,0,0,0,0,0,0,0,0,0,0,0,0,1,0,0,0,1,0,0,0,0,0,0
4.605504,1290813,294,0,0,0,0,0,0,0,0,0,0,0,0,1,0,0,0,1,0,0,0,0,0,0
5.695697,1290814,294,0,0,0,0,0,0,0,0,0,0,0,0,1,0,0,0,1,0,0,0,0,0,0
2.855194,907173,295,0,0,0,0,1,0,0,0,0,0,0,0,1,0,0,1,1,1,0,0,0,0,0
4.176647,908150,295,0,0,0,0,1,0,0,0,0,0,0,0,1,0,0,1,1,1,0,0,0,0,0
4.767026,908152,295,0,0,0,0,1,0,0,0,0,0,0,0,1,0,0,1,1,1,0,0,0,0,0
3.805476,908470,295,0,0,0,0,1,0,0,0,0,0,0,0,1,0,0,1,1,1,0,0,0,0,0
2.93991,1240131,295,0,0,0,0,1,0,0,0,0,0,0,0,1,0,0,1,1,1,0,0,0,0,0
3.806672,1240135,295,0,0,0,0,1,0,0,0,0,0,0,0,1,0,0,1,1,1,0,0,0,0,0
4.185181,1240136,295,0,0,0,0,1,0,0,0,0,0,0,0,1,0,0,1,1,1,0,0,0,0,0
3.495893,1240138,295,0,0,0,0,1,0,0,0,0,0,0,0,1,0,0,1,1,1,0,0,0,0,0
4.40123,1240141,295,0,0,0,0,1,0,0,0,0,0,0,0,1,0,0,1,1,1,0,0,0,0,0
4.870429,1290808,295,0,0,0,0,1,0,0,0,0,0,0,0,1,0,0,1,1,1,0,0,0,0,0
5.233582,1290810,295,0,0,0,0,1,0,0,0,0,0,0,0,1,0,0,1,1,1,0,0,0,0,0
2.30849,1290813,295,0,0,0,0,1,0,0,0,0,0,0,0,1,0,0,1,1,1,0,0,0,0,0
5.237042,1290814,295,0,0,0,0,1,0,0,0,0,0,0,0,1,0,0,1,1,1,0,0,0,0,0
4.706945,907173,298,0,0,0,0,1,0,0,0,0,0,0,1,1,1,0,0,1,0,0,0,0,1,0
4.934882,908150,298,0,0,0,0,1,0,0,0,0,0,0,1,1,1,0,0,1,0,0,0,0,1,0
3.554203,908152,298,0,0,0,0,1,0,0,0,0,0,0,1,1,1,0,0,1,0,0,0,0,1,0
5.190684,908470,298,0,0,0,0,1,0,0,0,0,0,0,1,1,1,0,0,1,0,0,0,0,1,0
5.742941,1240131,298,0,0,0,0,1,0,0,0,0,0,0,1,1,1,0,0,1,0,0,0,0,1,0
4.587823,1240135,298,0,0,0,0,1,0,0,0,0,0,0,1,1,1,0,0,1,0,0,0,0,1,0
3.334682,1240136,298,0,0,0,0,1,0,0,0,0,0,0,1,1,1,0,0,1,0,0,0,0,1,0
5.199497,1240138,298,0,0,0,0,1,0,0,0,0,0,0,1,1,1,0,0,1,0,0,0,0,1,0
3.709543,1240139,298,0,0,0,0,1,0,0,0,0,0,0,1,1,1,0,0,1,0,0,0,0,1,0
5.584533,1240141,298,0,0,0,0,1,0,0,0,0,0,0,1,1,1,0,0,1,0,0,0,0,1,0
4.452191,1290808,298,0,0,0,0,1,0,0,0,0,0,0,1,1,1,0,0,1,0,0,0,0,1,0
4.955725,1290810,298,0,0,0,0,1,0,0,0,0,0,0,1,1,1,0,0,1,0,0,0,0,1,0
4.891187,1290813,298,0,0,0,0,1,0,0,0,0,0,0,1,1,1,0,0,1,0,0,0,0,1,0
5.122975,1290814,298,0,0,0,0,1,0,0,0,0,0,0,1,1,1,0,0,1,0,0,0,0,1,0
3.996415,907173,299,0,0,0,0,0,0,0,0,0,0,0,0,1,0,0,0,1,0,0,0,0,0,1
2.527601,908150,299,0,0,0,0,0,0,0,0,0,0,0,0,1,0,0,0,1,0,0,0,0,0,1
2.621683,908152,299,0,0,0,0,0,0,0,0,0,0,0,0,1,0,0,0,1,0,0,0,0,0,1
4.566766,908470,299,0,0,0,0,0,0,0,0,0,0,0,0,1,0,0,0,1,0,0,0,0,0,1
0.006711,1240131,299,0,0,0,0,0,0,0,0,0,0,0,0,1,0,0,0,1,0,0,0,0,0,1
1.207106,1240135,299,0,0,0,0,0,0,0,0,0,0,0,0,1,0,0,0,1,0,0,0,0,0,1
1.843733,1240136,299,0,0,0,0,0,0,0,0,0,0,0,0,1,0,0,0,1,0,0,0,0,0,1
-1.28518,1240138,299,0,0,0,0,0,0,0,0,0,0,0,0,1,0,0,0,1,0,0,0,0,0,1
-1.863689,1240139,299,0,0,0,0,0,0,0,0,0,0,0,0,1,0,0,0,1,0,0,0,0,0,1
3.745714,1240141,299,0,0,0,0,0,0,0,0,0,0,0,0,1,0,0,0,1,0,0,0,0,0,1
3.565478,1290808,299,0,0,0,0,0,0,0,0,0,0,0,0,1,0,0,0,1,0,0,0,0,0,1
3.634841,1290810,299,0,0,0,0,0,0,0,0,0,0,0,0,1,0,0,0,1,0,0,0,0,0,1
4.526307,1290814,299,0,0,0,0,0,0,0,0,0,0,0,0,1,0,0,0,1,0,0,0,0,0,1
4.04928,907173,301,0,0,0,0,0,0,0,0,0,0,0,0,1,0,0,1,0,0,1,1,1,0,1
5.632572,908150,301,0,0,0,0,0,0,0,0,0,0,0,0,1,0,0,1,0,0,1,1,1,0,1
2.203013,908152,301,0,0,0,0,0,0,0,0,0,0,0,0,1,0,0,1,0,0,1,1,1,0,1
4.944522,908470,301,0,0,0,0,0,0,0,0,0,0,0,0,1,0,0,1,0,0,1,1,1,0,1
4.311797,1240131,301,0,0,0,0,0,0,0,0,0,0,0,0,1,0,0,1,0,0,1,1,1,0,1
5.474215,1240135,301,0,0,0,0,0,0,0,0,0,0,0,0,1,0,0,1,0,0,1,1,1,0,1
3.74016,1240136,301,0,0,0,0,0,0,0,0,0,0,0,0,1,0,0,1,0,0,1,1,1,0,1
1.56321,1240138,301,0,0,0,0,0,0,0,0,0,0,0,0,1,0,0,1,0,0,1,1,1,0,1
2.855961,1240139,301,0,0,0,0,0,0,0,0,0,0,0,0,1,0,0,1,0,0,1,1,1,0,1
4.171601,1240141,301,0,0,0,0,0,0,0,0,0,0,0,0,1,0,0,1,0,0,1,1,1,0,1
3.337923,1290808,301,0,0,0,0,0,0,0,0,0,0,0,0,1,0,0,1,0,0,1,1,1,0,1
3.8606,1290810,301,0,0,0,0,0,0,0,0,0,0,0,0,1,0,0,1,0,0,1,1,1,0,1
2.533049,1290813,301,0,0,0,0,0,0,0,0,0,0,0,0,1,0,0,1,0,0,1,1,1,0,1
5.173472,1290814,301,0,0,0,0,0,0,0,0,0,0,0,0,1,0,0,1,0,0,1,1,1,0,1
3.736149,907173,302,0,0,0,0,0,0,0,0,0,0,0,0,1,0,0,1,1,1,0,1,0,0,0
2.961742,908150,302,0,0,0,0,0,0,0,0,0,0,0,0,1,0,0,1,1,1,0,1,0,0,0
1.770683,908152,302,0,0,0,0,0,0,0,0,0,0,0,0,1,0,0,1,1,1,0,1,0,0,0
3.530684,908470,302,0,0,0,0,0,0,0,0,0,0,0,0,1,0,0,1,1,1,0,1,0,0,0
5.094403,1240131,302,0,0,0,0,0,0,0,0,0,0,0,0,1,0,0,1,1,1,0,1,0,0,0
5.142866,1240135,302,0,0,0,0,0,0,0,0,0,0,0,0,1,0,0,1,1,1,0,1,0,0,0
3.335768,1240136,302,0,0,0,0,0,0,0,0,0,0,0,0,1,0,0,1,1,1,0,1,0,0,0
2.953317,1240138,302,0,0,0,0,0,0,0,0,0,0,0,0,1,0,0,1,1,1,0,1,0,0,0
2.723911,1240139,302,0,0,0,0,0,0,0,0,0,0,0,0,1,0,0,1,1,1,0,1,0,0,0
1.896591,1240141,302,0,0,0,0,0,0,0,0,0,0,0,0,1,0,0,1,1,1,0,1,0,0,0
4.5667,1290808,302,0,0,0,0,0,0,0,0,0,0,0,0,1,0,0,1,1,1,0,1,0,0,0
5.359719,1290810,302,0,0,0,0,0,0,0,0,0,0,0,0,1,0,0,1,1,1,0,1,0,0,0
2.013285,1290813,302,0,0,0,0,0,0,0,0,0,0,0,0,1,0,0,1,1,1,0,1,0,0,0
4.57544,1290814,302,0,0,0,0,0,0,0,0,0,0,0,0,1,0,0,1,1,1,0,1,0,0,0
4.361443,907173,304,0,0,0,0,0,0,0,0,0,0,0,0,1,1,0,0,1,0,0,0,0,0,1
4.113538,908150,304,0,0,0,0,0,0,0,0,0,0,0,0,1,1,0,0,1,0,0,0,0,0,1
4.977446,908152,304,0,0,0,0,0,0,0,0,0,0,0,0,1,1,0,0,1,0,0,0,0,0,1
5.053367,908470,304,0,0,0,0,0,0,0,0,0,0,0,0,1,1,0,0,1,0,0,0,0,0,1
4.633068,1240131,304,0,0,0,0,0,0,0,0,0,0,0,0,1,1,0,0,1,0,0,0,0,0,1
4.252613,1240135,304,0,0,0,0,0,0,0,0,0,0,0,0,1,1,0,0,1,0,0,0,0,0,1
4.923266,1240136,304,0,0,0,0,0,0,0,0,0,0,0,0,1,1,0,0,1,0,0,0,0,0,1
3.81365,1240138,304,0,0,0,0,0,0,0,0,0,0,0,0,1,1,0,0,1,0,0,0,0,0,1
5.695451,1240141,304,0,0,0,0,0,0,0,0,0,0,0,0,1,1,0,0,1,0,0,0,0,0,1
5.095092,1290808,304,0,0,0,0,0,0,0,0,0,0,0,0,1,1,0,0,1,0,0,0,0,0,1
5.667839,1290810,304,0,0,0,0,0,0,0,0,0,0,0,0,1,1,0,0,1,0,0,0,0,0,1
3.892094,1290813,304,0,0,0,0,0,0,0,0,0,0,0,0,1,1,0,0,1,0,0,0,0,0,1
5.906381,1290814,304,0,0,0,0,0,0,0,0,0,0,0,0,1,1,0,0,1,0,0,0,0,0,1
1.989568,907173,305,0,0,0,0,0,0,0,0,0,0,0,0,1,1,0,0,1,1,0,0,0,0,0
4.38018,908150,305,0,0,0,0,0,0,0,0,0,0,0,0,1,1,0,0,1,1,0,0,0,0,0
4.142438,908152,305,0,0,0,0,0,0,0,0,0,0,0,0,1,1,0,0,1,1,0,0,0,0,0
4.018016,908470,305,0,0,0,0,0,0,0,0,0,0,0,0,1,1,0,0,1,1,0,0,0,0,0
3.411169,1240131,305,0,0,0,0,0,0,0,0,0,0,0,0,1,1,0,0,1,1,0,0,0,0,0
2.855904,1240135,305,0,0,0,0,0,0,0,0,0,0,0,0,1,1,0,0,1,1,0,0,0,0,0
3.914996,1240136,305,0,0,0,0,0,0,0,0,0,0,0,0,1,1,0,0,1,1,0,0,0,0,0
2.610253,1240138,305,0,0,0,0,0,0,0,0,0,0,0,0,1,1,0,0,1,1,0,0,0,0,0
5.777214,1240141,305,0,0,0,0,0,0,0,0,0,0,0,0,1,1,0,0,1,1,0,0,0,0,0
4.110591,1290808,305,0,0,0,0,0,0,0,0,0,0,0,0,1,1,0,0,1,1,0,0,0,0,0
4.791239,1290810,305,0,0,0,0,0,0,0,0,0,0,0,0,1,1,0,0,1,1,0,0,0,0,0
1.417809,1290813,305,0,0,0,0,0,0,0,0,0,0,0,0,1,1,0,0,1,1,0,0,0,0,0
4.931959,1290814,305,0,0,0,0,0,0,0,0,0,0,0,0,1,1,0,0,1,1,0,0,0,0,0
1.501209,907173,306,0,0,0,0,0,0,0,0,0,0,0,0,0,0,0,0,1,0,0,0,0,1,0
2.190502,908150,306,0,0,0,0,0,0,0,0,0,0,0,0,0,0,0,0,1,0,0,0,0,1,0
3.333092,908152,306,0,0,0,0,0,0,0,0,0,0,0,0,0,0,0,0,1,0,0,0,0,1,0
3.111799,908470,306,0,0,0,0,0,0,0,0,0,0,0,0,0,0,0,0,1,0,0,0,0,1,0
4.238928,1240131,306,0,0,0,0,0,0,0,0,0,0,0,0,0,0,0,0,1,0,0,0,0,1,0
1.73306,1240135,306,0,0,0,0,0,0,0,0,0,0,0,0,0,0,0,0,1,0,0,0,0,1,0
1.270959,1240136,306,0,0,0,0,0,0,0,0,0,0,0,0,0,0,0,0,1,0,0,0,0,1,0
0.138383,1240138,306,0,0,0,0,0,0,0,0,0,0,0,0,0,0,0,0,1,0,0,0,0,1,0
2.555159,1240139,306,0,0,0,0,0,0,0,0,0,0,0,0,0,0,0,0,1,0,0,0,0,1,0
2.257376,1240141,306,0,0,0,0,0,0,0,0,0,0,0,0,0,0,0,0,1,0,0,0,0,1,0
3.659152,1290808,306,0,0,0,0,0,0,0,0,0,0,0,0,0,0,0,0,1,0,0,0,0,1,0
4.285384,1290810,306,0,0,0,0,0,0,0,0,0,0,0,0,0,0,0,0,1,0,0,0,0,1,0
0.450976,1290813,306,0,0,0,0,0,0,0,0,0,0,0,0,0,0,0,0,1,0,0,0,0,1,0
2.651937,1290814,306,0,0,0,0,0,0,0,0,0,0,0,0,0,0,0,0,1,0,0,0,0,1,0
0.020335,907173,308,0,0,1,0,1,0,0,0,0,0,1,0,1,0,0,0,1,0,0,0,0,0,0
0.12547,908150,308,0,0,1,0,1,0,0,0,0,0,1,0,1,0,0,0,1,0,0,0,0,0,0
1.537485,908152,308,0,0,1,0,1,0,0,0,0,0,1,0,1,0,0,0,1,0,0,0,0,0,0
1.53897,908470,308,0,0,1,0,1,0,0,0,0,0,1,0,1,0,0,0,1,0,0,0,0,0,0
0.338228,1240131,308,0,0,1,0,1,0,0,0,0,0,1,0,1,0,0,0,1,0,0,0,0,0,0
0.641712,1240135,308,0,0,1,0,1,0,0,0,0,0,1,0,1,0,0,0,1,0,0,0,0,0,0
0.98848,1240136,308,0,0,1,0,1,0,0,0,0,0,1,0,1,0,0,0,1,0,0,0,0,0,0
-0.445242,1240138,308,0,0,1,0,1,0,0,0,0,0,1,0,1,0,0,0,1,0,0,0,0,0,0
4.806515,1240141,308,0,0,1,0,1,0,0,0,0,0,1,0,1,0,0,0,1,0,0,0,0,0,0
0.372979,1290808,308,0,0,1,0,1,0,0,0,0,0,1,0,1,0,0,0,1,0,0,0,0,0,0
1.476864,1290810,308,0,0,1,0,1,0,0,0,0,0,1,0,1,0,0,0,1,0,0,0,0,0,0
-0.986473,1290813,308,0,0,1,0,1,0,0,0,0,0,1,0,1,0,0,0,1,0,0,0,0,0,0
3.246699,1290814,308,0,0,1,0,1,0,0,0,0,0,1,0,1,0,0,0,1,0,0,0,0,0,0
5.405571,907173,309,0,0,0,0,0,0,0,0,0,0,0,0,1,1,0,0,1,1,0,0,0,0,0
6.046454,908150,309,0,0,0,0,0,0,0,0,0,0,0,0,1,1,0,0,1,1,0,0,0,0,0
5.425412,908152,309,0,0,0,0,0,0,0,0,0,0,0,0,1,1,0,0,1,1,0,0,0,0,0
5.089351,908470,309,0,0,0,0,0,0,0,0,0,0,0,0,1,1,0,0,1,1,0,0,0,0,0
3.469139,1240131,309,0,0,0,0,0,0,0,0,0,0,0,0,1,1,0,0,1,1,0,0,0,0,0
4.731731,1240135,309,0,0,0,0,0,0,0,0,0,0,0,0,1,1,0,0,1,1,0,0,0,0,0
4.775511,1240136,309,0,0,0,0,0,0,0,0,0,0,0,0,1,1,0,0,1,1,0,0,0,0,0
3.270503,1240138,309,0,0,0,0,0,0,0,0,0,0,0,0,1,1,0,0,1,1,0,0,0,0,0
6.409965,1240141,309,0,0,0,0,0,0,0,0,0,0,0,0,1,1,0,0,1,1,0,0,0,0,0
4.733267,1290808,309,0,0,0,0,0,0,0,0,0,0,0,0,1,1,0,0,1,1,0,0,0,0,0
5.669009,1290810,309,0,0,0,0,0,0,0,0,0,0,0,0,1,1,0,0,1,1,0,0,0,0,0
4.18685,1290813,309,0,0,0,0,0,0,0,0,0,0,0,0,1,1,0,0,1,1,0,0,0,0,0
3.828107,1290814,309,0,0,0,0,0,0,0,0,0,0,0,0,1,1,0,0,1,1,0,0,0,0,0
0.140304,907173,312,0,1,1,0,1,0,0,0,0,0,1,0,1,0,0,0,1,0,1,0,0,0,0
0.99355,908150,312,0,1,1,0,1,0,0,0,0,0,1,0,1,0,0,0,1,0,1,0,0,0,0
0.322646,908152,312,0,1,1,0,1,0,0,0,0,0,1,0,1,0,0,0,1,0,1,0,0,0,0
0.939174,908470,312,0,1,1,0,1,0,0,0,0,0,1,0,1,0,0,0,1,0,1,0,0,0,0
0.911498,1240131,312,0,1,1,0,1,0,0,0,0,0,1,0,1,0,0,0,1,0,1,0,0,0,0
0.797799,1240135,312,0,1,1,0,1,0,0,0,0,0,1,0,1,0,0,0,1,0,1,0,0,0,0
0.852585,1240136,312,0,1,1,0,1,0,0,0,0,0,1,0,1,0,0,0,1,0,1,0,0,0,0
0.752477,1240138,312,0,1,1,0,1,0,0,0,0,0,1,0,1,0,0,0,1,0,1,0,0,0,0
-0.759016,1240139,312,0,1,1,0,1,0,0,0,0,0,1,0,1,0,0,0,1,0,1,0,0,0,0
0.968544,1240141,312,0,1,1,0,1,0,0,0,0,0,1,0,1,0,0,0,1,0,1,0,0,0,0
0.617013,1290808,312,0,1,1,0,1,0,0,0,0,0,1,0,1,0,0,0,1,0,1,0,0,0,0
1.251701,1290810,312,0,1,1,0,1,0,0,0,0,0,1,0,1,0,0,0,1,0,1,0,0,0,0
0.353159,1290813,312,0,1,1,0,1,0,0,0,0,0,1,0,1,0,0,0,1,0,1,0,0,0,0
0.174275,1290814,312,0,1,1,0,1,0,0,0,0,0,1,0,1,0,0,0,1,0,1,0,0,0,0
4.954091,907173,326,0,0,0,0,0,0,0,0,0,0,0,0,0,0,0,0,1,0,0,0,0,0,1
5.67222,908150,326,0,0,0,0,0,0,0,0,0,0,0,0,0,0,0,0,1,0,0,0,0,0,1
4.767026,908152,326,0,0,0,0,0,0,0,0,0,0,0,0,0,0,0,0,1,0,0,0,0,0,1
4.95038,908470,326,0,0,0,0,0,0,0,0,0,0,0,0,0,0,0,0,1,0,0,0,0,0,1
5.742941,1240131,326,0,0,0,0,0,0,0,0,0,0,0,0,0,0,0,0,1,0,0,0,0,0,1
5.436278,1240135,326,0,0,0,0,0,0,0,0,0,0,0,0,0,0,0,0,1,0,0,0,0,0,1
4.694116,1240136,326,0,0,0,0,0,0,0,0,0,0,0,0,0,0,0,0,1,0,0,0,0,0,1
3.508812,1240138,326,0,0,0,0,0,0,0,0,0,0,0,0,0,0,0,0,1,0,0,0,0,0,1
4.67097,1240139,326,0,0,0,0,0,0,0,0,0,0,0,0,0,0,0,0,1,0,0,0,0,0,1
5.599273,1240141,326,0,0,0,0,0,0,0,0,0,0,0,0,0,0,0,0,1,0,0,0,0,0,1
4.755748,1290808,326,0,0,0,0,0,0,0,0,0,0,0,0,0,0,0,0,1,0,0,0,0,0,1
5.637301,1290810,326,0,0,0,0,0,0,0,0,0,0,0,0,0,0,0,0,1,0,0,0,0,0,1
4.836961,1290813,326,0,0,0,0,0,0,0,0,0,0,0,0,0,0,0,0,1,0,0,0,0,0,1
4.697414,1290814,326,0,0,0,0,0,0,0,0,0,0,0,0,0,0,0,0,1,0,0,0,0,0,1
4.253142,907173,329,0,0,0,0,1,0,0,0,0,0,0,0,1,0,0,1,1,1,0,0,0,0,0
5.341865,908150,329,0,0,0,0,1,0,0,0,0,0,0,0,1,0,0,1,1,1,0,0,0,0,0
4.673023,908152,329,0,0,0,0,1,0,0,0,0,0,0,0,1,0,0,1,1,1,0,0,0,0,0
4.189036,908470,329,0,0,0,0,1,0,0,0,0,0,0,0,1,0,0,1,1,1,0,0,0,0,0
5.326188,1240131,329,0,0,0,0,1,0,0,0,0,0,0,0,1,0,0,1,1,1,0,0,0,0,0
5.453241,1240135,329,0,0,0,0,1,0,0,0,0,0,0,0,1,0,0,1,1,1,0,0,0,0,0
3.461362,1240136,329,0,0,0,0,1,0,0,0,0,0,0,0,1,0,0,1,1,1,0,0,0,0,0
3.398125,1240138,329,0,0,0,0,1,0,0,0,0,0,0,0,1,0,0,1,1,1,0,0,0,0,0
2.269459,1240139,329,0,0,0,0,1,0,0,0,0,0,0,0,1,0,0,1,1,1,0,0,0,0,0
5.752935,1240141,329,0,0,0,0,1,0,0,0,0,0,0,0,1,0,0,1,1,1,0,0,0,0,0
4.828657,1290808,329,0,0,0,0,1,0,0,0,0,0,0,0,1,0,0,1,1,1,0,0,0,0,0
5.637704,1290810,329,0,0,0,0,1,0,0,0,0,0,0,0,1,0,0,1,1,1,0,0,0,0,0
2.381745,1290813,329,0,0,0,0,1,0,0,0,0,0,0,0,1,0,0,1,1,1,0,0,0,0,0
4.671104,1290814,329,0,0,0,0,1,0,0,0,0,0,0,0,1,0,0,1,1,1,0,0,0,0,0
3.631581,907173,330,0,0,0,0,1,0,0,0,0,1,0,1,1,1,0,0,1,1,1,1,1,0,0
4.98061,908150,330,0,0,0,0,1,0,0,0,0,1,0,1,1,1,0,0,1,1,1,1,1,0,0
4.558281,908152,330,0,0,0,0,1,0,0,0,0,1,0,1,1,1,0,0,1,1,1,1,1,0,0
4.928899,908470,330,0,0,0,0,1,0,0,0,0,1,0,1,1,1,0,0,1,1,1,1,1,0,0
3.94125,1240131,330,0,0,0,0,1,0,0,0,0,1,0,1,1,1,0,0,1,1,1,1,1,0,0
5.203953,1240135,330,0,0,0,0,1,0,0,0,0,1,0,1,1,1,0,0,1,1,1,1,1,0,0
4.657715,1240136,330,0,0,0,0,1,0,0,0,0,1,0,1,1,1,0,0,1,1,1,1,1,0,0
3.055616,1240138,330,0,0,0,0,1,0,0,0,0,1,0,1,1,1,0,0,1,1,1,1,1,0,0
4.679972,1240139,330,0,0,0,0,1,0,0,0,0,1,0,1,1,1,0,0,1,1,1,1,1,0,0
4.810443,1240141,330,0,0,0,0,1,0,0,0,0,1,0,1,1,1,0,0,1,1,1,1,1,0,0
3.667434,1290808,330,0,0,0,0,1,0,0,0,0,1,0,1,1,1,0,0,1,1,1,1,1,0,0
5.63782,1290810,330,0,0,0,0,1,0,0,0,0,1,0,1,1,1,0,0,1,1,1,1,1,0,0
4.565894,1290813,330,0,0,0,0,1,0,0,0,0,1,0,1,1,1,0,0,1,1,1,1,1,0,0
5.109113,1290814,330,0,0,0,0,1,0,0,0,0,1,0,1,1,1,0,0,1,1,1,1,1,0,0
3.205346,907173,331,0,0,0,0,1,0,0,0,0,1,0,1,1,1,0,0,1,1,0,0,0,0,0
2.440874,908150,331,0,0,0,0,1,0,0,0,0,1,0,1,1,1,0,0,1,1,0,0,0,0,0
3.574154,908152,331,0,0,0,0,1,0,0,0,0,1,0,1,1,1,0,0,1,1,0,0,0,0,0
3.775781,908470,331,0,0,0,0,1,0,0,0,0,1,0,1,1,1,0,0,1,1,0,0,0,0,0
1.796347,1240131,331,0,0,0,0,1,0,0,0,0,1,0,1,1,1,0,0,1,1,0,0,0,0,0
2.73255,1240135,331,0,0,0,0,1,0,0,0,0,1,0,1,1,1,0,0,1,1,0,0,0,0,0
2.509781,1240136,331,0,0,0,0,1,0,0,0,0,1,0,1,1,1,0,0,1,1,0,0,0,0,0
0.343007,1240138,331,0,0,0,0,1,0,0,0,0,1,0,1,1,1,0,0,1,1,0,0,0,0,0
2.088713,1240139,331,0,0,0,0,1,0,0,0,0,1,0,1,1,1,0,0,1,1,0,0,0,0,0
2.96943,1240141,331,0,0,0,0,1,0,0,0,0,1,0,1,1,1,0,0,1,1,0,0,0,0,0
3.169606,1290808,331,0,0,0,0,1,0,0,0,0,1,0,1,1,1,0,0,1,1,0,0,0,0,0
3.843431,1290810,331,0,0,0,0,1,0,0,0,0,1,0,1,1,1,0,0,1,1,0,0,0,0,0
1.08359,1290813,331,0,0,0,0,1,0,0,0,0,1,0,1,1,1,0,0,1,1,0,0,0,0,0
3.865377,1290814,331,0,0,0,0,1,0,0,0,0,1,0,1,1,1,0,0,1,1,0,0,0,0,0
4.800828,907173,345,0,0,0,0,1,0,1,0,0,0,0,1,1,0,0,1,1,1,0,0,0,0,0
6.34165,908150,345,0,0,0,0,1,0,1,0,0,0,0,1,1,0,0,1,1,1,0,0,0,0,0
5.118463,908152,345,0,0,0,0,1,0,1,0,0,0,0,1,1,0,0,1,1,1,0,0,0,0,0
6.263035,908470,345,0,0,0,0,1,0,1,0,0,0,0,1,1,0,0,1,1,1,0,0,0,0,0
4.942749,1240131,345,0,0,0,0,1,0,1,0,0,0,0,1,1,0,0,1,1,1,0,0,0,0,0
5.024326,1240135,345,0,0,0,0,1,0,1,0,0,0,0,1,1,0,0,1,1,1,0,0,0,0,0
5.691359,1240136,345,0,0,0,0,1,0,1,0,0,0,0,1,1,0,0,1,1,1,0,0,0,0,0
6.317364,1240138,345,0,0,0,0,1,0,1,0,0,0,0,1,1,0,0,1,1,1,0,0,0,0,0
6.408336,1240141,345,0,0,0,0,1,0,1,0,0,0,0,1,1,0,0,1,1,1,0,0,0,0,0
5.201728,1290808,345,0,0,0,0,1,0,1,0,0,0,0,1,1,0,0,1,1,1,0,0,0,0,0
6.08644,1290810,345,0,0,0,0,1,0,1,0,0,0,0,1,1,0,0,1,1,1,0,0,0,0,0
4.153121,1290813,345,0,0,0,0,1,0,1,0,0,0,0,1,1,0,0,1,1,1,0,0,0,0,0
5.424432,1290814,345,0,0,0,0,1,0,1,0,0,0,0,1,1,0,0,1,1,1,0,0,0,0,0
1.803987,908150,1010,1,0,1,0,1,0,0,0,0,0,1,0,1,0,0,0,1,0,0,0,0,0,0
0.334981,908152,1010,1,0,1,0,1,0,0,0,0,0,1,0,1,0,0,0,1,0,0,0,0,0,0
0.086398,908470,1010,1,0,1,0,1,0,0,0,0,0,1,0,1,0,0,0,1,0,0,0,0,0,0
2.635456,1240138,1010,1,0,1,0,1,0,0,0,0,0,1,0,1,0,0,0,1,0,0,0,0,0,0
0.482232,1240139,1010,1,0,1,0,1,0,0,0,0,0,1,0,1,0,0,0,1,0,0,0,0,0,0
1.76045,1240141,1010,1,0,1,0,1,0,0,0,0,0,1,0,1,0,0,0,1,0,0,0,0,0,0
1.61795,1290808,1010,1,0,1,0,1,0,0,0,0,0,1,0,1,0,0,0,1,0,0,0,0,0,0
2.618371,1290810,1010,1,0,1,0,1,0,0,0,0,0,1,0,1,0,0,0,1,0,0,0,0,0,0
0.718045,1290813,1010,1,0,1,0,1,0,0,0,0,0,1,0,1,0,0,0,1,0,0,0,0,0,0
2.092703,908150,1013,1,0,0,0,1,0,0,0,0,0,0,0,1,0,0,1,1,1,0,0,0,0,1
1.831519,908152,1013,1,0,0,0,1,0,0,0,0,0,0,0,1,0,0,1,1,1,0,0,0,0,1
2.830313,908470,1013,1,0,0,0,1,0,0,0,0,0,0,0,1,0,0,1,1,1,0,0,0,0,1
3.698091,1240138,1013,1,0,0,0,1,0,0,0,0,0,0,0,1,0,0,1,1,1,0,0,0,0,1
3.04611,1240139,1013,1,0,0,0,1,0,0,0,0,0,0,0,1,0,0,1,1,1,0,0,0,0,1
4.122363,1240141,1013,1,0,0,0,1,0,0,0,0,0,0,0,1,0,0,1,1,1,0,0,0,0,1
3.03468,1290808,1013,1,0,0,0,1,0,0,0,0,0,0,0,1,0,0,1,1,1,0,0,0,0,1
3.634914,1290810,1013,1,0,0,0,1,0,0,0,0,0,0,0,1,0,0,1,1,1,0,0,0,0,1
2.100563,1290813,1013,1,0,0,0,1,0,0,0,0,0,0,0,1,0,0,1,1,1,0,0,0,0,1
2.711263,908150,1015,1,1,0,0,1,0,0,0,0,0,0,0,1,0,0,0,1,1,0,0,0,0,0
1.841985,908152,1015,1,1,0,0,1,0,0,0,0,0,0,0,1,0,0,0,1,1,0,0,0,0,0
2.515605,908470,1015,1,1,0,0,1,0,0,0,0,0,0,0,1,0,0,0,1,1,0,0,0,0,0
3.953797,1240138,1015,1,1,0,0,1,0,0,0,0,0,0,0,1,0,0,0,1,1,0,0,0,0,0
2.161837,1240139,1015,1,1,0,0,1,0,0,0,0,0,0,0,1,0,0,0,1,1,0,0,0,0,0
3.659239,1240141,1015,1,1,0,0,1,0,0,0,0,0,0,0,1,0,0,0,1,1,0,0,0,0,0
2.551277,1290808,1015,1,1,0,0,1,0,0,0,0,0,0,0,1,0,0,0,1,1,0,0,0,0,0
4.180123,1290810,1015,1,1,0,0,1,0,0,0,0,0,0,0,1,0,0,0,1,1,0,0,0,0,0
0.493349,1290813,1015,1,1,0,0,1,0,0,0,0,0,0,0,1,0,0,0,1,1,0,0,0,0,0
3.199871,908150,1019,1,1,1,0,1,0,0,0,0,0,1,0,1,1,0,0,1,0,0,0,0,0,1
0.305036,908152,1019,1,1,1,0,1,0,0,0,0,0,1,0,1,1,0,0,1,0,0,0,0,0,1
2.070768,908470,1019,1,1,1,0,1,0,0,0,0,0,1,0,1,1,0,0,1,0,0,0,0,0,1
3.499914,1240138,1019,1,1,1,0,1,0,0,0,0,0,1,0,1,1,0,0,1,0,0,0,0,0,1
-0.030078,1240139,1019,1,1,1,0,1,0,0,0,0,0,1,0,1,1,0,0,1,0,0,0,0,0,1
2.132763,1240141,1019,1,1,1,0,1,0,0,0,0,0,1,0,1,1,0,0,1,0,0,0,0,0,1
-0.316699,1290808,1019,1,1,1,0,1,0,0,0,0,0,1,0,1,1,0,0,1,0,0,0,0,0,1
2.792359,1290810,1019,1,1,1,0,1,0,0,0,0,0,1,0,1,1,0,0,1,0,0,0,0,0,1
0.337863,1290813,1019,1,1,1,0,1,0,0,0,0,0,1,0,1,1,0,0,1,0,0,0,0,0,1
2.823359,908150,1021,1,0,0,0,1,0,0,0,0,0,0,0,1,0,0,0,1,1,0,1,0,1,0
1.96783,908152,1021,1,0,0,0,1,0,0,0,0,0,0,0,1,0,0,0,1,1,0,1,0,1,0
1.803041,908470,1021,1,0,0,0,1,0,0,0,0,0,0,0,1,0,0,0,1,1,0,1,0,1,0
1.390433,1240138,1021,1,0,0,0,1,0,0,0,0,0,0,0,1,0,0,0,1,1,0,1,0,1,0
0.879599,1240139,1021,1,0,0,0,1,0,0,0,0,0,0,0,1,0,0,0,1,1,0,1,0,1,0
4.076652,1240141,1021,1,0,0,0,1,0,0,0,0,0,0,0,1,0,0,0,1,1,0,1,0,1,0
0.810915,1290808,1021,1,0,0,0,1,0,0,0,0,0,0,0,1,0,0,0,1,1,0,1,0,1,0
3.752679,1290810,1021,1,0,0,0,1,0,0,0,0,0,0,0,1,0,0,0,1,1,0,1,0,1,0
-0.39086,1290813,1021,1,0,0,0,1,0,0,0,0,0,0,0,1,0,0,0,1,1,0,1,0,1,0
-1.182638,908150,1022,1,0,0,0,0,0,0,0,0,0,0,0,1,1,0,0,1,0,0,1,0,1,1
-1.126338,908152,1022,1,0,0,0,0,0,0,0,0,0,0,0,1,1,0,0,1,0,0,1,0,1,1
-0.967076,908470,1022,1,0,0,0,0,0,0,0,0,0,0,0,1,1,0,0,1,0,0,1,0,1,1
0.061826,1240138,1022,1,0,0,0,0,0,0,0,0,0,0,0,1,1,0,0,1,0,0,1,0,1,1
-0.209932,1240139,1022,1,0,0,0,0,0,0,0,0,0,0,0,1,1,0,0,1,0,0,1,0,1,1
0.931817,1240141,1022,1,0,0,0,0,0,0,0,0,0,0,0,1,1,0,0,1,0,0,1,0,1,1
-1.119767,1290808,1022,1,0,0,0,0,0,0,0,0,0,0,0,1,1,0,0,1,0,0,1,0,1,1
-0.900468,1290810,1022,1,0,0,0,0,0,0,0,0,0,0,0,1,1,0,0,1,0,0,1,0,1,1
-1.467475,1290813,1022,1,0,0,0,0,0,0,0,0,0,0,0,1,1,0,0,1,0,0,1,0,1,1
2.987568,908150,1023,1,0,0,0,1,0,0,0,0,0,0,1,1,1,0,1,1,1,0,0,0,0,1
3.073917,908152,1023,1,0,0,0,1,0,0,0,0,0,0,1,1,1,0,1,1,1,0,0,0,0,1
3.954976,908470,1023,1,0,0,0,1,0,0,0,0,0,0,1,1,1,0,1,1,1,0,0,0,0,1
1.27,1240138,1023,1,0,0,0,1,0,0,0,0,0,0,1,1,1,0,1,1,1,0,0,0,0,1
0.758749,1240139,1023,1,0,0,0,1,0,0,0,0,0,0,1,1,1,0,1,1,1,0,0,0,0,1
2.501176,1240141,1023,1,0,0,0,1,0,0,0,0,0,0,1,1,1,0,1,1,1,0,0,0,0,1
-1.032547,1290808,1023,1,0,0,0,1,0,0,0,0,0,0,1,1,1,0,1,1,1,0,0,0,0,1
2.170901,1290810,1023,1,0,0,0,1,0,0,0,0,0,0,1,1,1,0,1,1,1,0,0,0,0,1
0.765881,1290813,1023,1,0,0,0,1,0,0,0,0,0,0,1,1,1,0,1,1,1,0,0,0,0,1
-1.388792,908150,1024,1,0,0,0,1,0,1,0,0,1,0,1,1,1,0,1,1,0,0,1,0,0,1
-0.948051,908152,1024,1,0,0,0,1,0,1,0,0,1,0,1,1,1,0,1,1,0,0,1,0,0,1
-0.546812,908470,1024,1,0,0,0,1,0,1,0,0,1,0,1,1,1,0,1,1,0,0,1,0,0,1
1.983766,1240138,1024,1,0,0,0,1,0,1,0,0,1,0,1,1,1,0,1,1,0,0,1,0,0,1
-2.995207,1240139,1024,1,0,0,0,1,0,1,0,0,1,0,1,1,1,0,1,1,0,0,1,0,0,1
4.043229,1240141,1024,1,0,0,0,1,0,1,0,0,1,0,1,1,1,0,1,1,0,0,1,0,0,1
-1.597652,1290808,1024,1,0,0,0,1,0,1,0,0,1,0,1,1,1,0,1,1,0,0,1,0,0,1
1.899194,1290810,1024,1,0,0,0,1,0,1,0,0,1,0,1,1,1,0,1,1,0,0,1,0,0,1
-2.771928,1290813,1024,1,0,0,0,1,0,1,0,0,1,0,1,1,1,0,1,1,0,0,1,0,0,1
4.31667,908150,1025,1,0,0,1,1,0,0,0,0,0,0,1,1,1,0,1,1,0,0,0,0,0,0
4.74331,908152,1025,1,0,0,1,1,0,0,0,0,0,0,1,1,1,0,1,1,0,0,0,0,0,0
3.445241,908470,1025,1,0,0,1,1,0,0,0,0,0,0,1,1,1,0,1,1,0,0,0,0,0,0
4.743972,1240138,1025,1,0,0,1,1,0,0,0,0,0,0,1,1,1,0,1,1,0,0,0,0,0,0
4.656058,1240139,1025,1,0,0,1,1,0,0,0,0,0,0,1,1,1,0,1,1,0,0,0,0,0,0
4.871484,1290813,1025,1,0,0,1,1,0,0,0,0,0,0,1,1,1,0,1,1,0,0,0,0,0,0
3.131982,908152,1028,1,0,0,0,0,0,0,0,0,0,0,0,1,1,0,0,1,1,1,0,0,0,0
2.871278,908470,1028,1,0,0,0,0,0,0,0,0,0,0,0,1,1,0,0,1,1,1,0,0,0,0
3.830834,1240138,1028,1,0,0,0,0,0,0,0,0,0,0,0,1,1,0,0,1,1,1,0,0,0,0
2.252919,1240139,1028,1,0,0,0,0,0,0,0,0,0,0,0,1,1,0,0,1,1,1,0,0,0,0
4.122363,1240141,1028,1,0,0,0,0,0,0,0,0,0,0,0,1,1,0,0,1,1,1,0,0,0,0
3.450339,1290808,1028,1,0,0,0,0,0,0,0,0,0,0,0,1,1,0,0,1,1,1,0,0,0,0
4.004665,1290810,1028,1,0,0,0,0,0,0,0,0,0,0,0,1,1,0,0,1,1,1,0,0,0,0
1.023934,1290813,1028,1,0,0,0,0,0,0,0,0,0,0,0,1,1,0,0,1,1,1,0,0,0,0
3.425295,908150,1029,1,0,0,0,1,0,0,0,0,0,0,1,1,1,0,0,1,1,0,0,0,0,0
3.127743,908152,1029,1,0,0,0,1,0,0,0,0,0,0,1,1,1,0,0,1,1,0,0,0,0,0
3.511868,908470,1029,1,0,0,0,1,0,0,0,0,0,0,1,1,1,0,0,1,1,0,0,0,0,0
2.685984,1240131,1029,1,0,0,0,1,0,0,0,0,0,0,1,1,1,0,0,1,1,0,0,0,0,0
2.222321,1240138,1029,1,0,0,0,1,0,0,0,0,0,0,1,1,1,0,0,1,1,0,0,0,0,0
2.821504,1240139,1029,1,0,0,0,1,0,0,0,0,0,0,1,1,1,0,0,1,1,0,0,0,0,0
4.113343,1240141,1029,1,0,0,0,1,0,0,0,0,0,0,1,1,1,0,0,1,1,0,0,0,0,0
1.605466,1290808,1029,1,0,0,0,1,0,0,0,0,0,0,1,1,1,0,0,1,1,0,0,0,0,0
3.799502,1290810,1029,1,0,0,0,1,0,0,0,0,0,0,1,1,1,0,0,1,1,0,0,0,0,0
1.742324,1290813,1029,1,0,0,0,1,0,0,0,0,0,0,1,1,1,0,0,1,1,0,0,0,0,0
4.468429,908150,1030,1,0,0,0,0,0,0,0,1,0,0,0,1,1,0,0,1,1,0,1,0,0,0
4.389771,908152,1030,1,0,0,0,0,0,0,0,1,0,0,0,1,1,0,0,1,1,0,1,0,0,0
3.930208,908470,1030,1,0,0,0,0,0,0,0,1,0,0,0,1,1,0,0,1,1,0,1,0,0,0
3.937015,1240131,1030,1,0,0,0,0,0,0,0,1,0,0,0,1,1,0,0,1,1,0,1,0,0,0
5.631188,1240138,1030,1,0,0,0,0,0,0,0,1,0,0,0,1,1,0,0,1,1,0,1,0,0,0
4.36721,1240139,1030,1,0,0,0,0,0,0,0,1,0,0,0,1,1,0,0,1,1,0,1,0,0,0
4.517677,1240141,1030,1,0,0,0,0,0,0,0,1,0,0,0,1,1,0,0,1,1,0,1,0,0,0
4.507615,1290808,1030,1,0,0,0,0,0,0,0,1,0,0,0,1,1,0,0,1,1,0,1,0,0,0
5.165307,1290810,1030,1,0,0,0,0,0,0,0,1,0,0,0,1,1,0,0,1,1,0,1,0,0,0
2.368614,1290813,1030,1,0,0,0,0,0,0,0,1,0,0,0,1,1,0,0,1,1,0,1,0,0,0
3.179509,908150,1037,1,0,0,0,0,0,0,0,0,0,0,0,0,0,0,0,1,1,0,1,0,0,0
1.799323,908152,1037,1,0,0,0,0,0,0,0,0,0,0,0,0,0,0,0,1,1,0,1,0,0,0
1.203482,908470,1037,1,0,0,0,0,0,0,0,0,0,0,0,0,0,0,0,1,1,0,1,0,0,0
2.200853,1240131,1037,1,0,0,0,0,0,0,0,0,0,0,0,0,0,0,0,1,1,0,1,0,0,0
3.276515,1240138,1037,1,0,0,0,0,0,0,0,0,0,0,0,0,0,0,0,1,1,0,1,0,0,0
1.247702,1240139,1037,1,0,0,0,0,0,0,0,0,0,0,0,0,0,0,0,1,1,0,1,0,0,0
3.938071,1240141,1037,1,0,0,0,0,0,0,0,0,0,0,0,0,0,0,0,1,1,0,1,0,0,0
2.439564,1290808,1037,1,0,0,0,0,0,0,0,0,0,0,0,0,0,0,0,1,1,0,1,0,0,0
2.74713,1290810,1037,1,0,0,0,0,0,0,0,0,0,0,0,0,0,0,0,1,1,0,1,0,0,0
1.437313,1290813,1037,1,0,0,0,0,0,0,0,0,0,0,0,0,0,0,0,1,1,0,1,0,0,0
1.317676,908150,1038,1,0,0,0,0,1,0,0,0,1,0,1,1,1,0,0,1,1,0,1,0,0,0
2.590865,908152,1038,1,0,0,0,0,1,0,0,0,1,0,1,1,1,0,0,1,1,0,1,0,0,0
2.253037,908470,1038,1,0,0,0,0,1,0,0,0,1,0,1,1,1,0,0,1,1,0,1,0,0,0
3.045229,1240131,1038,1,0,0,0,0,1,0,0,0,1,0,1,1,1,0,0,1,1,0,1,0,0,0
3.356862,1240138,1038,1,0,0,0,0,1,0,0,0,1,0,1,1,1,0,0,1,1,0,1,0,0,0
2.046838,1240139,1038,1,0,0,0,0,1,0,0,0,1,0,1,1,1,0,0,1,1,0,1,0,0,0
3.698001,1240141,1038,1,0,0,0,0,1,0,0,0,1,0,1,1,1,0,0,1,1,0,1,0,0,0
2.92495,1290808,1038,1,0,0,0,0,1,0,0,0,1,0,1,1,1,0,0,1,1,0,1,0,0,0
3.999963,1290810,1038,1,0,0,0,0,1,0,0,0,1,0,1,1,1,0,0,1,1,0,1,0,0,0
1.945406,1290813,1038,1,0,0,0,0,1,0,0,0,1,0,1,1,1,0,0,1,1,0,1,0,0,0
5.300488,908150,1039,1,0,0,0,0,1,0,1,0,0,1,0,1,1,1,0,1,1,0,0,0,0,0
3.808503,908152,1039,1,0,0,0,0,1,0,1,0,0,1,0,1,1,1,0,1,1,0,0,0,0,0
5.206362,908470,1039,1,0,0,0,0,1,0,1,0,0,1,0,1,1,1,0,1,1,0,0,0,0,0
5.191962,1240131,1039,1,0,0,0,0,1,0,1,0,0,1,0,1,1,1,0,1,1,0,0,0,0,0
5.631188,1240138,1039,1,0,0,0,0,1,0,1,0,0,1,0,1,1,1,0,1,1,0,0,0,0,0
4.656255,1240139,1039,1,0,0,0,0,1,0,1,0,0,1,0,1,1,1,0,1,1,0,0,0,0,0
5.597027,1240141,1039,1,0,0,0,0,1,0,1,0,0,1,0,1,1,1,0,1,1,0,0,0,0,0
5.050858,1290808,1039,1,0,0,0,0,1,0,1,0,0,1,0,1,1,1,0,1,1,0,0,0,0,0
5.602612,1290810,1039,1,0,0,0,0,1,0,1,0,0,1,0,1,1,1,0,1,1,0,0,0,0,0
4.276435,1290813,1039,1,0,0,0,0,1,0,1,0,0,1,0,1,1,1,0,1,1,0,0,0,0,0
5.089862,908150,1042,1,0,0,0,1,1,1,0,0,0,0,1,1,0,0,0,1,0,1,0,1,0,0
4.72793,908152,1042,1,0,0,0,1,1,1,0,0,0,0,1,1,0,0,0,1,0,1,0,1,0,0
3.197432,908470,1042,1,0,0,0,1,1,1,0,0,0,0,1,1,0,0,0,1,0,1,0,1,0,0
5.620499,1240131,1042,1,0,0,0,1,1,1,0,0,0,0,1,1,0,0,0,1,0,1,0,1,0,0
3.321722,1240138,1042,1,0,0,0,1,1,1,0,0,0,0,1,1,0,0,0,1,0,1,0,1,0,0
3.344935,1240139,1042,1,0,0,0,1,1,1,0,0,0,0,1,1,0,0,0,1,0,1,0,1,0,0
5.731801,1240141,1042,1,0,0,0,1,1,1,0,0,0,0,1,1,0,0,0,1,0,1,0,1,0,0
2.1419,1290808,1042,1,0,0,0,1,1,1,0,0,0,0,1,1,0,0,0,1,0,1,0,1,0,0
4.383527,1290810,1042,1,0,0,0,1,1,1,0,0,0,0,1,1,0,0,0,1,0,1,0,1,0,0
4.686136,1290813,1042,1,0,0,0,1,1,1,0,0,0,0,1,1,0,0,0,1,0,1,0,1,0,0
5.000183,908150,1043,1,0,0,0,0,1,0,0,0,0,0,0,1,0,1,0,1,0,1,0,0,0,0
4.396645,908152,1043,1,0,0,0,0,1,0,0,0,0,0,0,1,0,1,0,1,0,1,0,0,0,0
5.660553,908470,1043,1,0,0,0,0,1,0,0,0,0,0,0,1,0,1,0,1,0,1,0,0,0,0
5.254212,1240131,1043,1,0,0,0,0,1,0,0,0,0,0,0,1,0,1,0,1,0,1,0,0,0,0
3.955217,1240138,1043,1,0,0,0,0,1,0,0,0,0,0,0,1,0,1,0,1,0,1,0,0,0,0
4.649575,1240139,1043,1,0,0,0,0,1,0,0,0,0,0,0,1,0,1,0,1,0,1,0,0,0,0
5.404726,1240141,1043,1,0,0,0,0,1,0,0,0,0,0,0,1,0,1,0,1,0,1,0,0,0,0
3.454164,1290808,1043,1,0,0,0,0,1,0,0,0,0,0,0,1,0,1,0,1,0,1,0,0,0,0
5.477778,1290810,1043,1,0,0,0,0,1,0,0,0,0,0,0,1,0,1,0,1,0,1,0,0,0,0
3.525748,1290813,1043,1,0,0,0,0,1,0,0,0,0,0,0,1,0,1,0,1,0,1,0,0,0,0
1.01235,908150,1046,1,0,0,1,1,0,1,0,0,1,0,1,1,1,0,1,1,0,0,0,0,0,0
1.366949,908152,1046,1,0,0,1,1,0,1,0,0,1,0,1,1,1,0,1,1,0,0,0,0,0,0
2.374462,908470,1046,1,0,0,1,1,0,1,0,0,1,0,1,1,1,0,1,1,0,0,0,0,0,0
3.147159,1240131,1046,1,0,0,1,1,0,1,0,0,1,0,1,1,1,0,1,1,0,0,0,0,0,0
3.707332,1240138,1046,1,0,0,1,1,0,1,0,0,1,0,1,1,1,0,1,1,0,0,0,0,0,0
2.607126,1240139,1046,1,0,0,1,1,0,1,0,0,1,0,1,1,1,0,1,1,0,0,0,0,0,0
3.643402,1240141,1046,1,0,0,1,1,0,1,0,0,1,0,1,1,1,0,1,1,0,0,0,0,0,0
1.530455,1290808,1046,1,0,0,1,1,0,1,0,0,1,0,1,1,1,0,1,1,0,0,0,0,0,0
3.985394,1290810,1046,1,0,0,1,1,0,1,0,0,1,0,1,1,1,0,1,1,0,0,0,0,0,0
2.129045,1290813,1046,1,0,0,1,1,0,1,0,0,1,0,1,1,1,0,1,1,0,0,0,0,0,0
2.005987,908150,1049,1,0,0,0,0,0,0,1,0,0,0,1,1,1,0,0,1,0,1,0,0,0,0
0.054413,908152,1049,1,0,0,0,0,0,0,1,0,0,0,1,1,1,0,0,1,0,1,0,0,0,0
3.854483,908470,1049,1,0,0,0,0,0,0,1,0,0,0,1,1,1,0,0,1,0,1,0,0,0,0
-0.086487,1240131,1049,1,0,0,0,0,0,0,1,0,0,0,1,1,1,0,0,1,0,1,0,0,0,0
3.54085,1240138,1049,1,0,0,0,0,0,0,1,0,0,0,1,1,1,0,0,1,0,1,0,0,0,0
2.32819,1240139,1049,1,0,0,0,0,0,0,1,0,0,0,1,1,1,0,0,1,0,1,0,0,0,0
4.061388,1240141,1049,1,0,0,0,0,0,0,1,0,0,0,1,1,1,0,0,1,0,1,0,0,0,0
2.512045,1290808,1049,1,0,0,0,0,0,0,1,0,0,0,1,1,1,0,0,1,0,1,0,0,0,0
4.003862,1290810,1049,1,0,0,0,0,0,0,1,0,0,0,1,1,1,0,0,1,0,1,0,0,0,0
-1.811498,1290813,1049,1,0,0,0,0,0,0,1,0,0,0,1,1,1,0,0,1,0,1,0,0,0,0
4.666351,908150,1050,1,0,1,0,1,0,0,0,0,0,1,0,1,0,0,0,1,1,0,0,0,0,0
1.249921,908152,1050,1,0,1,0,1,0,0,0,0,0,1,0,1,0,0,0,1,1,0,0,0,0,0
2.574714,908470,1050,1,0,1,0,1,0,0,0,0,0,1,0,1,0,0,0,1,1,0,0,0,0,0
1.557149,1240131,1050,1,0,1,0,1,0,0,0,0,0,1,0,1,0,0,0,1,1,0,0,0,0,0
4.670949,1240138,1050,1,0,1,0,1,0,0,0,0,0,1,0,1,0,0,0,1,1,0,0,0,0,0
1.595746,1240139,1050,1,0,1,0,1,0,0,0,0,0,1,0,1,0,0,0,1,1,0,0,0,0,0
4.767073,1240141,1050,1,0,1,0,1,0,0,0,0,0,1,0,1,0,0,0,1,1,0,0,0,0,0
2.336441,1290808,1050,1,0,1,0,1,0,0,0,0,0,1,0,1,0,0,0,1,1,0,0,0,0,0
4.575381,1290810,1050,1,0,1,0,1,0,0,0,0,0,1,0,1,0,0,0,1,1,0,0,0,0,0
2.434704,1290813,1050,1,0,1,0,1,0,0,0,0,0,1,0,1,0,0,0,1,1,0,0,0,0,0
2.232226,908150,1052,1,0,0,0,1,0,0,0,0,1,0,0,1,1,0,0,1,1,0,0,0,0,0
3.771761,908152,1052,1,0,0,0,1,0,0,0,0,1,0,0,1,1,0,0,1,1,0,0,0,0,0
2.737297,908470,1052,1,0,0,0,1,0,0,0,0,1,0,0,1,1,0,0,1,1,0,0,0,0,0
4.627365,1240131,1052,1,0,0,0,1,0,0,0,0,1,0,0,1,1,0,0,1,1,0,0,0,0,0
3.975034,1240138,1052,1,0,0,0,1,0,0,0,0,1,0,0,1,1,0,0,1,1,0,0,0,0,0
3.603554,1240139,1052,1,0,0,0,1,0,0,0,0,1,0,0,1,1,0,0,1,1,0,0,0,0,0
2.114946,1290808,1052,1,0,0,0,1,0,0,0,0,1,0,0,1,1,0,0,1,1,0,0,0,0,0
3.271581,1290810,1052,1,0,0,0,1,0,0,0,0,1,0,0,1,1,0,0,1,1,0,0,0,0,0
3.218817,1290813,1052,1,0,0,0,1,0,0,0,0,1,0,0,1,1,0,0,1,1,0,0,0,0,0
2.876496,908150,1053,1,0,0,0,0,0,0,0,0,0,0,1,1,1,0,0,1,0,1,1,0,0,0
1.224285,908152,1053,1,0,0,0,0,0,0,0,0,0,0,1,1,1,0,0,1,0,1,1,0,0,0
1.898755,908470,1053,1,0,0,0,0,0,0,0,0,0,0,1,1,1,0,0,1,0,1,1,0,0,0
2.680591,1240131,1053,1,0,0,0,0,0,0,0,0,0,0,1,1,1,0,0,1,0,1,1,0,0,0
2.913839,1240138,1053,1,0,0,0,0,0,0,0,0,0,0,1,1,1,0,0,1,0,1,1,0,0,0
1.755421,1240139,1053,1,0,0,0,0,0,0,0,0,0,0,1,1,1,0,0,1,0,1,1,0,0,0
0.703363,1290808,1053,1,0,0,0,0,0,0,0,0,0,0,1,1,1,0,0,1,0,1,1,0,0,0
1.324934,1290810,1053,1,0,0,0,0,0,0,0,0,0,0,1,1,1,0,0,1,0,1,1,0,0,0
1.226514,1290813,1053,1,0,0,0,0,0,0,0,0,0,0,1,1,1,0,0,1,0,1,1,0,0,0
2.656086,908150,1054,1,0,0,0,0,0,0,0,0,0,0,1,1,0,0,0,1,0,1,1,0,0,1
0.122975,908152,1054,1,0,0,0,0,0,0,0,0,0,0,1,1,0,0,0,1,0,1,1,0,0,1
1.084697,908470,1054,1,0,0,0,0,0,0,0,0,0,0,1,1,0,0,0,1,0,1,1,0,0,1
-1.268223,1240131,1054,1,0,0,0,0,0,0,0,0,0,0,1,1,0,0,0,1,0,1,1,0,0,1
3.031148,1240138,1054,1,0,0,0,0,0,0,0,0,0,0,1,1,0,0,0,1,0,1,1,0,0,1
-0.767431,1240139,1054,1,0,0,0,0,0,0,0,0,0,0,1,1,0,0,0,1,0,1,1,0,0,1
-0.298445,1290808,1054,1,0,0,0,0,0,0,0,0,0,0,1,1,0,0,0,1,0,1,1,0,0,1
1.442728,1290810,1054,1,0,0,0,0,0,0,0,0,0,0,1,1,0,0,0,1,0,1,1,0,0,1
1.026547,1290813,1054,1,0,0,0,0,0,0,0,0,0,0,1,1,0,0,0,1,0,1,1,0,0,1
-3.407273,908150,1057,1,0,0,0,1,0,0,0,0,1,0,1,1,1,0,0,1,0,0,1,0,0,1
-2.904102,908152,1057,1,0,0,0,1,0,0,0,0,1,0,1,1,1,0,0,1,0,0,1,0,0,1
-3.148119,908470,1057,1,0,0,0,1,0,0,0,0,1,0,1,1,1,0,0,1,0,0,1,0,0,1
-3.687972,1240131,1057,1,0,0,0,1,0,0,0,0,1,0,1,1,1,0,0,1,0,0,1,0,0,1
-1.861976,1240138,1057,1,0,0,0,1,0,0,0,0,1,0,1,1,1,0,0,1,0,0,1,0,0,1
-4.199994,1240139,1057,1,0,0,0,1,0,0,0,0,1,0,1,1,1,0,0,1,0,0,1,0,0,1
-1.978772,1240141,1057,1,0,0,0,1,0,0,0,0,1,0,1,1,1,0,0,1,0,0,1,0,0,1
-2.838445,1290808,1057,1,0,0,0,1,0,0,0,0,1,0,1,1,1,0,0,1,0,0,1,0,0,1
-1.581973,1290810,1057,1,0,0,0,1,0,0,0,0,1,0,1,1,1,0,0,1,0,0,1,0,0,1
-2.809619,1290813,1057,1,0,0,0,1,0,0,0,0,1,0,1,1,1,0,0,1,0,0,1,0,0,1
-0.658595,908150,1059,1,0,0,0,0,1,0,0,0,1,1,0,1,1,0,0,1,0,0,0,0,0,0
-0.690221,908152,1059,1,0,0,0,0,1,0,0,0,1,1,0,1,1,0,0,1,0,0,0,0,0,0
-0.673899,908470,1059,1,0,0,0,0,1,0,0,0,1,1,0,1,1,0,0,1,0,0,0,0,0,0
-1.099948,1240131,1059,1,0,0,0,0,1,0,0,0,1,1,0,1,1,0,0,1,0,0,0,0,0,0
1.354959,1240138,1059,1,0,0,0,0,1,0,0,0,1,1,0,1,1,0,0,1,0,0,0,0,0,0
-1.093781,1240139,1059,1,0,0,0,0,1,0,0,0,1,1,0,1,1,0,0,1,0,0,0,0,0,0
0.982123,1240141,1059,1,0,0,0,0,1,0,0,0,1,1,0,1,1,0,0,1,0,0,0,0,0,0
-0.082457,1290808,1059,1,0,0,0,0,1,0,0,0,1,1,0,1,1,0,0,1,0,0,0,0,0,0
1.717337,1290810,1059,1,0,0,0,0,1,0,0,0,1,1,0,1,1,0,0,1,0,0,0,0,0,0
-0.56913,1290813,1059,1,0,0,0,0,1,0,0,0,1,1,0,1,1,0,0,1,0,0,0,0,0,0
0.793741,908150,1060,1,0,0,0,1,0,0,0,0,0,0,0,1,0,0,0,1,1,0,0,0,0,0
-0.506718,908152,1060,1,0,0,0,1,0,0,0,0,0,0,0,1,0,0,0,1,1,0,0,0,0,0
1.064658,908470,1060,1,0,0,0,1,0,0,0,0,0,0,0,1,0,0,0,1,1,0,0,0,0,0
0.009208,1240131,1060,1,0,0,0,1,0,0,0,0,0,0,0,1,0,0,0,1,1,0,0,0,0,0
-0.831593,1240138,1060,1,0,0,0,1,0,0,0,0,0,0,0,1,0,0,0,1,1,0,0,0,0,0
-2.963623,1240139,1060,1,0,0,0,1,0,0,0,0,0,0,0,1,0,0,0,1,1,0,0,0,0,0
2.858405,1240141,1060,1,0,0,0,1,0,0,0,0,0,0,0,1,0,0,0,1,1,0,0,0,0,0
-2.181012,1290808,1060,1,0,0,0,1,0,0,0,0,0,0,0,1,0,0,0,1,1,0,0,0,0,0
-0.506045,1290810,1060,1,0,0,0,1,0,0,0,0,0,0,0,1,0,0,0,1,1,0,0,0,0,0
-1.28055,1290813,1060,1,0,0,0,1,0,0,0,0,0,0,0,1,0,0,0,1,1,0,0,0,0,0
4.875872,908150,1061,1,0,0,0,0,0,0,0,0,0,1,0,1,0,0,0,1,0,0,0,0,0,1
3.91791,908152,1061,1,0,0,0,0,0,0,0,0,0,1,0,1,0,0,0,1,0,0,0,0,0,1
4.785225,908470,1061,1,0,0,0,0,0,0,0,0,0,1,0,1,0,0,0,1,0,0,0,0,0,1
4.952906,1240131,1061,1,0,0,0,0,0,0,0,0,0,1,0,1,0,0,0,1,0,0,0,0,0,1
4.911863,1240138,1061,1,0,0,0,0,0,0,0,0,0,1,0,1,0,0,0,1,0,0,0,0,0,1
3.963108,1240139,1061,1,0,0,0,0,0,0,0,0,0,1,0,1,0,0,0,1,0,0,0,0,0,1
4.949291,1240141,1061,1,0,0,0,0,0,0,0,0,0,1,0,1,0,0,0,1,0,0,0,0,0,1
4.366564,1290808,1061,1,0,0,0,0,0,0,0,0,0,1,0,1,0,0,0,1,0,0,0,0,0,1
4.920956,1290810,1061,1,0,0,0,0,0,0,0,0,0,1,0,1,0,0,0,1,0,0,0,0,0,1
2.159483,1290813,1061,1,0,0,0,0,0,0,0,0,0,1,0,1,0,0,0,1,0,0,0,0,0,1
2.640745,907173,1129,1,0,0,0,0,0,0,0,0,0,0,0,1,0,0,0,1,0,0,0,0,0,1
5.467754,908150,1129,1,0,0,0,0,0,0,0,0,0,0,0,1,0,0,0,1,0,0,0,0,0,1
4.730087,908152,1129,1,0,0,0,0,0,0,0,0,0,0,0,1,0,0,0,1,0,0,0,0,0,1
3.139148,908470,1129,1,0,0,0,0,0,0,0,0,0,0,0,1,0,0,0,1,0,0,0,0,0,1
4.134496,1240131,1129,1,0,0,0,0,0,0,0,0,0,0,0,1,0,0,0,1,0,0,0,0,0,1
2.846993,1240135,1129,1,0,0,0,0,0,0,0,0,0,0,0,1,0,0,0,1,0,0,0,0,0,1
3.554955,1240136,1129,1,0,0,0,0,0,0,0,0,0,0,0,1,0,0,0,1,0,0,0,0,0,1
4.23521,1240137,1129,1,0,0,0,0,0,0,0,0,0,0,0,1,0,0,0,1,0,0,0,0,0,1
5.068038,1240138,1129,1,0,0,0,0,0,0,0,0,0,0,0,1,0,0,0,1,0,0,0,0,0,1
5.731801,1240141,1129,1,0,0,0,0,0,0,0,0,0,0,0,1,0,0,0,1,0,0,0,0,0,1
3.982072,1290808,1129,1,0,0,0,0,0,0,0,0,0,0,0,1,0,0,0,1,0,0,0,0,0,1
5.608051,1290810,1129,1,0,0,0,0,0,0,0,0,0,0,0,1,0,0,0,1,0,0,0,0,0,1
3.255486,1290813,1129,1,0,0,0,0,0,0,0,0,0,0,0,1,0,0,0,1,0,0,0,0,0,1
3.716523,1290814,1129,1,0,0,0,0,0,0,0,0,0,0,0,1,0,0,0,1,0,0,0,0,0,1
1.697507,907173,1142,1,0,0,0,0,0,0,0,0,0,0,0,1,0,0,0,1,1,0,1,0,0,0
0.805762,908152,1142,1,0,0,0,0,0,0,0,0,0,0,0,1,0,0,0,1,1,0,1,0,0,0
0.940659,908470,1142,1,0,0,0,0,0,0,0,0,0,0,0,1,0,0,0,1,1,0,1,0,0,0
2.280227,1240131,1142,1,0,0,0,0,0,0,0,0,0,0,0,1,0,0,0,1,1,0,1,0,0,0
2.512616,1240135,1142,1,0,0,0,0,0,0,0,0,0,0,0,1,0,0,0,1,1,0,1,0,0,0
1.912788,1240136,1142,1,0,0,0,0,0,0,0,0,0,0,0,1,0,0,0,1,1,0,1,0,0,0
2.306729,1240137,1142,1,0,0,0,0,0,0,0,0,0,0,0,1,0,0,0,1,1,0,1,0,0,0
3.000617,1240138,1142,1,0,0,0,0,0,0,0,0,0,0,0,1,0,0,0,1,1,0,1,0,0,0
1.077754,1240139,1142,1,0,0,0,0,0,0,0,0,0,0,0,1,0,0,0,1,1,0,1,0,0,0
3.458988,1240141,1142,1,0,0,0,0,0,0,0,0,0,0,0,1,0,0,0,1,1,0,1,0,0,0
1.879352,1290808,1142,1,0,0,0,0,0,0,0,0,0,0,0,1,0,0,0,1,1,0,1,0,0,0
1.621699,1290810,1142,1,0,0,0,0,0,0,0,0,0,0,0,1,0,0,0,1,1,0,1,0,0,0
1.498164,1290813,1142,1,0,0,0,0,0,0,0,0,0,0,0,1,0,0,0,1,1,0,1,0,0,0
3.518031,907173,1143,1,0,0,0,0,0,0,0,0,0,0,0,1,0,0,1,1,0,0,0,0,0,0
3.530252,908152,1143,1,0,0,0,0,0,0,0,0,0,0,0,1,0,0,1,1,0,0,0,0,0,0
3.021517,908470,1143,1,0,0,0,0,0,0,0,0,0,0,0,1,0,0,1,1,0,0,0,0,0,0
4.672211,1240131,1143,1,0,0,0,0,0,0,0,0,0,0,0,1,0,0,1,1,0,0,0,0,0,0
3.851927,1240135,1143,1,0,0,0,0,0,0,0,0,0,0,0,1,0,0,1,1,0,0,0,0,0,0
2.991569,1240136,1143,1,0,0,0,0,0,0,0,0,0,0,0,1,0,0,1,1,0,0,0,0,0,0
2.677089,1240137,1143,1,0,0,0,0,0,0,0,0,0,0,0,1,0,0,1,1,0,0,0,0,0,0
2.747785,1240138,1143,1,0,0,0,0,0,0,0,0,0,0,0,1,0,0,1,1,0,0,0,0,0,0
2.368855,1240139,1143,1,0,0,0,0,0,0,0,0,0,0,0,1,0,0,1,1,0,0,0,0,0,0
3.903906,1240141,1143,1,0,0,0,0,0,0,0,0,0,0,0,1,0,0,1,1,0,0,0,0,0,0
4.230153,1290808,1143,1,0,0,0,0,0,0,0,0,0,0,0,1,0,0,1,1,0,0,0,0,0,0
3.838311,1290810,1143,1,0,0,0,0,0,0,0,0,0,0,0,1,0,0,1,1,0,0,0,0,0,0
2.596533,1290813,1143,1,0,0,0,0,0,0,0,0,0,0,0,1,0,0,1,1,0,0,0,0,0,0
2.823534,907173,1158,1,0,0,0,0,0,0,0,0,0,0,0,1,0,1,0,1,1,0,1,0,0,1
2.890559,908152,1158,1,0,0,0,0,0,0,0,0,0,0,0,1,0,1,0,1,1,0,1,0,0,1
4.009085,908470,1158,1,0,0,0,0,0,0,0,0,0,0,0,1,0,1,0,1,1,0,1,0,0,1
5.012217,1240131,1158,1,0,0,0,0,0,0,0,0,0,0,0,1,0,1,0,1,1,0,1,0,0,1
3.497669,1240135,1158,1,0,0,0,0,0,0,0,0,0,0,0,1,0,1,0,1,1,0,1,0,0,1
4.023937,1240136,1158,1,0,0,0,0,0,0,0,0,0,0,0,1,0,1,0,1,1,0,1,0,0,1
3.970391,1240137,1158,1,0,0,0,0,0,0,0,0,0,0,0,1,0,1,0,1,1,0,1,0,0,1
5.468396,1240138,1158,1,0,0,0,0,0,0,0,0,0,0,0,1,0,1,0,1,1,0,1,0,0,1
3.057316,1240139,1158,1,0,0,0,0,0,0,0,0,0,0,0,1,0,1,0,1,1,0,1,0,0,1
5.582975,1240141,1158,1,0,0,0,0,0,0,0,0,0,0,0,1,0,1,0,1,1,0,1,0,0,1
4.210994,1290808,1158,1,0,0,0,0,0,0,0,0,0,0,0,1,0,1,0,1,1,0,1,0,0,1
3.106529,1290810,1158,1,0,0,0,0,0,0,0,0,0,0,0,1,0,1,0,1,1,0,1,0,0,1
3.632432,1290813,1158,1,0,0,0,0,0,0,0,0,0,0,0,1,0,1,0,1,1,0,1,0,0,1
1.112986,907173,1161,1,0,0,0,0,0,0,0,0,0,0,0,1,0,0,0,1,1,0,0,0,0,0
2.856452,908152,1161,1,0,0,0,0,0,0,0,0,0,0,0,1,0,0,0,1,1,0,0,0,0,0
1.432059,908470,1161,1,0,0,0,0,0,0,0,0,0,0,0,1,0,0,0,1,1,0,0,0,0,0
1.915421,1240131,1161,1,0,0,0,0,0,0,0,0,0,0,0,1,0,0,0,1,1,0,0,0,0,0
4.366398,1240135,1161,1,0,0,0,0,0,0,0,0,0,0,0,1,0,0,0,1,1,0,0,0,0,0
1.386842,1240136,1161,1,0,0,0,0,0,0,0,0,0,0,0,1,0,0,0,1,1,0,0,0,0,0
2.822446,1240137,1161,1,0,0,0,0,0,0,0,0,0,0,0,1,0,0,0,1,1,0,0,0,0,0
2.822014,1240138,1161,1,0,0,0,0,0,0,0,0,0,0,0,1,0,0,0,1,1,0,0,0,0,0
1.667832,1240139,1161,1,0,0,0,0,0,0,0,0,0,0,0,1,0,0,0,1,1,0,0,0,0,0
4.808109,1240141,1161,1,0,0,0,0,0,0,0,0,0,0,0,1,0,0,0,1,1,0,0,0,0,0
0.940266,1290808,1161,1,0,0,0,0,0,0,0,0,0,0,0,1,0,0,0,1,1,0,0,0,0,0
2.347005,1290810,1161,1,0,0,0,0,0,0,0,0,0,0,0,1,0,0,0,1,1,0,0,0,0,0
0.679608,1290813,1161,1,0,0,0,0,0,0,0,0,0,0,0,1,0,0,0,1,1,0,0,0,0,0
1.417724,907173,1164,1,0,0,0,1,0,0,0,0,0,0,0,1,0,0,0,1,1,0,1,0,0,1
3.886566,908152,1164,1,0,0,0,1,0,0,0,0,0,0,0,1,0,0,0,1,1,0,1,0,0,1
3.67236,908470,1164,1,0,0,0,1,0,0,0,0,0,0,0,1,0,0,0,1,1,0,1,0,0,1
3.214142,1240131,1164,1,0,0,0,1,0,0,0,0,0,0,0,1,0,0,0,1,1,0,1,0,0,1
2.733992,1240135,1164,1,0,0,0,1,0,0,0,0,0,0,0,1,0,0,0,1,1,0,1,0,0,1
2.786741,1240136,1164,1,0,0,0,1,0,0,0,0,0,0,0,1,0,0,0,1,1,0,1,0,0,1
2.535201,1240137,1164,1,0,0,0,1,0,0,0,0,0,0,0,1,0,0,0,1,1,0,1,0,0,1
4.776262,1240138,1164,1,0,0,0,1,0,0,0,0,0,0,0,1,0,0,0,1,1,0,1,0,0,1
2.053006,1240139,1164,1,0,0,0,1,0,0,0,0,0,0,0,1,0,0,0,1,1,0,1,0,0,1
4.775457,1240141,1164,1,0,0,0,1,0,0,0,0,0,0,0,1,0,0,0,1,1,0,1,0,0,1
3.273438,1290808,1164,1,0,0,0,1,0,0,0,0,0,0,0,1,0,0,0,1,1,0,1,0,0,1
2.998422,1290810,1164,1,0,0,0,1,0,0,0,0,0,0,0,1,0,0,0,1,1,0,1,0,0,1
3.631328,1290813,1164,1,0,0,0,1,0,0,0,0,0,0,0,1,0,0,0,1,1,0,1,0,0,1
4.90967,907173,1194,1,0,1,0,0,0,0,0,0,0,1,0,1,1,0,0,1,0,0,0,0,0,1
5.013713,908150,1194,1,0,1,0,0,0,0,0,0,0,1,0,1,1,0,0,1,0,0,0,0,0,1
4.669457,908152,1194,1,0,1,0,0,0,0,0,0,0,1,0,1,1,0,0,1,0,0,0,0,0,1
5.46259,908470,1194,1,0,1,0,0,0,0,0,0,0,1,0,1,1,0,0,1,0,0,0,0,0,1
5.539167,1240131,1194,1,0,1,0,0,0,0,0,0,0,1,0,1,1,0,0,1,0,0,0,0,0,1
5.305352,1240135,1194,1,0,1,0,0,0,0,0,0,0,1,0,1,1,0,0,1,0,0,0,0,0,1
5.108447,1240136,1194,1,0,1,0,0,0,0,0,0,0,1,0,1,1,0,0,1,0,0,0,0,0,1
5.137932,1240137,1194,1,0,1,0,0,0,0,0,0,0,1,0,1,1,0,0,1,0,0,0,0,0,1
5.468396,1240138,1194,1,0,1,0,0,0,0,0,0,0,1,0,1,1,0,0,1,0,0,0,0,0,1
3.43661,1240139,1194,1,0,1,0,0,0,0,0,0,0,1,0,1,1,0,0,1,0,0,0,0,0,1
5.582975,1240141,1194,1,0,1,0,0,0,0,0,0,0,1,0,1,1,0,0,1,0,0,0,0,0,1
4.535349,1290808,1194,1,0,1,0,0,0,0,0,0,0,1,0,1,1,0,0,1,0,0,0,0,0,1
4.127585,1290810,1194,1,0,1,0,0,0,0,0,0,0,1,0,1,1,0,0,1,0,0,0,0,0,1
4.768322,1290813,1194,1,0,1,0,0,0,0,0,0,0,1,0,1,1,0,0,1,0,0,0,0,0,1
4.948637,1290814,1194,1,0,1,0,0,0,0,0,0,0,1,0,1,1,0,0,1,0,0,0,0,0,1
3.699732,907173,1203,1,0,0,0,1,0,0,0,0,1,0,1,1,1,0,0,1,1,0,0,0,0,0
4.463228,908470,1203,1,0,0,0,1,0,0,0,0,1,0,1,1,1,0,0,1,1,0,0,0,0,0
4.992363,1240131,1203,1,0,0,0,1,0,0,0,0,1,0,1,1,1,0,0,1,1,0,0,0,0,0
5.304764,1240135,1203,1,0,0,0,1,0,0,0,0,1,0,1,1,1,0,0,1,1,0,0,0,0,0
4.419802,1240136,1203,1,0,0,0,1,0,0,0,0,1,0,1,1,1,0,0,1,1,0,0,0,0,0
4.905368,1240137,1203,1,0,0,0,1,0,0,0,0,1,0,1,1,1,0,0,1,1,0,0,0,0,0
4.987433,1240138,1203,1,0,0,0,1,0,0,0,0,1,0,1,1,1,0,0,1,1,0,0,0,0,0
4.475271,1240139,1203,1,0,0,0,1,0,0,0,0,1,0,1,1,1,0,0,1,1,0,0,0,0,0
5.159667,1240141,1203,1,0,0,0,1,0,0,0,0,1,0,1,1,1,0,0,1,1,0,0,0,0,0
4.414603,1290808,1203,1,0,0,0,1,0,0,0,0,1,0,1,1,1,0,0,1,1,0,0,0,0,0
3.914948,1290810,1203,1,0,0,0,1,0,0,0,0,1,0,1,1,1,0,0,1,1,0,0,0,0,0
3.595219,1290813,1203,1,0,0,0,1,0,0,0,0,1,0,1,1,1,0,0,1,1,0,0,0,0,0
1.234716,907173,1219,1,0,0,0,1,0,0,0,0,0,0,0,1,0,0,0,1,0,0,1,0,0,0
3.343892,908150,1219,1,0,0,0,1,0,0,0,0,0,0,0,1,0,0,0,1,0,0,1,0,0,0
3.310362,908152,1219,1,0,0,0,1,0,0,0,0,0,0,0,1,0,0,0,1,0,0,1,0,0,0
3.23533,908470,1219,1,0,0,0,1,0,0,0,0,0,0,0,1,0,0,0,1,0,0,1,0,0,0
3.254497,1240131,1219,1,0,0,0,1,0,0,0,0,0,0,0,1,0,0,0,1,0,0,1,0,0,0
2.770861,1240135,1219,1,0,0,0,1,0,0,0,0,0,0,0,1,0,0,0,1,0,0,1,0,0,0
1.757221,1240136,1219,1,0,0,0,1,0,0,0,0,0,0,0,1,0,0,0,1,0,0,1,0,0,0
2.318578,1240137,1219,1,0,0,0,1,0,0,0,0,0,0,0,1,0,0,0,1,0,0,1,0,0,0
4.021759,1240138,1219,1,0,0,0,1,0,0,0,0,0,0,0,1,0,0,0,1,0,0,1,0,0,0
1.673253,1240139,1219,1,0,0,0,1,0,0,0,0,0,0,0,1,0,0,0,1,0,0,1,0,0,0
3.716047,1240141,1219,1,0,0,0,1,0,0,0,0,0,0,0,1,0,0,0,1,0,0,1,0,0,0
2.665345,1290808,1219,1,0,0,0,1,0,0,0,0,0,0,0,1,0,0,0,1,0,0,1,0,0,0
2.57641,1290810,1219,1,0,0,0,1,0,0,0,0,0,0,0,1,0,0,0,1,0,0,1,0,0,0
1.934577,1290813,1219,1,0,0,0,1,0,0,0,0,0,0,0,1,0,0,0,1,0,0,1,0,0,0
3.450469,1290814,1219,1,0,0,0,1,0,0,0,0,0,0,0,1,0,0,0,1,0,0,1,0,0,0
1.138534,907173,1242,1,0,0,0,0,1,1,1,0,0,1,1,1,0,0,0,1,1,0,0,0,0,0
0.879078,908150,1242,1,0,0,0,0,1,1,1,0,0,1,1,1,0,0,0,1,1,0,0,0,0,0
0.990593,908470,1242,1,0,0,0,0,1,1,1,0,0,1,1,1,0,0,0,1,1,0,0,0,0,0
2.147817,1240131,1242,1,0,0,0,0,1,1,1,0,0,1,1,1,0,0,0,1,1,0,0,0,0,0
1.116361,1240135,1242,1,0,0,0,0,1,1,1,0,0,1,1,1,0,0,0,1,1,0,0,0,0,0
2.545441,1240136,1242,1,0,0,0,0,1,1,1,0,0,1,1,1,0,0,0,1,1,0,0,0,0,0
1.768413,1240137,1242,1,0,0,0,0,1,1,1,0,0,1,1,1,0,0,0,1,1,0,0,0,0,0
1.198835,1240138,1242,1,0,0,0,0,1,1,1,0,0,1,1,1,0,0,0,1,1,0,0,0,0,0
0.072784,1240139,1242,1,0,0,0,0,1,1,1,0,0,1,1,1,0,0,0,1,1,0,0,0,0,0
1.192788,1240141,1242,1,0,0,0,0,1,1,1,0,0,1,1,1,0,0,0,1,1,0,0,0,0,0
0.765282,1290808,1242,1,0,0,0,0,1,1,1,0,0,1,1,1,0,0,0,1,1,0,0,0,0,0
1.09714,1290810,1242,1,0,0,0,0,1,1,1,0,0,1,1,1,0,0,0,1,1,0,0,0,0,0
0.783365,1290813,1242,1,0,0,0,0,1,1,1,0,0,1,1,1,0,0,0,1,1,0,0,0,0,0
1.178873,1290814,1242,1,0,0,0,0,1,1,1,0,0,1,1,1,0,0,0,1,1,0,0,0,0,0
2.467481,907173,1372,1,0,0,0,0,0,0,0,0,0,0,0,0,0,0,0,1,0,1,1,0,0,0
-0.676389,908150,1372,1,0,0,0,0,0,0,0,0,0,0,0,0,0,0,0,1,0,1,1,0,0,0
0.354388,908470,1372,1,0,0,0,0,0,0,0,0,0,0,0,0,0,0,0,1,0,1,1,0,0,0
0.588898,1240131,1372,1,0,0,0,0,0,0,0,0,0,0,0,0,0,0,0,1,0,1,1,0,0,0
-0.591897,1240135,1372,1,0,0,0,0,0,0,0,0,0,0,0,0,0,0,0,1,0,1,1,0,0,0
2.805862,1240136,1372,1,0,0,0,0,0,0,0,0,0,0,0,0,0,0,0,1,0,1,1,0,0,0
-1.78801,1240137,1372,1,0,0,0,0,0,0,0,0,0,0,0,0,0,0,0,1,0,1,1,0,0,0
0.061244,1240138,1372,1,0,0,0,0,0,0,0,0,0,0,0,0,0,0,0,1,0,1,1,0,0,0
-3.806493,1240139,1372,1,0,0,0,0,0,0,0,0,0,0,0,0,0,0,0,1,0,1,1,0,0,0
-2.050668,1240141,1372,1,0,0,0,0,0,0,0,0,0,0,0,0,0,0,0,1,0,1,1,0,0,0
-0.871999,1290808,1372,1,0,0,0,0,0,0,0,0,0,0,0,0,0,0,0,1,0,1,1,0,0,0
-0.570434,1290810,1372,1,0,0,0,0,0,0,0,0,0,0,0,0,0,0,0,1,0,1,1,0,0,0
-3.649686,1290813,1372,1,0,0,0,0,0,0,0,0,0,0,0,0,0,0,0,1,0,1,1,0,0,0
0.051776,1290814,1372,1,0,0,0,0,0,0,0,0,0,0,0,0,0,0,0,1,0,1,1,0,0,0
4.750717,907173,1373,1,0,0,0,0,0,0,0,0,0,0,0,1,1,0,0,1,0,0,0,0,0,0
5.028821,908150,1373,1,0,0,0,0,0,0,0,0,0,0,0,1,1,0,0,1,0,0,0,0,0,0
2.33926,908470,1373,1,0,0,0,0,0,0,0,0,0,0,0,1,1,0,0,1,0,0,0,0,0,0
3.231653,1240131,1373,1,0,0,0,0,0,0,0,0,0,0,0,1,1,0,0,1,0,0,0,0,0,0
4.597905,1240135,1373,1,0,0,0,0,0,0,0,0,0,0,0,1,1,0,0,1,0,0,0,0,0,0
5.029726,1240136,1373,1,0,0,0,0,0,0,0,0,0,0,0,1,1,0,0,1,0,0,0,0,0,0
3.844221,1240137,1373,1,0,0,0,0,0,0,0,0,0,0,0,1,1,0,0,1,0,0,0,0,0,0
3.755664,1240138,1373,1,0,0,0,0,0,0,0,0,0,0,0,1,1,0,0,1,0,0,0,0,0,0
2.581432,1240139,1373,1,0,0,0,0,0,0,0,0,0,0,0,1,1,0,0,1,0,0,0,0,0,0
4.443066,1240141,1373,1,0,0,0,0,0,0,0,0,0,0,0,1,1,0,0,1,0,0,0,0,0,0
1.859455,1290808,1373,1,0,0,0,0,0,0,0,0,0,0,0,1,1,0,0,1,0,0,0,0,0,0
2.068495,1290810,1373,1,0,0,0,0,0,0,0,0,0,0,0,1,1,0,0,1,0,0,0,0,0,0
3.791059,1290813,1373,1,0,0,0,0,0,0,0,0,0,0,0,1,1,0,0,1,0,0,0,0,0,0
2.950785,1290814,1373,1,0,0,0,0,0,0,0,0,0,0,0,1,1,0,0,1,0,0,0,0,0,0
4.223718,907173,1032,1,0,0,0,1,0,0,0,0,0,1,0,1,0,0,0,1,1,0,0,0,0,0
1.9057188993,908150,1032,1,0,0,0,1,0,0,0,0,0,1,0,1,0,0,0,1,1,0,0,0,0,0
2.8132274118,908152,1032,1,0,0,0,1,0,0,0,0,0,1,0,1,0,0,0,1,1,0,0,0,0,0
1.0951433134,908470,1032,1,0,0,0,1,0,0,0,0,0,1,0,1,0,0,0,1,1,0,0,0,0,0
2.915983,1240131,1032,1,0,0,0,1,0,0,0,0,0,1,0,1,0,0,0,1,1,0,0,0,0,0
4.588791,1240135,1032,1,0,0,0,1,0,0,0,0,0,1,0,1,0,0,0,1,1,0,0,0,0,0
5.108447,1240136,1032,1,0,0,0,1,0,0,0,0,0,1,0,1,0,0,0,1,1,0,0,0,0,0
5.137932,1240137,1032,1,0,0,0,1,0,0,0,0,0,1,0,1,0,0,0,1,1,0,0,0,0,0
3.6896763236,1240138,1032,1,0,0,0,1,0,0,0,0,0,1,0,1,0,0,0,1,1,0,0,0,0,0
-0.163056214,1240139,1032,1,0,0,0,1,0,0,0,0,0,1,0,1,0,0,0,1,1,0,0,0,0,0
1.5228721141,1240141,1032,1,0,0,0,1,0,0,0,0,0,1,0,1,0,0,0,1,1,0,0,0,0,0
3.352685414,1290808,1032,1,0,0,0,1,0,0,0,0,0,1,0,1,0,0,0,1,1,0,0,0,0,0
3.5520621102,1290810,1032,1,0,0,0,1,0,0,0,0,0,1,0,1,0,0,0,1,1,0,0,0,0,0
3.4810396422,1290813,1032,1,0,0,0,1,0,0,0,0,0,1,0,1,0,0,0,1,1,0,0,0,0,0
4.370731,1290814,1032,1,0,0,0,1,0,0,0,0,0,1,0,1,0,0,0,1,1,0,0,0,0,0
1.740065389,908150,1014,1,0,0,0,0,0,0,0,0,0,0,0,0,0,0,0,1,0,0,0,0,0,1
1.007748,908152,1014,1,0,0,0,0,0,0,0,0,0,0,0,0,0,0,0,1,0,0,0,0,0,1
1.669915,908470,1014,1,0,0,0,0,0,0,0,0,0,0,0,0,0,0,0,1,0,0,0,0,0,1
2.610589596,1240131,1014,1,0,0,0,0,0,0,0,0,0,0,0,0,0,0,0,1,0,0,0,0,0,1
3.3833702073,1240138,1014,1,0,0,0,0,0,0,0,0,0,0,0,0,0,0,0,1,0,0,0,0,0,1
0.6494627028,1240139,1014,1,0,0,0,0,0,0,0,0,0,0,0,0,0,0,0,1,0,0,0,0,0,1
2.4706416781,1240141,1014,1,0,0,0,0,0,0,0,0,0,0,0,0,0,0,0,1,0,0,0,0,0,1
1.8964507439,1290808,1014,1,0,0,0,0,0,0,0,0,0,0,0,0,0,0,0,1,0,0,0,0,0,1
2.2426766375,1290810,1014,1,0,0,0,0,0,0,0,0,0,0,0,0,0,0,0,1,0,0,0,0,0,1
-0.467949,1290813,1014,1,0,0,0,0,0,0,0,0,0,0,0,0,0,0,0,1,0,0,0,0,0,1
2.700079,1290814,1014,1,0,0,0,0,0,0,0,0,0,0,0,0,0,0,0,1,0,0,0,0,0,1
