IC50,Cancer,Drug,From_Sanger,Fingerprint_834,Fingerprint_824,Fingerprint_822,Fingerprint_819,Fingerprint_813,Fingerprint_797,Fingerprint_776,Fingerprint_712,Fingerprint_710,Fingerprint_698,Fingerprint_697,Fingerprint_685,Fingerprint_677,Fingerprint_672,Fingerprint_646,Fingerprint_644,Fingerprint_635,Fingerprint_629,Fingerprint_617,Fingerprint_611,Predicted IC50,Validation
3.64169,910691,1,0,0,1,0,0,0,0,0,0,1,0,0,0,1,0,0,0,0,0,0,0,2.3171056525,2
0.799783,930082,1,0,0,1,0,0,0,0,0,0,1,0,0,0,1,0,0,0,0,0,0,0,2.3171056525,4
3.972882,910691,5,0,0,0,0,0,0,0,0,1,1,0,0,1,1,1,1,0,0,0,0,1,2.7013287725,2
3.534226,924187,5,0,0,0,0,0,0,0,0,1,1,0,0,1,1,1,1,0,0,0,0,1,2.7013287725,4
0.830005,930082,5,0,0,0,0,0,0,0,0,1,1,0,0,1,1,1,1,0,0,0,0,1,2.7013287725,8
3.539677,910691,6,0,0,0,1,0,0,0,0,1,1,0,0,1,1,1,1,0,0,0,0,1,3.1233528653,10
3.297155,924187,6,0,0,0,1,0,0,0,0,1,1,0,0,1,1,1,1,0,0,0,0,1,3.1233528653,2
2.336064,930082,6,0,0,0,1,0,0,0,0,1,1,0,0,1,1,1,1,0,0,0,0,1,3.1233528653,6
3.380056,910691,29,0,0,0,0,0,0,1,0,1,1,0,1,1,1,1,1,0,0,0,0,0,2.2862229,8
0.8642,930082,29,0,0,0,0,0,0,1,0,1,1,0,1,1,1,1,1,0,0,0,0,0,2.2862229,10
2.420028,910691,30,0,0,0,1,0,0,0,0,0,1,0,0,0,1,1,1,0,0,0,0,1,2.4765942442,2
2.336796,930082,30,0,0,0,1,0,0,0,0,0,1,0,0,0,1,1,1,0,0,0,0,1,2.4765942442,1
0.886639,910691,32,0,0,0,0,0,0,0,0,0,0,0,0,0,1,0,0,1,1,0,0,1,1.2103820294,5
2.583061,924187,32,0,0,0,0,0,0,0,0,0,0,0,0,0,1,0,0,1,1,0,0,1,1.2103820294,7
-1.936889,930082,32,0,0,0,0,0,0,0,0,0,0,0,0,0,1,0,0,1,1,0,0,1,1.2103820294,9
3.125124,910691,34,0,0,0,0,0,0,0,1,0,1,0,0,0,1,1,0,0,0,0,0,1,3.7154520088,10
4.187025,924187,34,0,0,0,0,0,0,0,1,0,1,0,0,0,1,1,0,0,0,0,0,1,3.7154520088,5
2.336243,930082,34,0,0,0,0,0,0,0,1,0,1,0,0,0,1,1,0,0,0,0,0,1,3.7154520088,10
2.334775,910691,35,0,0,0,0,0,0,0,0,0,0,0,0,0,1,0,0,0,0,0,0,1,2.4646603684,9
2.30349,924187,35,0,0,0,0,0,0,0,0,0,0,0,0,0,1,0,0,0,0,0,0,1,2.4646603684,2
-0.686207,930082,35,0,0,0,0,0,0,0,0,0,0,0,0,0,1,0,0,0,0,0,0,1,2.4646603684,4
3.110071,910691,37,0,0,0,1,0,0,0,0,1,1,1,0,0,1,0,0,1,0,0,0,0,2.7397357335,3
3.755156,924187,37,0,0,0,1,0,0,0,0,1,1,1,0,0,1,0,0,1,0,0,0,0,2.7397357335,6
0.83085,930082,37,0,0,0,1,0,0,0,0,1,1,1,0,0,1,0,0,1,0,0,0,0,2.7397357335,2
3.479497,910691,38,0,1,1,0,1,0,0,0,0,1,1,0,0,1,0,0,0,0,0,0,1,1.8295227041,7
1.699622,924187,38,0,1,1,0,1,0,0,0,0,1,1,0,0,1,0,0,0,0,0,0,1,1.8295227041,10
0.562325,930082,38,0,1,1,0,1,0,0,0,0,1,1,0,0,1,0,0,0,0,0,0,1,1.8295227041,7
1.648891,910691,51,0,1,0,0,0,0,0,0,0,1,0,0,0,1,1,0,0,0,0,0,1,-1.174627659,2
-2.316504,924187,51,0,1,0,0,0,0,0,0,0,1,0,0,0,1,1,0,0,0,0,0,1,-1.174627659,4
-2.800373,930082,51,0,1,0,0,0,0,0,0,0,1,0,0,0,1,1,0,0,0,0,0,1,-1.174627659,10
2.545646,910691,52,0,0,0,0,0,0,1,0,0,1,0,1,0,1,1,0,0,0,0,0,0,3.9655283921,1
3.190022,924187,52,0,0,0,0,0,0,1,0,0,1,0,1,0,1,1,0,0,0,0,0,0,3.9655283921,10
0.618159,930082,52,0,0,0,0,0,0,1,0,0,1,0,1,0,1,1,0,0,0,0,0,0,3.9655283921,3
-2.214281,910691,53,0,0,0,0,0,1,0,0,0,1,0,0,0,1,0,0,0,0,0,1,0,-2.723618995,2
-2.772782,924187,53,0,0,0,0,0,1,0,0,0,1,0,0,0,1,0,0,0,0,0,1,0,-2.723618995,8
-3.189763,930082,53,0,0,0,0,0,1,0,0,0,1,0,0,0,1,0,0,0,0,0,1,0,-2.723618995,8
3.760932,910691,54,0,0,0,0,0,0,0,0,0,1,0,0,0,1,0,0,0,0,0,1,0,3.7647863095,4
1.875022,924187,54,0,0,0,0,0,0,0,0,0,1,0,0,0,1,0,0,0,0,0,1,0,3.7647863095,6
1.095107,930082,54,0,0,0,0,0,0,0,0,0,1,0,0,0,1,0,0,0,0,0,1,0,3.7647863095,2
4.09921,910691,55,0,0,0,0,0,0,0,0,0,1,1,1,0,1,1,1,1,0,0,0,1,1.1646920329,3
0.330918,924187,55,0,0,0,0,0,0,0,0,0,1,1,1,0,1,1,1,1,0,0,0,1,1.1646920329,7
-0.815802,930082,55,0,0,0,0,0,0,0,0,0,1,1,1,0,1,1,1,1,0,0,0,1,1.1646920329,4
3.804584,910691,56,0,0,0,0,1,0,1,0,0,1,1,1,0,1,0,0,0,0,0,0,1,1.1736681716,10
-0.263269,924187,56,0,0,0,0,1,0,1,0,0,1,1,1,0,1,0,0,0,0,0,0,1,1.1736681716,6
-0.11246,930082,56,0,0,0,0,1,0,1,0,0,1,1,1,0,1,0,0,0,0,0,0,1,1.1736681716,3
5.121062,910691,59,0,0,0,0,0,0,0,0,0,0,0,0,0,1,1,1,0,0,0,0,1,3.5603883315,2
3.118655,924187,59,0,0,0,0,0,0,0,0,0,0,0,0,0,1,1,1,0,0,0,0,1,3.5603883315,5
2.438339,930082,59,0,0,0,0,0,0,0,0,0,0,0,0,0,1,1,1,0,0,0,0,1,3.5603883315,6
-2.503141,910691,60,0,0,0,0,0,0,0,0,0,1,0,0,0,1,1,1,0,0,0,0,1,2.0294643718,2
-1.01954,924187,60,0,0,0,0,0,0,0,0,0,1,0,0,0,1,1,1,0,0,0,0,1,2.0294643718,3
-3.92596,930082,60,0,0,0,0,0,0,0,0,0,1,0,0,0,1,1,1,0,0,0,0,1,2.0294643718,7
4.391354,910691,63,0,0,0,0,1,0,0,1,0,1,1,0,0,1,1,1,0,0,0,0,1,3.0797976218,1
4.350625,924187,63,0,0,0,0,1,0,0,1,0,1,1,0,0,1,1,1,0,0,0,0,1,3.0797976218,8
1.615005,930082,63,0,0,0,0,1,0,0,1,0,1,1,0,0,1,1,1,0,0,0,0,1,3.0797976218,10
2.588104,910691,64,0,0,0,0,0,0,0,1,1,1,0,1,0,1,0,0,0,0,0,1,0,1.7795722674,5
2.0881,924187,64,0,0,0,0,0,0,0,1,1,1,0,1,0,1,0,0,0,0,0,1,0,1.7795722674,1
1.092362,930082,64,0,0,0,0,0,0,0,1,1,1,0,1,0,1,0,0,0,0,0,1,0,1.7795722674,10
-2.851566,910691,83,0,0,0,0,0,0,1,0,1,1,0,1,0,1,1,1,0,0,0,0,1,-3.768827807,4
-4.692665,930082,83,0,0,0,0,0,0,1,0,1,1,0,1,0,1,1,1,0,0,0,0,1,-3.768827807,3
-2.458176,910691,86,0,0,0,0,0,0,1,0,1,1,1,1,0,1,0,0,1,0,0,0,0,-2.69913703,1
-1.671104,924187,86,0,0,0,0,0,0,1,0,1,1,1,1,0,1,0,0,1,0,0,0,0,-2.69913703,4
-3.697383,930082,86,0,0,0,0,0,0,1,0,1,1,1,1,0,1,0,0,1,0,0,0,0,-2.69913703,2
-2.994851,910691,87,0,0,1,0,0,0,0,0,1,1,1,0,0,1,0,0,0,0,0,0,1,-3.002972549,10
-1.949234,924187,87,0,0,1,0,0,0,0,0,1,1,1,0,0,1,0,0,0,0,0,0,1,-3.002972549,7
-4.44524,930082,87,0,0,1,0,0,0,0,0,1,1,1,0,0,1,0,0,0,0,0,0,1,-3.002972549,5
4.511931,910691,91,0,0,1,0,0,0,0,0,0,1,1,0,0,1,0,0,0,0,0,0,1,4.2737859078,3
3.656679,930082,91,0,0,1,0,0,0,0,0,0,1,1,0,0,1,0,0,0,0,0,0,1,4.2737859078,10
2.837127,910691,106,0,0,0,0,0,0,0,0,0,1,0,0,0,1,1,1,0,0,0,0,1,2.0294643718,3
2.175758,930082,106,0,0,0,0,0,0,0,0,0,1,0,0,0,1,1,1,0,0,0,0,1,2.0294643718,3
3.656439,910691,110,0,0,0,0,0,0,0,0,0,1,0,0,0,1,0,0,0,0,0,1,1,3.6817156295,5
3.728418,930082,110,0,0,0,0,0,0,0,0,0,1,0,0,0,1,0,0,0,0,0,1,1,3.6817156295,3
3.39061,910691,119,0,0,0,0,0,1,1,0,0,1,1,1,0,1,1,0,0,0,0,0,0,3.0349500933,3
0.433177,930082,119,0,0,0,0,0,1,1,0,0,1,1,1,0,1,1,0,0,0,0,0,0,3.0349500933,1
2.402868,907000,152,0,0,1,0,0,0,0,0,0,1,0,0,0,1,0,0,1,1,0,0,1,2.6276084772,3
4.904537,907051,152,0,0,1,0,0,0,0,0,0,1,0,0,0,1,0,0,1,1,0,0,1,2.6276084772,3
2.754186,908130,152,0,0,1,0,0,0,0,0,0,1,0,0,0,1,0,0,1,1,0,0,1,2.6276084772,2
1.31293,909735,152,0,0,1,0,0,0,0,0,0,1,0,0,0,1,0,0,1,1,0,0,1,2.6276084772,6
1.70786,910691,152,0,0,1,0,0,0,0,0,0,1,0,0,0,1,0,0,1,1,0,0,1,2.6276084772,2
2.747536,910781,152,0,0,1,0,0,0,0,0,0,1,0,0,0,1,0,0,1,1,0,0,1,2.6276084772,3
2.335331,924187,152,0,0,1,0,0,0,0,0,0,1,0,0,0,1,0,0,1,1,0,0,1,2.6276084772,4
3.223073,930082,152,0,0,1,0,0,0,0,0,0,1,0,0,0,1,0,0,1,1,0,0,1,2.6276084772,3
2.738897,1240127,152,0,0,1,0,0,0,0,0,0,1,0,0,0,1,0,0,1,1,0,0,1,2.6276084772,5
2.578577,1240174,152,0,0,1,0,0,0,0,0,0,1,0,0,0,1,0,0,1,1,0,0,1,2.6276084772,6
-0.781285,907000,153,0,0,0,0,0,0,1,1,1,1,0,1,1,1,1,1,0,0,0,0,1,-0.011045944,3
0.525454,907051,153,0,0,0,0,0,0,1,1,1,1,0,1,1,1,1,1,0,0,0,0,1,-0.011045944,10
0.196021,908130,153,0,0,0,0,0,0,1,1,1,1,0,1,1,1,1,1,0,0,0,0,1,-0.011045944,9
-0.534157,909735,153,0,0,0,0,0,0,1,1,1,1,0,1,1,1,1,1,0,0,0,0,1,-0.011045944,7
0.820125,910691,153,0,0,0,0,0,0,1,1,1,1,0,1,1,1,1,1,0,0,0,0,1,-0.011045944,1
-1.245863,910781,153,0,0,0,0,0,0,1,1,1,1,0,1,1,1,1,1,0,0,0,0,1,-0.011045944,9
0.94215,924187,153,0,0,0,0,0,0,1,1,1,1,0,1,1,1,1,1,0,0,0,0,1,-0.011045944,3
-0.715216,930082,153,0,0,0,0,0,0,1,1,1,1,0,1,1,1,1,1,0,0,0,0,1,-0.011045944,6
0.010892,1240127,153,0,0,0,0,0,0,1,1,1,1,0,1,1,1,1,1,0,0,0,0,1,-0.011045944,4
-0.20126,1240174,153,0,0,0,0,0,0,1,1,1,1,0,1,1,1,1,1,0,0,0,0,1,-0.011045944,6
-0.948643,907000,155,0,0,0,0,0,0,1,1,1,1,0,1,0,1,1,0,1,0,0,0,1,-0.182860014,6
0.155268,907051,155,0,0,0,0,0,0,1,1,1,1,0,1,0,1,1,0,1,0,0,0,1,-0.182860014,7
-2.292729,908130,155,0,0,0,0,0,0,1,1,1,1,0,1,0,1,1,0,1,0,0,0,1,-0.182860014,4
-0.255824,909735,155,0,0,0,0,0,0,1,1,1,1,0,1,0,1,1,0,1,0,0,0,1,-0.182860014,9
2.150359,910691,155,0,0,0,0,0,0,1,1,1,1,0,1,0,1,1,0,1,0,0,0,1,-0.182860014,1
-3.847162,910781,155,0,0,0,0,0,0,1,1,1,1,0,1,0,1,1,0,1,0,0,0,1,-0.182860014,2
1.285271,924187,155,0,0,0,0,0,0,1,1,1,1,0,1,0,1,1,0,1,0,0,0,1,-0.182860014,10
-0.002869,930082,155,0,0,0,0,0,0,1,1,1,1,0,1,0,1,1,0,1,0,0,0,1,-0.182860014,2
2.772595,1240127,155,0,0,0,0,0,0,1,1,1,1,0,1,0,1,1,0,1,0,0,0,1,-0.182860014,2
0.212169,1240174,155,0,0,0,0,0,0,1,1,1,1,0,1,0,1,1,0,1,0,0,0,1,-0.182860014,1
-0.308018,907000,157,0,0,0,0,0,0,0,0,0,1,0,0,0,1,0,0,0,0,0,0,0,0.528705677,10
0.073242,907051,157,0,0,0,0,0,0,0,0,0,1,0,0,0,1,0,0,0,0,0,0,0,0.528705677,7
-1.695922,908130,157,0,0,0,0,0,0,0,0,0,1,0,0,0,1,0,0,0,0,0,0,0,0.528705677,9
-1.086057,909735,157,0,0,0,0,0,0,0,0,0,1,0,0,0,1,0,0,0,0,0,0,0,0.528705677,4
-0.458178,910691,157,0,0,0,0,0,0,0,0,0,1,0,0,0,1,0,0,0,0,0,0,0,0.528705677,1
-1.208971,910781,157,0,0,0,0,0,0,0,0,0,1,0,0,0,1,0,0,0,0,0,0,0,0.528705677,6
0.656559,924187,157,0,0,0,0,0,0,0,0,0,1,0,0,0,1,0,0,0,0,0,0,0,0.528705677,8
-0.88111,930082,157,0,0,0,0,0,0,0,0,0,1,0,0,0,1,0,0,0,0,0,0,0,0.528705677,2
0.834827,1240127,157,0,0,0,0,0,0,0,0,0,1,0,0,0,1,0,0,0,0,0,0,0,0.528705677,4
-0.609028,1240174,157,0,0,0,0,0,0,0,0,0,1,0,0,0,1,0,0,0,0,0,0,0,0.528705677,5
1.420533,907000,158,0,0,0,0,0,0,0,0,0,1,0,0,1,1,0,0,0,0,0,0,0,1.5922882341,4
2.070258,907051,158,0,0,0,0,0,0,0,0,0,1,0,0,1,1,0,0,0,0,0,0,0,1.5922882341,1
0.863852,908130,158,0,0,0,0,0,0,0,0,0,1,0,0,1,1,0,0,0,0,0,0,0,1.5922882341,9
1.684674,909735,158,0,0,0,0,0,0,0,0,0,1,0,0,1,1,0,0,0,0,0,0,0,1.5922882341,5
1.907075,910691,158,0,0,0,0,0,0,0,0,0,1,0,0,1,1,0,0,0,0,0,0,0,1.5922882341,7
0.428094,910781,158,0,0,0,0,0,0,0,0,0,1,0,0,1,1,0,0,0,0,0,0,0,1.5922882341,2
3.098141,924187,158,0,0,0,0,0,0,0,0,0,1,0,0,1,1,0,0,0,0,0,0,0,1.5922882341,10
1.211991,930082,158,0,0,0,0,0,0,0,0,0,1,0,0,1,1,0,0,0,0,0,0,0,1.5922882341,10
3.31409,1240127,158,0,0,0,0,0,0,0,0,0,1,0,0,1,1,0,0,0,0,0,0,0,1.5922882341,9
0.85319,1240174,158,0,0,0,0,0,0,0,0,0,1,0,0,1,1,0,0,0,0,0,0,0,1.5922882341,5
0.091934,907000,159,0,0,0,0,0,0,1,1,1,1,0,1,0,1,1,0,0,0,0,0,1,0.4075327508,2
0.676326,907051,159,0,0,0,0,0,0,1,1,1,1,0,1,0,1,1,0,0,0,0,0,1,0.4075327508,1
-2.172091,908130,159,0,0,0,0,0,0,1,1,1,1,0,1,0,1,1,0,0,0,0,0,1,0.4075327508,5
-1.464684,909735,159,0,0,0,0,0,0,1,1,1,1,0,1,0,1,1,0,0,0,0,0,1,0.4075327508,2
2.254633,910691,159,0,0,0,0,0,0,1,1,1,1,0,1,0,1,1,0,0,0,0,0,1,0.4075327508,6
-1.887505,910781,159,0,0,0,0,0,0,1,1,1,1,0,1,0,1,1,0,0,0,0,0,1,0.4075327508,6
0.878653,924187,159,0,0,0,0,0,0,1,1,1,1,0,1,0,1,1,0,0,0,0,0,1,0.4075327508,7
0.805648,930082,159,0,0,0,0,0,0,1,1,1,1,0,1,0,1,1,0,0,0,0,0,1,0.4075327508,10
4.916962,1240127,159,0,0,0,0,0,0,1,1,1,1,0,1,0,1,1,0,0,0,0,0,1,0.4075327508,5
-0.240878,1240174,159,0,0,0,0,0,0,1,1,1,1,0,1,0,1,1,0,0,0,0,0,1,0.4075327508,8
0.922248,907000,167,0,0,0,0,0,0,1,1,1,1,0,1,0,1,0,0,1,0,0,0,1,1.7769321641,10
1.368892,907051,167,0,0,0,0,0,0,1,1,1,1,0,1,0,1,0,0,1,0,0,0,1,1.7769321641,1
1.368588,908130,167,0,0,0,0,0,0,1,1,1,1,0,1,0,1,0,0,1,0,0,0,1,1.7769321641,4
1.037964,909735,167,0,0,0,0,0,0,1,1,1,1,0,1,0,1,0,0,1,0,0,0,1,1.7769321641,3
1.935976,910691,167,0,0,0,0,0,0,1,1,1,1,0,1,0,1,0,0,1,0,0,0,1,1.7769321641,5
0.919349,910781,167,0,0,0,0,0,0,1,1,1,1,0,1,0,1,0,0,1,0,0,0,1,1.7769321641,8
3.147392,924187,167,0,0,0,0,0,0,1,1,1,1,0,1,0,1,0,0,1,0,0,0,1,1.7769321641,5
2.760855,1240127,167,0,0,0,0,0,0,1,1,1,1,0,1,0,1,0,0,1,0,0,0,1,1.7769321641,8
0.569869,1240174,167,0,0,0,0,0,0,1,1,1,1,0,1,0,1,0,0,1,0,0,0,1,1.7769321641,1
2.472582,907000,176,0,0,0,0,0,0,0,0,1,1,1,0,0,1,0,0,0,0,0,1,0,3.1187523946,5
3.565115,907051,176,0,0,0,0,0,0,0,0,1,1,1,0,0,1,0,0,0,0,0,1,0,3.1187523946,8
2.892675,908130,176,0,0,0,0,0,0,0,0,1,1,1,0,0,1,0,0,0,0,0,1,0,3.1187523946,9
1.886942,909735,176,0,0,0,0,0,0,0,0,1,1,1,0,0,1,0,0,0,0,0,1,0,3.1187523946,5
3.37176,910691,176,0,0,0,0,0,0,0,0,1,1,1,0,0,1,0,0,0,0,0,1,0,3.1187523946,3
2.147424,910781,176,0,0,0,0,0,0,0,0,1,1,1,0,0,1,0,0,0,0,0,1,0,3.1187523946,7
3.886045,924187,176,0,0,0,0,0,0,0,0,1,1,1,0,0,1,0,0,0,0,0,1,0,3.1187523946,9
6.884232,1240127,176,0,0,0,0,0,0,0,0,1,1,1,0,0,1,0,0,0,0,0,1,0,3.1187523946,1
3.36906,1240174,176,0,0,0,0,0,0,0,0,1,1,1,0,0,1,0,0,0,0,0,1,0,3.1187523946,2
2.289682,907000,177,0,0,0,0,0,0,1,1,1,1,1,1,0,1,1,0,0,0,0,1,0,2.4325279891,3
2.818355,907051,177,0,0,0,0,0,0,1,1,1,1,1,1,0,1,1,0,0,0,0,1,0,2.4325279891,5
2.148439,908130,177,0,0,0,0,0,0,1,1,1,1,1,1,0,1,1,0,0,0,0,1,0,2.4325279891,6
0.589609,909735,177,0,0,0,0,0,0,1,1,1,1,1,1,0,1,1,0,0,0,0,1,0,2.4325279891,4
2.232829,910691,177,0,0,0,0,0,0,1,1,1,1,1,1,0,1,1,0,0,0,0,1,0,2.4325279891,1
1.650705,910781,177,0,0,0,0,0,0,1,1,1,1,1,1,0,1,1,0,0,0,0,1,0,2.4325279891,9
4.619429,924187,177,0,0,0,0,0,0,1,1,1,1,1,1,0,1,1,0,0,0,0,1,0,2.4325279891,10
4.040741,1240127,177,0,0,0,0,0,0,1,1,1,1,1,1,0,1,1,0,0,0,0,1,0,2.4325279891,8
1.156456,1240174,177,0,0,0,0,0,0,1,1,1,1,1,1,0,1,1,0,0,0,0,1,0,2.4325279891,9
1.311162,907000,178,0,0,1,0,0,0,0,0,0,1,1,0,0,1,1,0,0,0,0,0,1,1.9255977526,9
1.797895,907051,178,0,0,1,0,0,0,0,0,0,1,1,0,0,1,1,0,0,0,0,0,1,1.9255977526,2
2.635097,908130,178,0,0,1,0,0,0,0,0,0,1,1,0,0,1,1,0,0,0,0,0,1,1.9255977526,2
0.786836,909735,178,0,0,1,0,0,0,0,0,0,1,1,0,0,1,1,0,0,0,0,0,1,1.9255977526,6
1.470652,910691,178,0,0,1,0,0,0,0,0,0,1,1,0,0,1,1,0,0,0,0,0,1,1.9255977526,7
1.452467,910781,178,0,0,1,0,0,0,0,0,0,1,1,0,0,1,1,0,0,0,0,0,1,1.9255977526,8
3.655685,924187,178,0,0,1,0,0,0,0,0,0,1,1,0,0,1,1,0,0,0,0,0,1,1.9255977526,10
2.694544,1240127,178,0,0,1,0,0,0,0,0,0,1,1,0,0,1,1,0,0,0,0,0,1,1.9255977526,1
1.532931,1240174,178,0,0,1,0,0,0,0,0,0,1,1,0,0,1,1,0,0,0,0,0,1,1.9255977526,9
0.702868,907000,184,0,0,0,0,0,0,0,0,0,0,0,0,0,1,0,0,1,1,0,0,1,1.2103820294,9
2.340432,907051,184,0,0,0,0,0,0,0,0,0,0,0,0,0,1,0,0,1,1,0,0,1,1.2103820294,8
0.655075,908130,184,0,0,0,0,0,0,0,0,0,0,0,0,0,1,0,0,1,1,0,0,1,1.2103820294,6
0.061859,909735,184,0,0,0,0,0,0,0,0,0,0,0,0,0,1,0,0,1,1,0,0,1,1.2103820294,10
1.796748,910691,184,0,0,0,0,0,0,0,0,0,0,0,0,0,1,0,0,1,1,0,0,1,1.2103820294,7
-0.447747,910781,184,0,0,0,0,0,0,0,0,0,0,0,0,0,1,0,0,1,1,0,0,1,1.2103820294,2
4.138304,924187,184,0,0,0,0,0,0,0,0,0,0,0,0,0,1,0,0,1,1,0,0,1,1.2103820294,6
0.890459,1240127,184,0,0,0,0,0,0,0,0,0,0,0,0,0,1,0,0,1,1,0,0,1,1.2103820294,7
2.583038,1240174,184,0,0,0,0,0,0,0,0,0,0,0,0,0,1,0,0,1,1,0,0,1,1.2103820294,5
3.0984,907000,185,0,0,0,0,0,0,0,1,0,1,0,1,0,1,0,0,0,0,0,1,1,3.3719001296,1
3.416401,907051,185,0,0,0,0,0,0,0,1,0,1,0,1,0,1,0,0,0,0,0,1,1,3.3719001296,5
3.540308,908130,185,0,0,0,0,0,0,0,1,0,1,0,1,0,1,0,0,0,0,0,1,1,3.3719001296,9
2.650565,909735,185,0,0,0,0,0,0,0,1,0,1,0,1,0,1,0,0,0,0,0,1,1,3.3719001296,4
3.612579,910691,185,0,0,0,0,0,0,0,1,0,1,0,1,0,1,0,0,0,0,0,1,1,3.3719001296,7
2.211085,910781,185,0,0,0,0,0,0,0,1,0,1,0,1,0,1,0,0,0,0,0,1,1,3.3719001296,10
3.971674,924187,185,0,0,0,0,0,0,0,1,0,1,0,1,0,1,0,0,0,0,0,1,1,3.3719001296,2
3.793136,1240127,185,0,0,0,0,0,0,0,1,0,1,0,1,0,1,0,0,0,0,0,1,1,3.3719001296,7
3.534838,1240174,185,0,0,0,0,0,0,0,1,0,1,0,1,0,1,0,0,0,0,0,1,1,3.3719001296,1
3.861695,907000,192,0,0,0,0,0,0,0,0,0,0,0,0,0,1,0,0,0,0,0,0,0,4.7983597858,5
4.821468,907051,192,0,0,0,0,0,0,0,0,0,0,0,0,0,1,0,0,0,0,0,0,0,4.7983597858,3
4.358116,908130,192,0,0,0,0,0,0,0,0,0,0,0,0,0,1,0,0,0,0,0,0,0,4.7983597858,10
4.287953,909735,192,0,0,0,0,0,0,0,0,0,0,0,0,0,1,0,0,0,0,0,0,0,4.7983597858,10
5.049776,910691,192,0,0,0,0,0,0,0,0,0,0,0,0,0,1,0,0,0,0,0,0,0,4.7983597858,7
4.556728,910781,192,0,0,0,0,0,0,0,0,0,0,0,0,0,1,0,0,0,0,0,0,0,4.7983597858,2
5.726534,924187,192,0,0,0,0,0,0,0,0,0,0,0,0,0,1,0,0,0,0,0,0,0,4.7983597858,1
5.692936,1240127,192,0,0,0,0,0,0,0,0,0,0,0,0,0,1,0,0,0,0,0,0,0,4.7983597858,10
4.734505,1240174,192,0,0,0,0,0,0,0,0,0,0,0,0,0,1,0,0,0,0,0,0,0,4.7983597858,10
5.218094,907000,193,0,0,1,0,0,0,0,0,0,1,1,1,0,1,0,0,0,0,0,0,0,5.313747348,9
5.106778,907051,193,0,0,1,0,0,0,0,0,0,1,1,1,0,1,0,0,0,0,0,0,0,5.313747348,9
4.682674,908130,193,0,0,1,0,0,0,0,0,0,1,1,1,0,1,0,0,0,0,0,0,0,5.313747348,6
4.249165,909735,193,0,0,1,0,0,0,0,0,0,1,1,1,0,1,0,0,0,0,0,0,0,5.313747348,2
5.951341,910691,193,0,0,1,0,0,0,0,0,0,1,1,1,0,1,0,0,0,0,0,0,0,5.313747348,1
5.416428,910781,193,0,0,1,0,0,0,0,0,0,1,1,1,0,1,0,0,0,0,0,0,0,5.313747348,3
6.582327,924187,193,0,0,1,0,0,0,0,0,0,1,1,1,0,1,0,0,0,0,0,0,0,5.313747348,2
4.985726,930082,193,0,0,1,0,0,0,0,0,0,1,1,1,0,1,0,0,0,0,0,0,0,5.313747348,4
5.930567,1240127,193,0,0,1,0,0,0,0,0,0,1,1,1,0,1,0,0,0,0,0,0,0,5.313747348,5
5.402894,1240174,193,0,0,1,0,0,0,0,0,0,1,1,1,0,1,0,0,0,0,0,0,0,5.313747348,10
0.496883,907000,199,0,0,0,0,0,0,0,0,0,1,0,0,0,1,0,0,1,0,1,0,0,1.5910573599,9
3.359222,907051,199,0,0,0,0,0,0,0,0,0,1,0,0,0,1,0,0,1,0,1,0,0,1.5910573599,10
-0.461949,908130,199,0,0,0,0,0,0,0,0,0,1,0,0,0,1,0,0,1,0,1,0,0,1.5910573599,6
1.323233,909735,199,0,0,0,0,0,0,0,0,0,1,0,0,0,1,0,0,1,0,1,0,0,1.5910573599,7
4.323773,910691,199,0,0,0,0,0,0,0,0,0,1,0,0,0,1,0,0,1,0,1,0,0,1.5910573599,7
-2.826655,910781,199,0,0,0,0,0,0,0,0,0,1,0,0,0,1,0,0,1,0,1,0,0,1.5910573599,9
4.245558,924187,199,0,0,0,0,0,0,0,0,0,1,0,0,0,1,0,0,1,0,1,0,0,1.5910573599,1
3.302885,1240127,199,0,0,0,0,0,0,0,0,0,1,0,0,0,1,0,0,1,0,1,0,0,1.5910573599,1
2.255935,1240174,199,0,0,0,0,0,0,0,0,0,1,0,0,0,1,0,0,1,0,1,0,0,1.5910573599,9
1.897471,907000,202,0,0,0,0,1,0,1,0,0,1,1,1,0,1,1,0,0,0,0,0,1,2.2039668596,8
1.994585,907051,202,0,0,0,0,1,0,1,0,0,1,1,1,0,1,1,0,0,0,0,0,1,2.2039668596,8
2.828964,908130,202,0,0,0,0,1,0,1,0,0,1,1,1,0,1,1,0,0,0,0,0,1,2.2039668596,8
1.305135,909735,202,0,0,0,0,1,0,1,0,0,1,1,1,0,1,1,0,0,0,0,0,1,2.2039668596,4
2.192499,910691,202,0,0,0,0,1,0,1,0,0,1,1,1,0,1,1,0,0,0,0,0,1,2.2039668596,9
1.757102,910781,202,0,0,0,0,1,0,1,0,0,1,1,1,0,1,1,0,0,0,0,0,1,2.2039668596,6
3.160199,924187,202,0,0,0,0,1,0,1,0,0,1,1,1,0,1,1,0,0,0,0,0,1,2.2039668596,9
1.926608,1240127,202,0,0,0,0,1,0,1,0,0,1,1,1,0,1,1,0,0,0,0,0,1,2.2039668596,4
1.927852,1240174,202,0,0,0,0,1,0,1,0,0,1,1,1,0,1,1,0,0,0,0,0,1,2.2039668596,10
3.455613,907000,203,0,0,0,0,0,0,0,0,0,1,0,0,0,1,0,0,0,0,0,0,1,2.831107045,5
4.640372,907051,203,0,0,0,0,0,0,0,0,0,1,0,0,0,1,0,0,0,0,0,0,1,2.831107045,1
3.860071,908130,203,0,0,0,0,0,0,0,0,0,1,0,0,0,1,0,0,0,0,0,0,1,2.831107045,6
3.114174,909735,203,0,0,0,0,0,0,0,0,0,1,0,0,0,1,0,0,0,0,0,0,1,2.831107045,9
1.373842,910691,203,0,0,0,0,0,0,0,0,0,1,0,0,0,1,0,0,0,0,0,0,1,2.831107045,9
3.513632,910781,203,0,0,0,0,0,0,0,0,0,1,0,0,0,1,0,0,0,0,0,0,1,2.831107045,3
3.484832,924187,203,0,0,0,0,0,0,0,0,0,1,0,0,0,1,0,0,0,0,0,0,1,2.831107045,1
3.843432,930082,203,0,0,0,0,0,0,0,0,0,1,0,0,0,1,0,0,0,0,0,0,1,2.831107045,9
3.390898,1240127,203,0,0,0,0,0,0,0,0,0,1,0,0,0,1,0,0,0,0,0,0,1,2.831107045,6
3.084318,1240174,203,0,0,0,0,0,0,0,0,0,1,0,0,0,1,0,0,0,0,0,0,1,2.831107045,7
3.580101,907000,206,0,0,0,0,0,0,0,0,0,1,0,0,0,1,0,0,1,0,0,0,0,4.237379545,5
4.253708,907051,206,0,0,0,0,0,0,0,0,0,1,0,0,0,1,0,0,1,0,0,0,0,4.237379545,9
4.410588,908130,206,0,0,0,0,0,0,0,0,0,1,0,0,0,1,0,0,1,0,0,0,0,4.237379545,6
3.887128,909735,206,0,0,0,0,0,0,0,0,0,1,0,0,0,1,0,0,1,0,0,0,0,4.237379545,3
3.892692,910691,206,0,0,0,0,0,0,0,0,0,1,0,0,0,1,0,0,1,0,0,0,0,4.237379545,4
4.40538,910781,206,0,0,0,0,0,0,0,0,0,1,0,0,0,1,0,0,1,0,0,0,0,4.237379545,9
4.928416,924187,206,0,0,0,0,0,0,0,0,0,1,0,0,0,1,0,0,1,0,0,0,0,4.237379545,5
4.251837,930082,206,0,0,0,0,0,0,0,0,0,1,0,0,0,1,0,0,1,0,0,0,0,4.237379545,3
4.502783,1240127,206,0,0,0,0,0,0,0,0,0,1,0,0,0,1,0,0,1,0,0,0,0,4.237379545,7
4.220369,1240174,206,0,0,0,0,0,0,0,0,0,1,0,0,0,1,0,0,1,0,0,0,0,4.237379545,1
1.568376,907000,207,0,0,0,0,0,0,0,0,0,1,0,0,0,1,0,0,0,0,0,0,0,0.528705677,5
2.391898,907051,207,0,0,0,0,0,0,0,0,0,1,0,0,0,1,0,0,0,0,0,0,0,0.528705677,10
1.348149,908130,207,0,0,0,0,0,0,0,0,0,1,0,0,0,1,0,0,0,0,0,0,0,0.528705677,3
-0.026982,909735,207,0,0,0,0,0,0,0,0,0,1,0,0,0,1,0,0,0,0,0,0,0,0.528705677,4
2.082054,910691,207,0,0,0,0,0,0,0,0,0,1,0,0,0,1,0,0,0,0,0,0,0,0.528705677,7
0.7413,910781,207,0,0,0,0,0,0,0,0,0,1,0,0,0,1,0,0,0,0,0,0,0,0.528705677,2
1.198869,924187,207,0,0,0,0,0,0,0,0,0,1,0,0,0,1,0,0,0,0,0,0,0,0.528705677,1
2.939139,1240127,207,0,0,0,0,0,0,0,0,0,1,0,0,0,1,0,0,0,0,0,0,0,0.528705677,6
0.427281,1240174,207,0,0,0,0,0,0,0,0,0,1,0,0,0,1,0,0,0,0,0,0,0,0.528705677,5
1.985186,907000,219,0,0,0,1,0,0,0,0,0,1,0,0,1,1,0,1,1,0,0,0,1,1.4843939987,8
3.435818,907051,219,0,0,0,1,0,0,0,0,0,1,0,0,1,1,0,1,1,0,0,0,1,1.4843939987,1
2.671681,908130,219,0,0,0,1,0,0,0,0,0,1,0,0,1,1,0,1,1,0,0,0,1,1.4843939987,2
0.098677,909735,219,0,0,0,1,0,0,0,0,0,1,0,0,1,1,0,1,1,0,0,0,1,1.4843939987,5
-0.327454,910691,219,0,0,0,1,0,0,0,0,0,1,0,0,1,1,0,1,1,0,0,0,1,1.4843939987,8
1.5041,910781,219,0,0,0,1,0,0,0,0,0,1,0,0,1,1,0,1,1,0,0,0,1,1.4843939987,3
1.287798,924187,219,0,0,0,1,0,0,0,0,0,1,0,0,1,1,0,1,1,0,0,0,1,1.4843939987,9
1.791262,930082,219,0,0,0,1,0,0,0,0,0,1,0,0,1,1,0,1,1,0,0,0,1,1.4843939987,8
1.114412,1240127,219,0,0,0,1,0,0,0,0,0,1,0,0,1,1,0,1,1,0,0,0,1,1.4843939987,4
1.927139,1240174,219,0,0,0,1,0,0,0,0,0,1,0,0,1,1,0,1,1,0,0,0,1,1.4843939987,7
4.252513,907000,221,0,0,0,0,0,0,1,0,0,1,0,1,0,1,1,0,0,0,0,0,0,3.9655283921,10
4.318194,907051,221,0,0,0,0,0,0,1,0,0,1,0,1,0,1,1,0,0,0,0,0,0,3.9655283921,6
5.579243,908130,221,0,0,0,0,0,0,1,0,0,1,0,1,0,1,1,0,0,0,0,0,0,3.9655283921,10
3.483333,909735,221,0,0,0,0,0,0,1,0,0,1,0,1,0,1,1,0,0,0,0,0,0,3.9655283921,5
3.686949,910691,221,0,0,0,0,0,0,1,0,0,1,0,1,0,1,1,0,0,0,0,0,0,3.9655283921,1
4.380256,910781,221,0,0,0,0,0,0,1,0,0,1,0,1,0,1,1,0,0,0,0,0,0,3.9655283921,2
3.315643,924187,221,0,0,0,0,0,0,1,0,0,1,0,1,0,1,1,0,0,0,0,0,0,3.9655283921,7
4.801916,930082,221,0,0,0,0,0,0,1,0,0,1,0,1,0,1,1,0,0,0,0,0,0,3.9655283921,8
4.830319,1240127,221,0,0,0,0,0,0,1,0,0,1,0,1,0,1,1,0,0,0,0,0,0,3.9655283921,7
4.552318,1240174,221,0,0,0,0,0,0,1,0,0,1,0,1,0,1,1,0,0,0,0,0,0,3.9655283921,7
2.404558,907000,222,0,0,0,0,0,0,0,0,0,0,0,0,0,1,0,1,0,0,0,0,1,3.0914934416,5
4.86719,907051,222,0,0,0,0,0,0,0,0,0,0,0,0,0,1,0,1,0,0,0,0,1,3.0914934416,6
3.43236,908130,222,0,0,0,0,0,0,0,0,0,0,0,0,0,1,0,1,0,0,0,0,1,3.0914934416,7
1.718792,909735,222,0,0,0,0,0,0,0,0,0,0,0,0,0,1,0,1,0,0,0,0,1,3.0914934416,2
2.17102,910691,222,0,0,0,0,0,0,0,0,0,0,0,0,0,1,0,1,0,0,0,0,1,3.0914934416,8
2.845147,910781,222,0,0,0,0,0,0,0,0,0,0,0,0,0,1,0,1,0,0,0,0,1,3.0914934416,8
4.075419,924187,222,0,0,0,0,0,0,0,0,0,0,0,0,0,1,0,1,0,0,0,0,1,3.0914934416,6
4.867969,930082,222,0,0,0,0,0,0,0,0,0,0,0,0,0,1,0,1,0,0,0,0,1,3.0914934416,2
2.14656,1240127,222,0,0,0,0,0,0,0,0,0,0,0,0,0,1,0,1,0,0,0,0,1,3.0914934416,2
3.551456,1240174,222,0,0,0,0,0,0,0,0,0,0,0,0,0,1,0,1,0,0,0,0,1,3.0914934416,6
1.528961,907000,226,0,0,0,0,0,0,1,0,1,1,0,1,0,1,0,1,1,0,0,0,0,2.1686122544,2
3.920185,907051,226,0,0,0,0,0,0,1,0,1,1,0,1,0,1,0,1,1,0,0,0,0,2.1686122544,1
3.012055,908130,226,0,0,0,0,0,0,1,0,1,1,0,1,0,1,0,1,1,0,0,0,0,2.1686122544,3
0.558907,909735,226,0,0,0,0,0,0,1,0,1,1,0,1,0,1,0,1,1,0,0,0,0,2.1686122544,8
1.215302,910691,226,0,0,0,0,0,0,1,0,1,1,0,1,0,1,0,1,1,0,0,0,0,2.1686122544,2
1.65508,910781,226,0,0,0,0,0,0,1,0,1,1,0,1,0,1,0,1,1,0,0,0,0,2.1686122544,8
3.068815,924187,226,0,0,0,0,0,0,1,0,1,1,0,1,0,1,0,1,1,0,0,0,0,2.1686122544,5
3.741473,930082,226,0,0,0,0,0,0,1,0,1,1,0,1,0,1,0,1,1,0,0,0,0,2.1686122544,8
0.305095,1240127,226,0,0,0,0,0,0,1,0,1,1,0,1,0,1,0,1,1,0,0,0,0,2.1686122544,2
3.810263,1240174,226,0,0,0,0,0,0,1,0,1,1,0,1,0,1,0,1,1,0,0,0,0,2.1686122544,3
3.544633,907000,229,0,0,0,0,0,0,0,0,1,1,0,1,1,1,0,0,0,0,0,0,1,3.6313693757,3
3.798958,907051,229,0,0,0,0,0,0,0,0,1,1,0,1,1,1,0,0,0,0,0,0,1,3.6313693757,6
5.642667,908130,229,0,0,0,0,0,0,0,0,1,1,0,1,1,1,0,0,0,0,0,0,1,3.6313693757,6
0.598202,909735,229,0,0,0,0,0,0,0,0,1,1,0,1,1,1,0,0,0,0,0,0,1,3.6313693757,8
2.465927,910691,229,0,0,0,0,0,0,0,0,1,1,0,1,1,1,0,0,0,0,0,0,1,3.6313693757,3
4.78566,910781,229,0,0,0,0,0,0,0,0,1,1,0,1,1,1,0,0,0,0,0,0,1,3.6313693757,4
0.484718,924187,229,0,0,0,0,0,0,0,0,1,1,0,1,1,1,0,0,0,0,0,0,1,3.6313693757,3
5.335571,930082,229,0,0,0,0,0,0,0,0,1,1,0,1,1,1,0,0,0,0,0,0,1,3.6313693757,7
5.718738,1240127,229,0,0,0,0,0,0,0,0,1,1,0,1,1,1,0,0,0,0,0,0,1,3.6313693757,5
4.360269,1240174,229,0,0,0,0,0,0,0,0,1,1,0,1,1,1,0,0,0,0,0,0,1,3.6313693757,7
3.463121,907000,230,0,0,0,0,0,0,0,1,1,1,0,1,0,1,0,0,1,0,0,0,0,4.8964012045,9
5.603893,907051,230,0,0,0,0,0,0,0,1,1,1,0,1,0,1,0,0,1,0,0,0,0,4.8964012045,6
5.591403,908130,230,0,0,0,0,0,0,0,1,1,1,0,1,0,1,0,0,1,0,0,0,0,4.8964012045,2
4.045238,909735,230,0,0,0,0,0,0,0,1,1,1,0,1,0,1,0,0,1,0,0,0,0,4.8964012045,7
5.004061,910691,230,0,0,0,0,0,0,0,1,1,1,0,1,0,1,0,0,1,0,0,0,0,4.8964012045,9
4.836005,910781,230,0,0,0,0,0,0,0,1,1,1,0,1,0,1,0,0,1,0,0,0,0,4.8964012045,9
6.685617,924187,230,0,0,0,0,0,0,0,1,1,1,0,1,0,1,0,0,1,0,0,0,0,4.8964012045,3
5.155092,930082,230,0,0,0,0,0,0,0,1,1,1,0,1,0,1,0,0,1,0,0,0,0,4.8964012045,4
4.235562,1240127,230,0,0,0,0,0,0,0,1,1,1,0,1,0,1,0,0,1,0,0,0,0,4.8964012045,7
5.406282,1240174,230,0,0,0,0,0,0,0,1,1,1,0,1,0,1,0,0,1,0,0,0,0,4.8964012045,10
5.568216,907051,231,0,0,0,0,0,0,0,1,1,1,0,1,0,1,0,0,0,0,0,0,0,5.6277763789,6
1.785458,909735,231,0,0,0,0,0,0,0,1,1,1,0,1,0,1,0,0,0,0,0,0,0,5.6277763789,1
5.403949,910691,231,0,0,0,0,0,0,0,1,1,1,0,1,0,1,0,0,0,0,0,0,0,5.6277763789,4
6.135192,924187,231,0,0,0,0,0,0,0,1,1,1,0,1,0,1,0,0,0,0,0,0,0,5.6277763789,7
5.595163,930082,231,0,0,0,0,0,0,0,1,1,1,0,1,0,1,0,0,0,0,0,0,0,5.6277763789,5
6.287667,1240127,231,0,0,0,0,0,0,0,1,1,1,0,1,0,1,0,0,0,0,0,0,0,5.6277763789,8
5.551568,1240174,231,0,0,0,0,0,0,0,1,1,1,0,1,0,1,0,0,0,0,0,0,0,5.6277763789,7
1.185533,907000,235,0,0,0,0,0,0,1,0,1,1,0,1,0,1,1,1,1,0,0,0,0,2.0134456834,7
2.982232,907051,235,0,0,0,0,0,0,1,0,1,1,0,1,0,1,1,1,1,0,0,0,0,2.0134456834,8
2.323982,908130,235,0,0,0,0,0,0,1,0,1,1,0,1,0,1,1,1,1,0,0,0,0,2.0134456834,1
-0.636674,909735,235,0,0,0,0,0,0,1,0,1,1,0,1,0,1,1,1,1,0,0,0,0,2.0134456834,1
-0.369458,910691,235,0,0,0,0,0,0,1,0,1,1,0,1,0,1,1,1,1,0,0,0,0,2.0134456834,5
1.22872,910781,235,0,0,0,0,0,0,1,0,1,1,0,1,0,1,1,1,1,0,0,0,0,2.0134456834,3
1.191894,924187,235,0,0,0,0,0,0,1,0,1,1,0,1,0,1,1,1,1,0,0,0,0,2.0134456834,4
3.705922,930082,235,0,0,0,0,0,0,1,0,1,1,0,1,0,1,1,1,1,0,0,0,0,2.0134456834,4
2.910132,1240127,235,0,0,0,0,0,0,1,0,1,1,0,1,0,1,1,1,1,0,0,0,0,2.0134456834,4
4.676974,1240174,235,0,0,0,0,0,0,1,0,1,1,0,1,0,1,1,1,1,0,0,0,0,2.0134456834,3
3.890188,907000,249,0,0,1,0,0,0,0,0,0,1,1,0,0,1,0,0,0,0,0,0,0,1.3503280477,8
4.241316,907051,249,0,0,1,0,0,0,0,0,0,1,1,0,0,1,0,0,0,0,0,0,0,1.3503280477,4
2.888055,908130,249,0,0,1,0,0,0,0,0,0,1,1,0,0,1,0,0,0,0,0,0,0,1.3503280477,3
1.780634,909735,249,0,0,1,0,0,0,0,0,0,1,1,0,0,1,0,0,0,0,0,0,0,1.3503280477,5
3.076362,910691,249,0,0,1,0,0,0,0,0,0,1,1,0,0,1,0,0,0,0,0,0,0,1.3503280477,8
1.702814,910781,249,0,0,1,0,0,0,0,0,0,1,1,0,0,1,0,0,0,0,0,0,0,1.3503280477,6
3.577323,924187,249,0,0,1,0,0,0,0,0,0,1,1,0,0,1,0,0,0,0,0,0,0,1.3503280477,6
1.619014,930082,249,0,0,1,0,0,0,0,0,0,1,1,0,0,1,0,0,0,0,0,0,0,1.3503280477,6
2.464297,1240127,249,0,0,1,0,0,0,0,0,0,1,1,0,0,1,0,0,0,0,0,0,0,1.3503280477,6
3.87329,1240174,249,0,0,1,0,0,0,0,0,0,1,1,0,0,1,0,0,0,0,0,0,0,1.3503280477,2
0.457914,907000,252,0,0,0,0,0,0,0,0,0,0,0,0,0,1,1,0,0,0,0,0,1,0.3241425065,8
2.962606,907051,252,0,0,0,0,0,0,0,0,0,0,0,0,0,1,1,0,0,0,0,0,1,0.3241425065,7
0.618645,908130,252,0,0,0,0,0,0,0,0,0,0,0,0,0,1,1,0,0,0,0,0,1,0.3241425065,2
-0.521955,909735,252,0,0,0,0,0,0,0,0,0,0,0,0,0,1,1,0,0,0,0,0,1,0.3241425065,8
-1.746574,910691,252,0,0,0,0,0,0,0,0,0,0,0,0,0,1,1,0,0,0,0,0,1,0.3241425065,8
-1.324135,910781,252,0,0,0,0,0,0,0,0,0,0,0,0,0,1,1,0,0,0,0,0,1,0.3241425065,4
1.080414,924187,252,0,0,0,0,0,0,0,0,0,0,0,0,0,1,1,0,0,0,0,0,1,0.3241425065,8
0.502095,930082,252,0,0,0,0,0,0,0,0,0,0,0,0,0,1,1,0,0,0,0,0,1,0.3241425065,8
-0.689974,1240127,252,0,0,0,0,0,0,0,0,0,0,0,0,0,1,1,0,0,0,0,0,1,0.3241425065,2
0.25018,1240174,252,0,0,0,0,0,0,0,0,0,0,0,0,0,1,1,0,0,0,0,0,1,0.3241425065,5
4.233414,907000,253,0,0,0,1,0,0,0,0,0,1,0,0,0,1,0,0,0,0,0,0,1,4.9506246453,8
4.855913,907051,253,0,0,0,1,0,0,0,0,0,1,0,0,0,1,0,0,0,0,0,0,1,4.9506246453,5
5.090762,908130,253,0,0,0,1,0,0,0,0,0,1,0,0,0,1,0,0,0,0,0,0,1,4.9506246453,7
3.25249,909735,253,0,0,0,1,0,0,0,0,0,1,0,0,0,1,0,0,0,0,0,0,1,4.9506246453,4
5.298311,910691,253,0,0,0,1,0,0,0,0,0,1,0,0,0,1,0,0,0,0,0,0,1,4.9506246453,8
4.731875,910781,253,0,0,0,1,0,0,0,0,0,1,0,0,0,1,0,0,0,0,0,0,1,4.9506246453,5
6.177142,924187,253,0,0,0,1,0,0,0,0,0,1,0,0,0,1,0,0,0,0,0,0,1,4.9506246453,3
4.577166,930082,253,0,0,0,1,0,0,0,0,0,1,0,0,0,1,0,0,0,0,0,0,1,4.9506246453,1
5.082703,1240127,253,0,0,0,1,0,0,0,0,0,1,0,0,0,1,0,0,0,0,0,0,1,4.9506246453,10
4.921132,1240174,253,0,0,0,1,0,0,0,0,0,1,0,0,0,1,0,0,0,0,0,0,1,4.9506246453,7
1.339672,907000,254,0,0,0,0,0,0,0,0,0,1,0,0,0,1,0,0,0,0,0,0,1,2.831107045,5
2.456234,907051,254,0,0,0,0,0,0,0,0,0,1,0,0,0,1,0,0,0,0,0,0,1,2.831107045,9
2.833953,908130,254,0,0,0,0,0,0,0,0,0,1,0,0,0,1,0,0,0,0,0,0,1,2.831107045,1
2.232998,909735,254,0,0,0,0,0,0,0,0,0,1,0,0,0,1,0,0,0,0,0,0,1,2.831107045,8
0.938796,910691,254,0,0,0,0,0,0,0,0,0,1,0,0,0,1,0,0,0,0,0,0,1,2.831107045,2
2.816947,910781,254,0,0,0,0,0,0,0,0,0,1,0,0,0,1,0,0,0,0,0,0,1,2.831107045,4
3.586788,924187,254,0,0,0,0,0,0,0,0,0,1,0,0,0,1,0,0,0,0,0,0,1,2.831107045,1
2.621535,930082,254,0,0,0,0,0,0,0,0,0,1,0,0,0,1,0,0,0,0,0,0,1,2.831107045,1
2.134802,1240127,254,0,0,0,0,0,0,0,0,0,1,0,0,0,1,0,0,0,0,0,0,1,2.831107045,9
2.561523,1240174,254,0,0,0,0,0,0,0,0,0,1,0,0,0,1,0,0,0,0,0,0,1,2.831107045,10
4.191136,907000,255,0,0,0,0,1,0,1,0,0,1,1,1,0,1,0,1,0,0,0,0,0,4.4538048703,4
4.769844,907051,255,0,0,0,0,1,0,1,0,0,1,1,1,0,1,0,1,0,0,0,0,0,4.4538048703,3
4.811004,908130,255,0,0,0,0,1,0,1,0,0,1,1,1,0,1,0,1,0,0,0,0,0,4.4538048703,2
2.889549,909735,255,0,0,0,0,1,0,1,0,0,1,1,1,0,1,0,1,0,0,0,0,0,4.4538048703,1
4.287115,910691,255,0,0,0,0,1,0,1,0,0,1,1,1,0,1,0,1,0,0,0,0,0,4.4538048703,5
4.974817,910781,255,0,0,0,0,1,0,1,0,0,1,1,1,0,1,0,1,0,0,0,0,0,4.4538048703,3
4.130857,924187,255,0,0,0,0,1,0,1,0,0,1,1,1,0,1,0,1,0,0,0,0,0,4.4538048703,1
4.507878,930082,255,0,0,0,0,1,0,1,0,0,1,1,1,0,1,0,1,0,0,0,0,0,4.4538048703,1
4.941432,1240127,255,0,0,0,0,1,0,1,0,0,1,1,1,0,1,0,1,0,0,0,0,0,4.4538048703,9
4.263272,1240174,255,0,0,0,0,1,0,1,0,0,1,1,1,0,1,0,1,0,0,0,0,0,4.4538048703,6
0.547708,907000,256,0,0,0,0,0,0,1,0,1,1,1,1,0,1,1,0,0,0,0,0,1,1.7026328241,3
3.274738,907051,256,0,0,0,0,0,0,1,0,1,1,1,1,0,1,1,0,0,0,0,0,1,1.7026328241,5
1.220261,908130,256,0,0,0,0,0,0,1,0,1,1,1,1,0,1,1,0,0,0,0,0,1,1.7026328241,8
0.358582,909735,256,0,0,0,0,0,0,1,0,1,1,1,1,0,1,1,0,0,0,0,0,1,1.7026328241,3
-0.034369,910691,256,0,0,0,0,0,0,1,0,1,1,1,1,0,1,1,0,0,0,0,0,1,1.7026328241,5
1.281903,910781,256,0,0,0,0,0,0,1,0,1,1,1,1,0,1,1,0,0,0,0,0,1,1.7026328241,7
1.982407,924187,256,0,0,0,0,0,0,1,0,1,1,1,1,0,1,1,0,0,0,0,0,1,1.7026328241,6
4.453743,930082,256,0,0,0,0,0,0,1,0,1,1,1,1,0,1,1,0,0,0,0,0,1,1.7026328241,3
2.253125,1240127,256,0,0,0,0,0,0,1,0,1,1,1,1,0,1,1,0,0,0,0,0,1,1.7026328241,1
1.865496,1240174,256,0,0,0,0,0,0,1,0,1,1,1,1,0,1,1,0,0,0,0,0,1,1.7026328241,1
4.628524,907000,257,0,0,0,0,0,0,0,0,0,1,0,0,0,1,1,1,0,0,0,0,1,2.0294643718,2
4.934463,907051,257,0,0,0,0,0,0,0,0,0,1,0,0,0,1,1,1,0,0,0,0,1,2.0294643718,4
3.660758,908130,257,0,0,0,0,0,0,0,0,0,1,0,0,0,1,1,1,0,0,0,0,1,2.0294643718,9
0.540029,909735,257,0,0,0,0,0,0,0,0,0,1,0,0,0,1,1,1,0,0,0,0,1,2.0294643718,1
1.809337,910691,257,0,0,0,0,0,0,0,0,0,1,0,0,0,1,1,1,0,0,0,0,1,2.0294643718,4
2.532937,910781,257,0,0,0,0,0,0,0,0,0,1,0,0,0,1,1,1,0,0,0,0,1,2.0294643718,7
4.204372,924187,257,0,0,0,0,0,0,0,0,0,1,0,0,0,1,1,1,0,0,0,0,1,2.0294643718,2
2.68827,930082,257,0,0,0,0,0,0,0,0,0,1,0,0,0,1,1,1,0,0,0,0,1,2.0294643718,7
3.901423,1240127,257,0,0,0,0,0,0,0,0,0,1,0,0,0,1,1,1,0,0,0,0,1,2.0294643718,2
2.487407,1240174,257,0,0,0,0,0,0,0,0,0,1,0,0,0,1,1,1,0,0,0,0,1,2.0294643718,3
4.589811,907000,260,0,0,0,0,1,0,0,1,1,1,1,0,0,1,1,0,0,0,0,0,1,2.705432115,10
4.750677,907051,260,0,0,0,0,1,0,0,1,1,1,1,0,0,1,1,0,0,0,0,0,1,2.705432115,5
3.813595,908130,260,0,0,0,0,1,0,0,1,1,1,1,0,0,1,1,0,0,0,0,0,1,2.705432115,4
1.3177,909735,260,0,0,0,0,1,0,0,1,1,1,1,0,0,1,1,0,0,0,0,0,1,2.705432115,10
1.921507,910691,260,0,0,0,0,1,0,0,1,1,1,1,0,0,1,1,0,0,0,0,0,1,2.705432115,3
1.199435,910781,260,0,0,0,0,1,0,0,1,1,1,1,0,0,1,1,0,0,0,0,0,1,2.705432115,5
1.988296,924187,260,0,0,0,0,1,0,0,1,1,1,1,0,0,1,1,0,0,0,0,0,1,2.705432115,7
2.209138,930082,260,0,0,0,0,1,0,0,1,1,1,1,0,0,1,1,0,0,0,0,0,1,2.705432115,4
2.32142,1240127,260,0,0,0,0,1,0,0,1,1,1,1,0,0,1,1,0,0,0,0,0,1,2.705432115,5
2.631232,1240174,260,0,0,0,0,1,0,0,1,1,1,1,0,0,1,1,0,0,0,0,0,1,2.705432115,3
3.863216,907000,262,0,1,0,0,0,0,0,0,0,1,1,1,0,1,1,1,0,0,0,1,1,3.1330355319,10
4.241316,907051,262,0,1,0,0,0,0,0,0,0,1,1,1,0,1,1,1,0,0,0,1,1,3.1330355319,8
4.013657,908130,262,0,1,0,0,0,0,0,0,0,1,1,1,0,1,1,1,0,0,0,1,1,3.1330355319,9
1.161973,909735,262,0,1,0,0,0,0,0,0,0,1,1,1,0,1,1,1,0,0,0,1,1,3.1330355319,10
2.482241,910691,262,0,1,0,0,0,0,0,0,0,1,1,1,0,1,1,1,0,0,0,1,1,3.1330355319,4
3.648908,910781,262,0,1,0,0,0,0,0,0,0,1,1,1,0,1,1,1,0,0,0,1,1,3.1330355319,8
4.402761,924187,262,0,1,0,0,0,0,0,0,0,1,1,1,0,1,1,1,0,0,0,1,1,3.1330355319,4
0.662281,930082,262,0,1,0,0,0,0,0,0,0,1,1,1,0,1,1,1,0,0,0,1,1,3.1330355319,7
3.854959,1240127,262,0,1,0,0,0,0,0,0,0,1,1,1,0,1,1,1,0,0,0,1,1,3.1330355319,3
3.205401,1240174,262,0,1,0,0,0,0,0,0,0,1,1,1,0,1,1,1,0,0,0,1,1,3.1330355319,1
5.297082,907000,263,0,0,0,0,0,0,0,0,0,1,0,1,0,1,0,0,1,1,0,0,0,5.2544554973,5
5.580381,907051,263,0,0,0,0,0,0,0,0,0,1,0,1,0,1,0,0,1,1,0,0,0,5.2544554973,5
5.567445,908130,263,0,0,0,0,0,0,0,0,0,1,0,1,0,1,0,0,1,1,0,0,0,5.2544554973,8
4.402318,909735,263,0,0,0,0,0,0,0,0,0,1,0,1,0,1,0,0,1,1,0,0,0,5.2544554973,5
5.887177,910691,263,0,0,0,0,0,0,0,0,0,1,0,1,0,1,0,0,1,1,0,0,0,5.2544554973,7
5.641089,910781,263,0,0,0,0,0,0,0,0,0,1,0,1,0,1,0,0,1,1,0,0,0,5.2544554973,3
4.411205,924187,263,0,0,0,0,0,0,0,0,0,1,0,1,0,1,0,0,1,1,0,0,0,5.2544554973,10
5.578913,930082,263,0,0,0,0,0,0,0,0,0,1,0,1,0,1,0,0,1,1,0,0,0,5.2544554973,3
6.359355,1240127,263,0,0,0,0,0,0,0,0,0,1,0,1,0,1,0,0,1,1,0,0,0,5.2544554973,6
5.340244,1240174,263,0,0,0,0,0,0,0,0,0,1,0,1,0,1,0,0,1,1,0,0,0,5.2544554973,3
-1.418556,907000,273,0,0,1,0,0,0,0,0,0,1,1,0,0,1,0,0,0,0,0,0,0,1.3503280477,2
-0.030684,907051,273,0,0,1,0,0,0,0,0,0,1,1,0,0,1,0,0,0,0,0,0,0,1.3503280477,6
3.001886,908130,273,0,0,1,0,0,0,0,0,0,1,1,0,0,1,0,0,0,0,0,0,0,1.3503280477,4
-0.771257,910691,273,0,0,1,0,0,0,0,0,0,1,1,0,0,1,0,0,0,0,0,0,0,1.3503280477,10
0.080097,910781,273,0,0,1,0,0,0,0,0,0,1,1,0,0,1,0,0,0,0,0,0,0,1.3503280477,3
-0.679948,924187,273,0,0,1,0,0,0,0,0,0,1,1,0,0,1,0,0,0,0,0,0,0,1.3503280477,7
-1.4569,930082,273,0,0,1,0,0,0,0,0,0,1,1,0,0,1,0,0,0,0,0,0,0,1.3503280477,6
-0.383547,1240127,273,0,0,1,0,0,0,0,0,0,1,1,0,0,1,0,0,0,0,0,0,0,1.3503280477,7
2.27222,1240174,273,0,0,1,0,0,0,0,0,0,1,1,0,0,1,0,0,0,0,0,0,0,1.3503280477,5
4.286913,907000,275,0,0,0,0,0,0,0,0,0,1,1,1,1,1,0,1,1,0,0,0,1,4.6709376931,8
5.55612,907051,275,0,0,0,0,0,0,0,0,0,1,1,1,1,1,0,1,1,0,0,0,1,4.6709376931,4
5.043422,908130,275,0,0,0,0,0,0,0,0,0,1,1,1,1,1,0,1,1,0,0,0,1,4.6709376931,9
4.598564,909735,275,0,0,0,0,0,0,0,0,0,1,1,1,1,1,0,1,1,0,0,0,1,4.6709376931,3
3.605981,910691,275,0,0,0,0,0,0,0,0,0,1,1,1,1,1,0,1,1,0,0,0,1,4.6709376931,4
5.853376,910781,275,0,0,0,0,0,0,0,0,0,1,1,1,1,1,0,1,1,0,0,0,1,4.6709376931,3
3.328178,924187,275,0,0,0,0,0,0,0,0,0,1,1,1,1,1,0,1,1,0,0,0,1,4.6709376931,6
3.881334,930082,275,0,0,0,0,0,0,0,0,0,1,1,1,1,1,0,1,1,0,0,0,1,4.6709376931,5
5.658187,1240127,275,0,0,0,0,0,0,0,0,0,1,1,1,1,1,0,1,1,0,0,0,1,4.6709376931,2
5.428408,1240174,275,0,0,0,0,0,0,0,0,0,1,1,1,1,1,0,1,1,0,0,0,1,4.6709376931,8
2.062506,907000,277,0,0,0,0,0,0,0,0,1,1,0,1,0,1,0,0,1,1,0,0,0,2.2220414644,9
2.383681,907051,277,0,0,0,0,0,0,0,0,1,1,0,1,0,1,0,0,1,1,0,0,0,2.2220414644,4
2.827738,908130,277,0,0,0,0,0,0,0,0,1,1,0,1,0,1,0,0,1,1,0,0,0,2.2220414644,10
2.455662,909735,277,0,0,0,0,0,0,0,0,1,1,0,1,0,1,0,0,1,1,0,0,0,2.2220414644,10
1.868669,910691,277,0,0,0,0,0,0,0,0,1,1,0,1,0,1,0,0,1,1,0,0,0,2.2220414644,2
-0.226969,910781,277,0,0,0,0,0,0,0,0,1,1,0,1,0,1,0,0,1,1,0,0,0,2.2220414644,5
3.035353,924187,277,0,0,0,0,0,0,0,0,1,1,0,1,0,1,0,0,1,1,0,0,0,2.2220414644,9
2.533148,930082,277,0,0,0,0,0,0,0,0,1,1,0,1,0,1,0,0,1,1,0,0,0,2.2220414644,8
2.686555,1240127,277,0,0,0,0,0,0,0,0,1,1,0,1,0,1,0,0,1,1,0,0,0,2.2220414644,9
2.535014,1240174,277,0,0,0,0,0,0,0,0,1,1,0,1,0,1,0,0,1,1,0,0,0,2.2220414644,9
5.291079,907000,279,0,0,0,0,0,0,0,1,0,1,0,1,1,1,1,1,0,0,0,0,0,4.659904775,2
5.60387,907051,279,0,0,0,0,0,0,0,1,0,1,0,1,1,1,1,1,0,0,0,0,0,4.659904775,4
4.685844,908130,279,0,0,0,0,0,0,0,1,0,1,0,1,1,1,1,1,0,0,0,0,0,4.659904775,8
3.522699,909735,279,0,0,0,0,0,0,0,1,0,1,0,1,1,1,1,1,0,0,0,0,0,4.659904775,10
4.715477,910691,279,0,0,0,0,0,0,0,1,0,1,0,1,1,1,1,1,0,0,0,0,0,4.659904775,9
5.230744,910781,279,0,0,0,0,0,0,0,1,0,1,0,1,1,1,1,1,0,0,0,0,0,4.659904775,8
3.885159,924187,279,0,0,0,0,0,0,0,1,0,1,0,1,1,1,1,1,0,0,0,0,0,4.659904775,6
3.991908,930082,279,0,0,0,0,0,0,0,1,0,1,0,1,1,1,1,1,0,0,0,0,0,4.659904775,6
5.003408,1240127,279,0,0,0,0,0,0,0,1,0,1,0,1,1,1,1,1,0,0,0,0,0,4.659904775,2
5.466332,1240174,279,0,0,0,0,0,0,0,1,0,1,0,1,1,1,1,1,0,0,0,0,0,4.659904775,6
2.377561,907000,281,0,0,0,0,0,0,1,1,1,1,0,1,1,1,1,0,0,0,0,0,0,3.9906526982,10
4.190804,907051,281,0,0,0,0,0,0,1,1,1,1,0,1,1,1,1,0,0,0,0,0,0,3.9906526982,6
4.443391,908130,281,0,0,0,0,0,0,1,1,1,1,0,1,1,1,1,0,0,0,0,0,0,3.9906526982,8
2.932532,909735,281,0,0,0,0,0,0,1,1,1,1,0,1,1,1,1,0,0,0,0,0,0,3.9906526982,3
3.829605,910691,281,0,0,0,0,0,0,1,1,1,1,0,1,1,1,1,0,0,0,0,0,0,3.9906526982,1
4.36245,910781,281,0,0,0,0,0,0,1,1,1,1,0,1,1,1,1,0,0,0,0,0,0,3.9906526982,4
5.015201,924187,281,0,0,0,0,0,0,1,1,1,1,0,1,1,1,1,0,0,0,0,0,0,3.9906526982,5
4.225413,930082,281,0,0,0,0,0,0,1,1,1,1,0,1,1,1,1,0,0,0,0,0,0,3.9906526982,9
4.576216,1240127,281,0,0,0,0,0,0,1,1,1,1,0,1,1,1,1,0,0,0,0,0,0,3.9906526982,6
4.226736,1240174,281,0,0,0,0,0,0,1,1,1,1,0,1,1,1,1,0,0,0,0,0,0,3.9906526982,6
2.27605,907000,282,0,0,0,0,0,1,0,0,0,1,1,1,0,1,1,0,0,0,0,0,0,2.511597549,2
3.329123,907051,282,0,0,0,0,0,1,0,0,0,1,1,1,0,1,1,0,0,0,0,0,0,2.511597549,6
4.101486,908130,282,0,0,0,0,0,1,0,0,0,1,1,1,0,1,1,0,0,0,0,0,0,2.511597549,8
-1.312393,909735,282,0,0,0,0,0,1,0,0,0,1,1,1,0,1,1,0,0,0,0,0,0,2.511597549,10
1.674931,910691,282,0,0,0,0,0,1,0,0,0,1,1,1,0,1,1,0,0,0,0,0,0,2.511597549,7
3.863494,910781,282,0,0,0,0,0,1,0,0,0,1,1,1,0,1,1,0,0,0,0,0,0,2.511597549,4
0.449933,924187,282,0,0,0,0,0,1,0,0,0,1,1,1,0,1,1,0,0,0,0,0,0,2.511597549,4
2.924376,930082,282,0,0,0,0,0,1,0,0,0,1,1,1,0,1,1,0,0,0,0,0,0,2.511597549,10
3.993815,1240127,282,0,0,0,0,0,1,0,0,0,1,1,1,0,1,1,0,0,0,0,0,0,2.511597549,3
2.980983,1240174,282,0,0,0,0,0,1,0,0,0,1,1,1,0,1,1,0,0,0,0,0,0,2.511597549,9
-2.065101,907000,283,0,0,0,0,0,0,1,0,1,1,1,1,0,1,0,0,1,0,0,0,1,-3.176578334,1
-1.323447,907051,283,0,0,0,0,0,0,1,0,1,1,1,1,0,1,0,0,1,0,0,0,1,-3.176578334,1
-2.810755,908130,283,0,0,0,0,0,0,1,0,1,1,1,1,0,1,0,0,1,0,0,0,1,-3.176578334,5
-4.368868,909735,283,0,0,0,0,0,0,1,0,1,1,1,1,0,1,0,0,1,0,0,0,1,-3.176578334,4
-5.768501,910691,283,0,0,0,0,0,0,1,0,1,1,1,1,0,1,0,0,1,0,0,0,1,-3.176578334,9
-4.383965,910781,283,0,0,0,0,0,0,1,0,1,1,1,1,0,1,0,0,1,0,0,0,1,-3.176578334,1
-2.493043,924187,283,0,0,0,0,0,0,1,0,1,1,1,1,0,1,0,0,1,0,0,0,1,-3.176578334,6
-0.642075,930082,283,0,0,0,0,0,0,1,0,1,1,1,1,0,1,0,0,1,0,0,0,1,-3.176578334,5
-2.960142,1240127,283,0,0,0,0,0,0,1,0,1,1,1,1,0,1,0,0,1,0,0,0,1,-3.176578334,5
-3.706493,1240174,283,0,0,0,0,0,0,1,0,1,1,1,1,0,1,0,0,1,0,0,0,1,-3.176578334,6
5.297377,907000,287,0,0,0,0,0,0,0,0,0,1,1,0,0,1,1,1,0,0,0,0,1,3.5988344815,4
4.89422,907051,287,0,0,0,0,0,0,0,0,0,1,1,0,0,1,1,1,0,0,0,0,1,3.5988344815,8
4.87773,908130,287,0,0,0,0,0,0,0,0,0,1,1,0,0,1,1,1,0,0,0,0,1,3.5988344815,9
2.678844,909735,287,0,0,0,0,0,0,0,0,0,1,1,0,0,1,1,1,0,0,0,0,1,3.5988344815,6
2.344609,910691,287,0,0,0,0,0,0,0,0,0,1,1,0,0,1,1,1,0,0,0,0,1,3.5988344815,3
3.231673,910781,287,0,0,0,0,0,0,0,0,0,1,1,0,0,1,1,1,0,0,0,0,1,3.5988344815,3
2.766931,924187,287,0,0,0,0,0,0,0,0,0,1,1,0,0,1,1,1,0,0,0,0,1,3.5988344815,10
2.774396,930082,287,0,0,0,0,0,0,0,0,0,1,1,0,0,1,1,1,0,0,0,0,1,3.5988344815,1
3.470034,1240127,287,0,0,0,0,0,0,0,0,0,1,1,0,0,1,1,1,0,0,0,0,1,3.5988344815,2
3.517181,1240174,287,0,0,0,0,0,0,0,0,0,1,1,0,0,1,1,1,0,0,0,0,1,3.5988344815,8
4.628405,907000,288,0,0,1,0,0,0,0,0,0,1,0,0,0,1,0,0,0,0,0,1,0,4.1184396537,4
3.947244,907051,288,0,0,1,0,0,0,0,0,0,1,0,0,0,1,0,0,0,0,0,1,0,4.1184396537,9
4.575448,908130,288,0,0,1,0,0,0,0,0,0,1,0,0,0,1,0,0,0,0,0,1,0,4.1184396537,10
2.352985,909735,288,0,0,1,0,0,0,0,0,0,1,0,0,0,1,0,0,0,0,0,1,0,4.1184396537,6
4.617551,910691,288,0,0,1,0,0,0,0,0,0,1,0,0,0,1,0,0,0,0,0,1,0,4.1184396537,9
4.311673,910781,288,0,0,1,0,0,0,0,0,0,1,0,0,0,1,0,0,0,0,0,1,0,4.1184396537,9
4.7703,924187,288,0,0,1,0,0,0,0,0,0,1,0,0,0,1,0,0,0,0,0,1,0,4.1184396537,6
2.233886,930082,288,0,0,1,0,0,0,0,0,0,1,0,0,0,1,0,0,0,0,0,1,0,4.1184396537,7
5.432144,1240127,288,0,0,1,0,0,0,0,0,0,1,0,0,0,1,0,0,0,0,0,1,0,4.1184396537,9
4.466242,1240174,288,0,0,1,0,0,0,0,0,0,1,0,0,0,1,0,0,0,0,0,1,0,4.1184396537,9
5.272482,907000,290,0,0,0,0,0,0,0,0,0,1,0,0,0,0,1,0,0,0,0,0,0,5.2450745947,5
5.603893,907051,290,0,0,0,0,0,0,0,0,0,1,0,0,0,0,1,0,0,0,0,0,0,5.2450745947,8
5.539659,908130,290,0,0,0,0,0,0,0,0,0,1,0,0,0,0,1,0,0,0,0,0,0,5.2450745947,9
3.666017,909735,290,0,0,0,0,0,0,0,0,0,1,0,0,0,0,1,0,0,0,0,0,0,5.2450745947,8
4.450033,910691,290,0,0,0,0,0,0,0,0,0,1,0,0,0,0,1,0,0,0,0,0,0,5.2450745947,4
5.764794,910781,290,0,0,0,0,0,0,0,0,0,1,0,0,0,0,1,0,0,0,0,0,0,5.2450745947,4
6.353152,924187,290,0,0,0,0,0,0,0,0,0,1,0,0,0,0,1,0,0,0,0,0,0,5.2450745947,4
4.760597,930082,290,0,0,0,0,0,0,0,0,0,1,0,0,0,0,1,0,0,0,0,0,0,5.2450745947,8
4.693845,1240127,290,0,0,0,0,0,0,0,0,0,1,0,0,0,0,1,0,0,0,0,0,0,5.2450745947,1
5.584989,1240174,290,0,0,0,0,0,0,0,0,0,1,0,0,0,0,1,0,0,0,0,0,0,5.2450745947,1
5.267138,907000,291,0,1,0,0,0,1,0,0,0,1,0,1,0,1,0,0,0,0,0,0,1,3.4654863332,3
3.505914,907051,291,0,1,0,0,0,1,0,0,0,1,0,1,0,1,0,0,0,0,0,0,1,3.4654863332,2
4.918302,908130,291,0,1,0,0,0,1,0,0,0,1,0,1,0,1,0,0,0,0,0,0,1,3.4654863332,6
2.484534,909735,291,0,1,0,0,0,1,0,0,0,1,0,1,0,1,0,0,0,0,0,0,1,3.4654863332,2
3.091136,910691,291,0,1,0,0,0,1,0,0,0,1,0,1,0,1,0,0,0,0,0,0,1,3.4654863332,1
2.937262,910781,291,0,1,0,0,0,1,0,0,0,1,0,1,0,1,0,0,0,0,0,0,1,3.4654863332,5
3.871734,924187,291,0,1,0,0,0,1,0,0,0,1,0,1,0,1,0,0,0,0,0,0,1,3.4654863332,1
2.895004,930082,291,0,1,0,0,0,1,0,0,0,1,0,1,0,1,0,0,0,0,0,0,1,3.4654863332,2
3.335982,1240127,291,0,1,0,0,0,1,0,0,0,1,0,1,0,1,0,0,0,0,0,0,1,3.4654863332,9
3.195041,1240174,291,0,1,0,0,0,1,0,0,0,1,0,1,0,1,0,0,0,0,0,0,1,3.4654863332,2
2.687391,907000,292,0,0,0,0,0,0,0,1,0,1,0,0,0,1,1,0,0,0,0,0,1,3.7154520088,1
5.00853,907051,292,0,0,0,0,0,0,0,1,0,1,0,0,0,1,1,0,0,0,0,0,1,3.7154520088,8
4.194698,908130,292,0,0,0,0,0,0,0,1,0,1,0,0,0,1,1,0,0,0,0,0,1,3.7154520088,4
2.558992,909735,292,0,0,0,0,0,0,0,1,0,1,0,0,0,1,1,0,0,0,0,0,1,3.7154520088,4
3.376126,910691,292,0,0,0,0,0,0,0,1,0,1,0,0,0,1,1,0,0,0,0,0,1,3.7154520088,7
3.195842,910781,292,0,0,0,0,0,0,0,1,0,1,0,0,0,1,1,0,0,0,0,0,1,3.7154520088,8
4.275669,924187,292,0,0,0,0,0,0,0,1,0,1,0,0,0,1,1,0,0,0,0,0,1,3.7154520088,4
4.923666,930082,292,0,0,0,0,0,0,0,1,0,1,0,0,0,1,1,0,0,0,0,0,1,3.7154520088,8
4.483534,1240127,292,0,0,0,0,0,0,0,1,0,1,0,0,0,1,1,0,0,0,0,0,1,3.7154520088,2
3.238196,1240174,292,0,0,0,0,0,0,0,1,0,1,0,0,0,1,1,0,0,0,0,0,1,3.7154520088,6
3.762041,907000,293,0,0,1,0,1,0,0,0,0,1,1,0,0,1,1,0,0,0,0,0,1,3.7919406921,9
4.081009,907051,293,0,0,1,0,1,0,0,0,0,1,1,0,0,1,1,0,0,0,0,0,1,3.7919406921,8
3.998614,908130,293,0,0,1,0,1,0,0,0,0,1,1,0,0,1,1,0,0,0,0,0,1,3.7919406921,7
2.530708,909735,293,0,0,1,0,1,0,0,0,0,1,1,0,0,1,1,0,0,0,0,0,1,3.7919406921,9
3.744036,910691,293,0,0,1,0,1,0,0,0,0,1,1,0,0,1,1,0,0,0,0,0,1,3.7919406921,2
3.954591,910781,293,0,0,1,0,1,0,0,0,0,1,1,0,0,1,1,0,0,0,0,0,1,3.7919406921,8
4.594365,924187,293,0,0,1,0,1,0,0,0,0,1,1,0,0,1,1,0,0,0,0,0,1,3.7919406921,2
3.697102,930082,293,0,0,1,0,1,0,0,0,0,1,1,0,0,1,1,0,0,0,0,0,1,3.7919406921,3
4.803539,1240127,293,0,0,1,0,1,0,0,0,0,1,1,0,0,1,1,0,0,0,0,0,1,3.7919406921,4
3.032066,1240174,293,0,0,1,0,1,0,0,0,0,1,1,0,0,1,1,0,0,0,0,0,1,3.7919406921,7
5.293266,907000,294,0,0,0,0,0,0,0,0,0,1,0,0,0,1,0,0,0,0,0,1,0,3.7647863095,6
5.537681,907051,294,0,0,0,0,0,0,0,0,0,1,0,0,0,1,0,0,0,0,0,1,0,3.7647863095,2
5.403925,908130,294,0,0,0,0,0,0,0,0,0,1,0,0,0,1,0,0,0,0,0,1,0,3.7647863095,1
3.116559,909735,294,0,0,0,0,0,0,0,0,0,1,0,0,0,1,0,0,0,0,0,1,0,3.7647863095,6
3.454168,910691,294,0,0,0,0,0,0,0,0,0,1,0,0,0,1,0,0,0,0,0,1,0,3.7647863095,10
5.178283,910781,294,0,0,0,0,0,0,0,0,0,1,0,0,0,1,0,0,0,0,0,1,0,3.7647863095,4
3.835328,924187,294,0,0,0,0,0,0,0,0,0,1,0,0,0,1,0,0,0,0,0,1,0,3.7647863095,7
2.280851,930082,294,0,0,0,0,0,0,0,0,0,1,0,0,0,1,0,0,0,0,0,1,0,3.7647863095,10
3.233358,1240127,294,0,0,0,0,0,0,0,0,0,1,0,0,0,1,0,0,0,0,0,1,0,3.7647863095,7
4.569949,1240174,294,0,0,0,0,0,0,0,0,0,1,0,0,0,1,0,0,0,0,0,1,0,3.7647863095,4
4.623618,907000,295,0,0,0,0,0,0,0,1,0,1,0,0,1,1,1,0,1,0,0,0,0,3.4111875251,6
4.071846,907051,295,0,0,0,0,0,0,0,1,0,1,0,0,1,1,1,0,1,0,0,0,0,3.4111875251,9
4.797719,908130,295,0,0,0,0,0,0,0,1,0,1,0,0,1,1,1,0,1,0,0,0,0,3.4111875251,9
1.389324,909735,295,0,0,0,0,0,0,0,1,0,1,0,0,1,1,1,0,1,0,0,0,0,3.4111875251,10
2.804669,910691,295,0,0,0,0,0,0,0,1,0,1,0,0,1,1,1,0,1,0,0,0,0,3.4111875251,4
3.85213,910781,295,0,0,0,0,0,0,0,1,0,1,0,0,1,1,1,0,1,0,0,0,0,3.4111875251,8
2.901185,924187,295,0,0,0,0,0,0,0,1,0,1,0,0,1,1,1,0,1,0,0,0,0,3.4111875251,1
2.364309,930082,295,0,0,0,0,0,0,0,1,0,1,0,0,1,1,1,0,1,0,0,0,0,3.4111875251,7
3.064816,1240127,295,0,0,0,0,0,0,0,1,0,1,0,0,1,1,1,0,1,0,0,0,0,3.4111875251,6
3.262039,1240174,295,0,0,0,0,0,0,0,1,0,1,0,0,1,1,1,0,1,0,0,0,0,3.4111875251,1
3.981762,907000,298,0,0,0,0,0,0,0,0,1,1,0,1,0,1,0,0,0,0,1,0,0,4.5304482689,1
4.278031,907051,298,0,0,0,0,0,0,0,0,1,1,0,1,0,1,0,0,0,0,1,0,0,4.5304482689,3
4.158451,908130,298,0,0,0,0,0,0,0,0,1,1,0,1,0,1,0,0,0,0,1,0,0,4.5304482689,10
3.229829,909735,298,0,0,0,0,0,0,0,0,1,1,0,1,0,1,0,0,0,0,1,0,0,4.5304482689,8
4.942494,910691,298,0,0,0,0,0,0,0,0,1,1,0,1,0,1,0,0,0,0,1,0,0,4.5304482689,6
4.423446,910781,298,0,0,0,0,0,0,0,0,1,1,0,1,0,1,0,0,0,0,1,0,0,4.5304482689,6
5.998784,924187,298,0,0,0,0,0,0,0,0,1,1,0,1,0,1,0,0,0,0,1,0,0,4.5304482689,2
4.065412,930082,298,0,0,0,0,0,0,0,0,1,1,0,1,0,1,0,0,0,0,1,0,0,4.5304482689,5
5.378986,1240127,298,0,0,0,0,0,0,0,0,1,1,0,1,0,1,0,0,0,0,1,0,0,4.5304482689,1
4.579712,1240174,298,0,0,0,0,0,0,0,0,1,1,0,1,0,1,0,0,0,0,1,0,0,4.5304482689,8
2.55352,907000,299,0,0,0,0,0,0,0,1,0,1,1,0,0,1,0,0,1,0,0,1,1,0.9641552416,3
3.883429,907051,299,0,0,0,0,0,0,0,1,0,1,1,0,0,1,0,0,1,0,0,1,1,0.9641552416,1
-0.733414,908130,299,0,0,0,0,0,0,0,1,0,1,1,0,0,1,0,0,1,0,0,1,1,0.9641552416,8
-0.748915,909735,299,0,0,0,0,0,0,0,1,0,1,1,0,0,1,0,0,1,0,0,1,1,0.9641552416,5
-1.736327,910691,299,0,0,0,0,0,0,0,1,0,1,1,0,0,1,0,0,1,0,0,1,1,0.9641552416,5
-0.4477,910781,299,0,0,0,0,0,0,0,1,0,1,1,0,0,1,0,0,1,0,0,1,1,0.9641552416,4
1.023914,924187,299,0,0,0,0,0,0,0,1,0,1,1,0,0,1,0,0,1,0,0,1,1,0.9641552416,4
3.958758,930082,299,0,0,0,0,0,0,0,1,0,1,1,0,0,1,0,0,1,0,0,1,1,0.9641552416,4
1.656641,1240127,299,0,0,0,0,0,0,0,1,0,1,1,0,0,1,0,0,1,0,0,1,1,0.9641552416,4
1.591207,1240174,299,0,0,0,0,0,0,0,1,0,1,1,0,0,1,0,0,1,0,0,1,1,0.9641552416,5
3.000279,907000,301,0,0,0,0,0,0,0,0,0,1,0,0,1,0,0,1,1,1,0,0,1,2.7816149889,6
4.932813,907051,301,0,0,0,0,0,0,0,0,0,1,0,0,1,0,0,1,1,1,0,0,1,2.7816149889,1
3.15014,908130,301,0,0,0,0,0,0,0,0,0,1,0,0,1,0,0,1,1,1,0,0,1,2.7816149889,6
0.267949,909735,301,0,0,0,0,0,0,0,0,0,1,0,0,1,0,0,1,1,1,0,0,1,2.7816149889,3
1.543135,910691,301,0,0,0,0,0,0,0,0,0,1,0,0,1,0,0,1,1,1,0,0,1,2.7816149889,3
2.457764,910781,301,0,0,0,0,0,0,0,0,0,1,0,0,1,0,0,1,1,1,0,0,1,2.7816149889,1
4.047145,924187,301,0,0,0,0,0,0,0,0,0,1,0,0,1,0,0,1,1,1,0,0,1,2.7816149889,10
3.144019,930082,301,0,0,0,0,0,0,0,0,0,1,0,0,1,0,0,1,1,1,0,0,1,2.7816149889,4
2.097376,1240127,301,0,0,0,0,0,0,0,0,0,1,0,0,1,0,0,1,1,1,0,0,1,2.7816149889,2
3.604201,1240174,301,0,0,0,0,0,0,0,0,0,1,0,0,1,0,0,1,1,1,0,0,1,2.7816149889,9
1.192922,907000,302,0,0,0,0,0,0,0,0,0,1,0,0,1,1,1,1,0,0,0,1,0,0.3893184783,9
3.417109,907051,302,0,0,0,0,0,0,0,0,0,1,0,0,1,1,1,1,0,0,0,1,0,0.3893184783,2
2.164031,908130,302,0,0,0,0,0,0,0,0,0,1,0,0,1,1,1,1,0,0,0,1,0,0.3893184783,4
-1.883829,909735,302,0,0,0,0,0,0,0,0,0,1,0,0,1,1,1,1,0,0,0,1,0,0.3893184783,7
-3.425382,910691,302,0,0,0,0,0,0,0,0,0,1,0,0,1,1,1,1,0,0,0,1,0,0.3893184783,6
-1.549474,910781,302,0,0,0,0,0,0,0,0,0,1,0,0,1,1,1,1,0,0,0,1,0,0.3893184783,3
0.495052,924187,302,0,0,0,0,0,0,0,0,0,1,0,0,1,1,1,1,0,0,0,1,0,0.3893184783,6
3.80707,930082,302,0,0,0,0,0,0,0,0,0,1,0,0,1,1,1,1,0,0,0,1,0,0.3893184783,2
0.594679,1240127,302,0,0,0,0,0,0,0,0,0,1,0,0,1,1,1,1,0,0,0,1,0,0.3893184783,9
-0.199649,1240174,302,0,0,0,0,0,0,0,0,0,1,0,0,1,1,1,1,0,0,0,1,0,0.3893184783,9
5.123048,907000,304,0,0,0,0,0,0,0,0,0,1,0,1,0,1,0,0,0,0,0,0,1,4.3934824962,3
5.603893,907051,304,0,0,0,0,0,0,0,0,0,1,0,1,0,1,0,0,0,0,0,0,1,4.3934824962,9
5.230878,908130,304,0,0,0,0,0,0,0,0,0,1,0,1,0,1,0,0,0,0,0,0,1,4.3934824962,7
4.395509,909735,304,0,0,0,0,0,0,0,0,0,1,0,1,0,1,0,0,0,0,0,0,1,4.3934824962,2
2.210576,910691,304,0,0,0,0,0,0,0,0,0,1,0,1,0,1,0,0,0,0,0,0,1,4.3934824962,9
4.389328,910781,304,0,0,0,0,0,0,0,0,0,1,0,1,0,1,0,0,0,0,0,0,1,4.3934824962,9
3.973197,924187,304,0,0,0,0,0,0,0,0,0,1,0,1,0,1,0,0,0,0,0,0,1,4.3934824962,8
5.572312,930082,304,0,0,0,0,0,0,0,0,0,1,0,1,0,1,0,0,0,0,0,0,1,4.3934824962,1
4.404549,1240127,304,0,0,0,0,0,0,0,0,0,1,0,1,0,1,0,0,0,0,0,0,1,4.3934824962,7
5.263057,1240174,304,0,0,0,0,0,0,0,0,0,1,0,1,0,1,0,0,0,0,0,0,1,4.3934824962,1
5.018582,907000,305,0,0,0,0,0,0,0,0,0,1,0,1,0,1,1,0,0,0,0,0,0,3.2198923465,1
5.60383,907051,305,0,0,0,0,0,0,0,0,0,1,0,1,0,1,1,0,0,0,0,0,0,3.2198923465,1
3.961605,908130,305,0,0,0,0,0,0,0,0,0,1,0,1,0,1,1,0,0,0,0,0,0,3.2198923465,10
1.781612,909735,305,0,0,0,0,0,0,0,0,0,1,0,1,0,1,1,0,0,0,0,0,0,3.2198923465,10
2.706885,910691,305,0,0,0,0,0,0,0,0,0,1,0,1,0,1,1,0,0,0,0,0,0,3.2198923465,10
3.277711,910781,305,0,0,0,0,0,0,0,0,0,1,0,1,0,1,1,0,0,0,0,0,0,3.2198923465,10
2.706188,924187,305,0,0,0,0,0,0,0,0,0,1,0,1,0,1,1,0,0,0,0,0,0,3.2198923465,6
1.26831,930082,305,0,0,0,0,0,0,0,0,0,1,0,1,0,1,1,0,0,0,0,0,0,3.2198923465,8
3.628302,1240127,305,0,0,0,0,0,0,0,0,0,1,0,1,0,1,1,0,0,0,0,0,0,3.2198923465,1
5.001627,1240174,305,0,0,0,0,0,0,0,0,0,1,0,1,0,1,1,0,0,0,0,0,0,3.2198923465,10
1.066457,907000,306,0,0,0,0,0,0,0,0,0,0,0,0,0,1,0,0,0,0,1,0,0,2.9380362494,5
4.00069,907051,306,0,0,0,0,0,0,0,0,0,0,0,0,0,1,0,0,0,0,1,0,0,2.9380362494,1
3.132123,908130,306,0,0,0,0,0,0,0,0,0,0,0,0,0,1,0,0,0,0,1,0,0,2.9380362494,7
0.503206,909735,306,0,0,0,0,0,0,0,0,0,0,0,0,0,1,0,0,0,0,1,0,0,2.9380362494,5
3.290667,910691,306,0,0,0,0,0,0,0,0,0,0,0,0,0,1,0,0,0,0,1,0,0,2.9380362494,4
3.84626,910781,306,0,0,0,0,0,0,0,0,0,0,0,0,0,1,0,0,0,0,1,0,0,2.9380362494,3
2.792128,924187,306,0,0,0,0,0,0,0,0,0,0,0,0,0,1,0,0,0,0,1,0,0,2.9380362494,7
3.882267,930082,306,0,0,0,0,0,0,0,0,0,0,0,0,0,1,0,0,0,0,1,0,0,2.9380362494,7
2.809288,1240127,306,0,0,0,0,0,0,0,0,0,0,0,0,0,1,0,0,0,0,1,0,0,2.9380362494,7
3.556791,1240174,306,0,0,0,0,0,0,0,0,0,0,0,0,0,1,0,0,0,0,1,0,0,2.9380362494,5
3.776586,907000,308,0,0,1,0,0,0,0,0,0,1,1,0,0,1,0,0,0,0,0,0,0,1.3503280477,1
1.52112,907051,308,0,0,1,0,0,0,0,0,0,1,1,0,0,1,0,0,0,0,0,0,0,1.3503280477,5
0.876351,908130,308,0,0,1,0,0,0,0,0,0,1,1,0,0,1,0,0,0,0,0,0,0,1.3503280477,3
-0.375701,909735,308,0,0,1,0,0,0,0,0,0,1,1,0,0,1,0,0,0,0,0,0,0,1.3503280477,3
0.220222,910691,308,0,0,1,0,0,0,0,0,0,1,1,0,0,1,0,0,0,0,0,0,0,1.3503280477,4
-0.647803,910781,308,0,0,1,0,0,0,0,0,0,1,1,0,0,1,0,0,0,0,0,0,0,1.3503280477,10
0.491263,924187,308,0,0,1,0,0,0,0,0,0,1,1,0,0,1,0,0,0,0,0,0,0,1.3503280477,7
-1.113699,930082,308,0,0,1,0,0,0,0,0,0,1,1,0,0,1,0,0,0,0,0,0,0,1.3503280477,2
0.019835,1240127,308,0,0,1,0,0,0,0,0,0,1,1,0,0,1,0,0,0,0,0,0,0,1.3503280477,6
1.051067,1240174,308,0,0,1,0,0,0,0,0,0,1,1,0,0,1,0,0,0,0,0,0,0,1.3503280477,2
4.69916,907000,309,0,0,0,0,0,0,0,1,0,1,0,1,0,1,1,0,0,0,0,0,0,4.5146801857,7
5.603893,907051,309,0,0,0,0,0,0,0,1,0,1,0,1,0,1,1,0,0,0,0,0,0,4.5146801857,2
5.608959,908130,309,0,0,0,0,0,0,0,1,0,1,0,1,0,1,1,0,0,0,0,0,0,4.5146801857,10
2.476454,909735,309,0,0,0,0,0,0,0,1,0,1,0,1,0,1,1,0,0,0,0,0,0,4.5146801857,7
4.120557,910691,309,0,0,0,0,0,0,0,1,0,1,0,1,0,1,1,0,0,0,0,0,0,4.5146801857,9
4.924753,910781,309,0,0,0,0,0,0,0,1,0,1,0,1,0,1,1,0,0,0,0,0,0,4.5146801857,2
5.004429,924187,309,0,0,0,0,0,0,0,1,0,1,0,1,0,1,1,0,0,0,0,0,0,4.5146801857,1
3.49593,930082,309,0,0,0,0,0,0,0,1,0,1,0,1,0,1,1,0,0,0,0,0,0,4.5146801857,9
3.94271,1240127,309,0,0,0,0,0,0,0,1,0,1,0,1,0,1,1,0,0,0,0,0,0,4.5146801857,5
5.588418,1240174,309,0,0,0,0,0,0,0,1,0,1,0,1,0,1,1,0,0,0,0,0,0,4.5146801857,7
-0.138057,907000,312,0,1,1,0,0,0,0,0,0,1,1,0,0,1,0,0,0,0,0,0,0,0.6053664998,4
0.549944,907051,312,0,1,1,0,0,0,0,0,0,1,1,0,0,1,0,0,0,0,0,0,0,0.6053664998,5
0.749764,908130,312,0,1,1,0,0,0,0,0,0,1,1,0,0,1,0,0,0,0,0,0,0,0.6053664998,1
0.376086,909735,312,0,1,1,0,0,0,0,0,0,1,1,0,0,1,0,0,0,0,0,0,0,0.6053664998,6
0.096044,910691,312,0,1,1,0,0,0,0,0,0,1,1,0,0,1,0,0,0,0,0,0,0,0.6053664998,9
0.802468,910781,312,0,1,1,0,0,0,0,0,0,1,1,0,0,1,0,0,0,0,0,0,0,0.6053664998,7
1.129753,924187,312,0,1,1,0,0,0,0,0,0,1,1,0,0,1,0,0,0,0,0,0,0,0.6053664998,4
0.542377,930082,312,0,1,1,0,0,0,0,0,0,1,1,0,0,1,0,0,0,0,0,0,0,0.6053664998,4
0.490099,1240127,312,0,1,1,0,0,0,0,0,0,1,1,0,0,1,0,0,0,0,0,0,0,0.6053664998,1
0.529537,1240174,312,0,1,1,0,0,0,0,0,0,1,1,0,0,1,0,0,0,0,0,0,0,0.6053664998,6
3.996701,907000,326,0,0,0,0,0,0,0,0,0,0,0,0,0,1,0,0,0,0,0,0,1,2.4646603684,9
4.934463,907051,326,0,0,0,0,0,0,0,0,0,0,0,0,0,1,0,0,0,0,0,0,1,2.4646603684,3
1.751867,908130,326,0,0,0,0,0,0,0,0,0,0,0,0,0,1,0,0,0,0,0,0,1,2.4646603684,4
1.132017,909735,326,0,0,0,0,0,0,0,0,0,0,0,0,0,1,0,0,0,0,0,0,1,2.4646603684,6
-0.936535,910691,326,0,0,0,0,0,0,0,0,0,0,0,0,0,1,0,0,0,0,0,0,1,2.4646603684,1
2.666565,910781,326,0,0,0,0,0,0,0,0,0,0,0,0,0,1,0,0,0,0,0,0,1,2.4646603684,5
3.033114,924187,326,0,0,0,0,0,0,0,0,0,0,0,0,0,1,0,0,0,0,0,0,1,2.4646603684,2
4.135692,930082,326,0,0,0,0,0,0,0,0,0,0,0,0,0,1,0,0,0,0,0,0,1,2.4646603684,5
1.719035,1240127,326,0,0,0,0,0,0,0,0,0,0,0,0,0,1,0,0,0,0,0,0,1,2.4646603684,7
4.219946,1240174,326,0,0,0,0,0,0,0,0,0,0,0,0,0,1,0,0,0,0,0,0,1,2.4646603684,10
2.619183,907000,329,0,0,0,0,0,0,0,1,0,1,0,0,1,1,1,0,0,0,0,0,0,4.3334079411,4
4.77197,907051,329,0,0,0,0,0,0,0,1,0,1,0,0,1,1,1,0,0,0,0,0,0,4.3334079411,2
5.136539,908130,329,0,0,0,0,0,0,0,1,0,1,0,0,1,1,1,0,0,0,0,0,0,4.3334079411,8
2.842851,909735,329,0,0,0,0,0,0,0,1,0,1,0,0,1,1,1,0,0,0,0,0,0,4.3334079411,4
2.740187,910691,329,0,0,0,0,0,0,0,1,0,1,0,0,1,1,1,0,0,0,0,0,0,4.3334079411,8
4.644798,910781,329,0,0,0,0,0,0,0,1,0,1,0,0,1,1,1,0,0,0,0,0,0,4.3334079411,8
4.699215,924187,329,0,0,0,0,0,0,0,1,0,1,0,0,1,1,1,0,0,0,0,0,0,4.3334079411,4
4.925732,930082,329,0,0,0,0,0,0,0,1,0,1,0,0,1,1,1,0,0,0,0,0,0,4.3334079411,10
5.376298,1240127,329,0,0,0,0,0,0,0,1,0,1,0,0,1,1,1,0,0,0,0,0,0,4.3334079411,9
4.9174,1240174,329,0,0,0,0,0,0,0,1,0,1,0,0,1,1,1,0,0,0,0,0,0,4.3334079411,7
2.916857,907000,330,0,0,0,0,0,0,1,1,1,1,0,1,0,1,1,1,1,1,0,0,0,3.3502230232,7
4.342385,907051,330,0,0,0,0,0,0,1,1,1,1,0,1,0,1,1,1,1,1,0,0,0,3.3502230232,1
4.220021,908130,330,0,0,0,0,0,0,1,1,1,1,0,1,0,1,1,1,1,1,0,0,0,3.3502230232,5
2.349654,909735,330,0,0,0,0,0,0,1,1,1,1,0,1,0,1,1,1,1,1,0,0,0,3.3502230232,2
2.821496,910691,330,0,0,0,0,0,0,1,1,1,1,0,1,0,1,1,1,1,1,0,0,0,3.3502230232,9
3.662737,910781,330,0,0,0,0,0,0,1,1,1,1,0,1,0,1,1,1,1,1,0,0,0,3.3502230232,2
4.272771,924187,330,0,0,0,0,0,0,1,1,1,1,0,1,0,1,1,1,1,1,0,0,0,3.3502230232,5
4.341389,930082,330,0,0,0,0,0,0,1,1,1,1,0,1,0,1,1,1,1,1,0,0,0,3.3502230232,2
2.653001,1240127,330,0,0,0,0,0,0,1,1,1,1,0,1,0,1,1,1,1,1,0,0,0,3.3502230232,3
3.116017,1240174,330,0,0,0,0,0,0,1,1,1,1,0,1,0,1,1,1,1,1,0,0,0,3.3502230232,8
1.674687,907000,331,0,0,0,0,0,0,1,0,1,1,0,1,0,1,1,0,1,0,0,0,0,0.9053696395,8
3.062954,907051,331,0,0,0,0,0,0,1,0,1,1,0,1,0,1,1,0,1,0,0,0,0,0.9053696395,9
0.713415,908130,331,0,0,0,0,0,0,1,0,1,1,0,1,0,1,1,0,1,0,0,0,0,0.9053696395,5
-0.083851,909735,331,0,0,0,0,0,0,1,0,1,1,0,1,0,1,1,0,1,0,0,0,0,0.9053696395,7
-0.737743,910691,331,0,0,0,0,0,0,1,0,1,1,0,1,0,1,1,0,1,0,0,0,0,0.9053696395,9
0.573292,910781,331,0,0,0,0,0,0,1,0,1,1,0,1,0,1,1,0,1,0,0,0,0,0.9053696395,7
0.936791,924187,331,0,0,0,0,0,0,1,0,1,1,0,1,0,1,1,0,1,0,0,0,0,0.9053696395,6
3.360532,930082,331,0,0,0,0,0,0,1,0,1,1,0,1,0,1,1,0,1,0,0,0,0,0.9053696395,1
1.239784,1240127,331,0,0,0,0,0,0,1,0,1,1,0,1,0,1,1,0,1,0,0,0,0,0.9053696395,1
1.206376,1240174,331,0,0,0,0,0,0,1,0,1,1,0,1,0,1,1,0,1,0,0,0,0,0.9053696395,6
5.218622,907000,345,0,0,0,0,0,0,0,0,1,1,0,0,1,1,1,0,0,0,0,0,0,4.9024101921,10
5.597158,907051,345,0,0,0,0,0,0,0,0,1,1,0,0,1,1,1,0,0,0,0,0,0,4.9024101921,7
5.178165,908130,345,0,0,0,0,0,0,0,0,1,1,0,0,1,1,1,0,0,0,0,0,0,4.9024101921,6
3.578233,909735,345,0,0,0,0,0,0,0,0,1,1,0,0,1,1,1,0,0,0,0,0,0,4.9024101921,2
4.410488,910691,345,0,0,0,0,0,0,0,0,1,1,0,0,1,1,1,0,0,0,0,0,0,4.9024101921,3
5.462657,910781,345,0,0,0,0,0,0,0,0,1,1,0,0,1,1,1,0,0,0,0,0,0,4.9024101921,7
5.579997,924187,345,0,0,0,0,0,0,0,0,1,1,0,0,1,1,1,0,0,0,0,0,0,4.9024101921,9
3.932636,930082,345,0,0,0,0,0,0,0,0,1,1,0,0,1,1,1,0,0,0,0,0,0,4.9024101921,6
4.662816,1240127,345,0,0,0,0,0,0,0,0,1,1,0,0,1,1,1,0,0,0,0,0,0,4.9024101921,7
4.885035,1240174,345,0,0,0,0,0,0,0,0,1,1,0,0,1,1,1,0,0,0,0,0,0,4.9024101921,10
1.123674,907000,1010,1,0,1,0,0,1,0,0,0,1,0,0,0,1,0,0,0,0,0,0,0,1.4731743792,3
1.053471,907051,1010,1,0,1,0,0,1,0,0,0,1,0,0,0,1,0,0,0,0,0,0,0,1.4731743792,5
1.590676,908130,1010,1,0,1,0,0,1,0,0,0,1,0,0,0,1,0,0,0,0,0,0,0,1.4731743792,3
1.620886,909735,1010,1,0,1,0,0,1,0,0,0,1,0,0,0,1,0,0,0,0,0,0,0,1.4731743792,7
2.250779,910691,1010,1,0,1,0,0,1,0,0,0,1,0,0,0,1,0,0,0,0,0,0,0,1.4731743792,3
2.124999,910781,1010,1,0,1,0,0,1,0,0,0,1,0,0,0,1,0,0,0,0,0,0,0,1.4731743792,4
1.703075,924187,1010,1,0,1,0,0,1,0,0,0,1,0,0,0,1,0,0,0,0,0,0,0,1.4731743792,9
-0.262395,930082,1010,1,0,1,0,0,1,0,0,0,1,0,0,0,1,0,0,0,0,0,0,0,1.4731743792,2
2.755892,1240127,1010,1,0,1,0,0,1,0,0,0,1,0,0,0,1,0,0,0,0,0,0,0,1.4731743792,5
2.995369,907000,1013,1,0,0,0,0,0,0,1,0,1,0,0,1,1,1,0,0,0,0,0,1,2.8003002937,6
1.56605,907051,1013,1,0,0,0,0,0,0,1,0,1,0,0,1,1,1,0,0,0,0,0,1,2.8003002937,6
2.393823,908130,1013,1,0,0,0,0,0,0,1,0,1,0,0,1,1,1,0,0,0,0,0,1,2.8003002937,8
2.011299,909735,1013,1,0,0,0,0,0,0,1,0,1,0,0,1,1,1,0,0,0,0,0,1,2.8003002937,6
3.468649,910691,1013,1,0,0,0,0,0,0,1,0,1,0,0,1,1,1,0,0,0,0,0,1,2.8003002937,6
3.010009,910781,1013,1,0,0,0,0,0,0,1,0,1,0,0,1,1,1,0,0,0,0,0,1,2.8003002937,8
4.541205,924187,1013,1,0,0,0,0,0,0,1,0,1,0,0,1,1,1,0,0,0,0,0,1,2.8003002937,3
3.292578,930082,1013,1,0,0,0,0,0,0,1,0,1,0,0,1,1,1,0,0,0,0,0,1,2.8003002937,10
2.510013,907000,1015,1,1,0,0,0,0,0,0,0,1,0,0,0,1,1,0,0,0,0,0,0,3.0305436821,2
4.047432,907051,1015,1,1,0,0,0,0,0,0,0,1,0,0,0,1,1,0,0,0,0,0,0,3.0305436821,10
3.26074,908130,1015,1,1,0,0,0,0,0,0,0,1,0,0,0,1,1,0,0,0,0,0,0,3.0305436821,2
2.73936,909735,1015,1,1,0,0,0,0,0,0,0,1,0,0,0,1,1,0,0,0,0,0,0,3.0305436821,4
3.147342,910691,1015,1,1,0,0,0,0,0,0,0,1,0,0,0,1,1,0,0,0,0,0,0,3.0305436821,7
1.862379,910781,1015,1,1,0,0,0,0,0,0,0,1,0,0,0,1,1,0,0,0,0,0,0,3.0305436821,4
3.978412,924187,1015,1,1,0,0,0,0,0,0,0,1,0,0,0,1,1,0,0,0,0,0,0,3.0305436821,5
-0.428668,930082,1015,1,1,0,0,0,0,0,0,0,1,0,0,0,1,1,0,0,0,0,0,0,3.0305436821,1
3.850451,1240127,1015,1,1,0,0,0,0,0,0,0,1,0,0,0,1,1,0,0,0,0,0,0,3.0305436821,6
2.228957,907000,1019,1,1,1,0,0,0,0,0,0,1,1,1,0,1,0,0,0,0,0,0,1,2.4815683174,2
1.951859,907051,1019,1,1,1,0,0,0,0,0,0,1,1,1,0,1,0,0,0,0,0,0,1,2.4815683174,9
2.496264,908130,1019,1,1,1,0,0,0,0,0,0,1,1,1,0,1,0,0,0,0,0,0,1,2.4815683174,1
0.777479,909735,1019,1,1,1,0,0,0,0,0,0,1,1,1,0,1,0,0,0,0,0,0,1,2.4815683174,9
2.710804,910691,1019,1,1,1,0,0,0,0,0,0,1,1,1,0,1,0,0,0,0,0,0,1,2.4815683174,9
3.041136,910781,1019,1,1,1,0,0,0,0,0,0,1,1,1,0,1,0,0,0,0,0,0,1,2.4815683174,10
3.952448,924187,1019,1,1,1,0,0,0,0,0,0,1,1,1,0,1,0,0,0,0,0,0,1,2.4815683174,7
1.026808,930082,1019,1,1,1,0,0,0,0,0,0,1,1,1,0,1,0,0,0,0,0,0,1,2.4815683174,6
3.529296,1240127,1019,1,1,1,0,0,0,0,0,0,1,1,1,0,1,0,0,0,0,0,0,1,2.4815683174,2
1.015938,907000,1021,1,0,0,0,0,0,0,0,0,1,0,0,0,1,1,1,1,0,1,0,0,1.7237210087,10
1.612173,907051,1021,1,0,0,0,0,0,0,0,0,1,0,0,0,1,1,1,1,0,1,0,0,1.7237210087,4
0.507245,908130,1021,1,0,0,0,0,0,0,0,0,1,0,0,0,1,1,1,1,0,1,0,0,1.7237210087,2
1.986344,909735,1021,1,0,0,0,0,0,0,0,0,1,0,0,0,1,1,1,1,0,1,0,0,1.7237210087,3
2.257796,910691,1021,1,0,0,0,0,0,0,0,0,1,0,0,0,1,1,1,1,0,1,0,0,1.7237210087,7
-0.136116,910781,1021,1,0,0,0,0,0,0,0,0,1,0,0,0,1,1,1,1,0,1,0,0,1.7237210087,10
4.525731,924187,1021,1,0,0,0,0,0,0,0,0,1,0,0,0,1,1,1,1,0,1,0,0,1.7237210087,4
1.440592,930082,1021,1,0,0,0,0,0,0,0,0,1,0,0,0,1,1,1,1,0,1,0,0,1.7237210087,2
1.120462,1240127,1021,1,0,0,0,0,0,0,0,0,1,0,0,0,1,1,1,1,0,1,0,0,1.7237210087,9
-1.725541,907000,1022,1,0,0,0,0,0,0,0,0,1,0,1,0,1,0,1,0,0,1,0,1,-0.579284331,10
-0.00008,907051,1022,1,0,0,0,0,0,0,0,0,1,0,1,0,1,0,1,0,0,1,0,1,-0.579284331,10
-0.973329,908130,1022,1,0,0,0,0,0,0,0,0,1,0,1,0,1,0,1,0,0,1,0,1,-0.579284331,7
-2.269836,909735,1022,1,0,0,0,0,0,0,0,0,1,0,1,0,1,0,1,0,0,1,0,1,-0.579284331,3
-1.235783,910691,1022,1,0,0,0,0,0,0,0,0,1,0,1,0,1,0,1,0,0,1,0,1,-0.579284331,7
-0.12977,910781,1022,1,0,0,0,0,0,0,0,0,1,0,1,0,1,0,1,0,0,1,0,1,-0.579284331,7
0.580885,924187,1022,1,0,0,0,0,0,0,0,0,1,0,1,0,1,0,1,0,0,1,0,1,-0.579284331,5
0.756653,930082,1022,1,0,0,0,0,0,0,0,0,1,0,1,0,1,0,1,0,0,1,0,1,-0.579284331,8
-1.136451,1240127,1022,1,0,0,0,0,0,0,0,0,1,0,1,0,1,0,1,0,0,1,0,1,-0.579284331,5
2.995369,907000,1023,1,0,0,0,0,0,0,0,1,1,0,1,1,1,1,0,0,0,0,0,1,2.4728334635,5
2.142209,907051,1023,1,0,0,0,0,0,0,0,1,1,0,1,1,1,1,0,0,0,0,0,1,2.4728334635,8
2.281117,908130,1023,1,0,0,0,0,0,0,0,1,1,0,1,1,1,1,0,0,0,0,0,1,2.4728334635,8
1.436403,909735,1023,1,0,0,0,0,0,0,0,1,1,0,1,1,1,1,0,0,0,0,0,1,2.4728334635,1
3.58385,910691,1023,1,0,0,0,0,0,0,0,1,1,0,1,1,1,1,0,0,0,0,0,1,2.4728334635,7
2.896155,910781,1023,1,0,0,0,0,0,0,0,1,1,0,1,1,1,1,0,0,0,0,0,1,2.4728334635,9
2.802337,924187,1023,1,0,0,0,0,0,0,0,1,1,0,1,1,1,1,0,0,0,0,0,1,2.4728334635,3
2.010552,930082,1023,1,0,0,0,0,0,0,0,1,1,0,1,1,1,1,0,0,0,0,0,1,2.4728334635,5
1.795173,1240127,1023,1,0,0,0,0,0,0,0,1,1,0,1,1,1,1,0,0,0,0,0,1,2.4728334635,5
-0.221813,907000,1024,1,0,0,0,0,0,1,1,1,1,0,1,1,1,0,1,0,0,0,1,1,-0.595988242,3
-1.195026,907051,1024,1,0,0,0,0,0,1,1,1,1,0,1,1,1,0,1,0,0,0,1,1,-0.595988242,8
-2.125822,908130,1024,1,0,0,0,0,0,1,1,1,1,0,1,1,1,0,1,0,0,0,1,1,-0.595988242,6
-0.979359,909735,1024,1,0,0,0,0,0,1,1,1,1,0,1,1,1,0,1,0,0,0,1,1,-0.595988242,10
-0.230181,910691,1024,1,0,0,0,0,0,1,1,1,1,0,1,1,1,0,1,0,0,0,1,1,-0.595988242,1
-0.064063,910781,1024,1,0,0,0,0,0,1,1,1,1,0,1,1,1,0,1,0,0,0,1,1,-0.595988242,9
0.267766,924187,1024,1,0,0,0,0,0,1,1,1,1,0,1,1,1,0,1,0,0,0,1,1,-0.595988242,8
-2.867751,930082,1024,1,0,0,0,0,0,1,1,1,1,0,1,1,1,0,1,0,0,0,1,1,-0.595988242,1
0.56637,1240127,1024,1,0,0,0,0,0,1,1,1,1,0,1,1,1,0,1,0,0,0,1,1,-0.595988242,6
4.604807,907000,1025,1,0,0,1,0,0,0,0,1,1,0,1,1,1,0,0,0,0,0,0,0,4.8008774489,4
4.208199,907051,1025,1,0,0,1,0,0,0,0,1,1,0,1,1,1,0,0,0,0,0,0,0,4.8008774489,7
5.10255,908130,1025,1,0,0,1,0,0,0,0,1,1,0,1,1,1,0,0,0,0,0,0,0,4.8008774489,1
4.510229,909735,1025,1,0,0,1,0,0,0,0,1,1,0,1,1,1,0,0,0,0,0,0,0,4.8008774489,5
4.779059,910691,1025,1,0,0,1,0,0,0,0,1,1,0,1,1,1,0,0,0,0,0,0,0,4.8008774489,1
4.535715,910781,1025,1,0,0,1,0,0,0,0,1,1,0,1,1,1,0,0,0,0,0,0,0,4.8008774489,8
5.194026,924187,1025,1,0,0,1,0,0,0,0,1,1,0,1,1,1,0,0,0,0,0,0,0,4.8008774489,6
4.83958,930082,1025,1,0,0,1,0,0,0,0,1,1,0,1,1,1,0,0,0,0,0,0,0,4.8008774489,10
5.751624,1240127,1025,1,0,0,1,0,0,0,0,1,1,0,1,1,1,0,0,0,0,0,0,0,4.8008774489,9
2.995369,907000,1028,1,0,0,0,0,0,0,0,0,1,0,1,0,1,1,0,0,0,0,0,0,3.4570528626,3
3.058578,907051,1028,1,0,0,0,0,0,0,0,0,1,0,1,0,1,1,0,0,0,0,0,0,3.4570528626,3
3.482232,908130,1028,1,0,0,0,0,0,0,0,0,1,0,1,0,1,1,0,0,0,0,0,0,3.4570528626,4
2.484594,909735,1028,1,0,0,0,0,0,0,0,0,1,0,1,0,1,1,0,0,0,0,0,0,3.4570528626,8
2.854034,910691,1028,1,0,0,0,0,0,0,0,0,1,0,1,0,1,1,0,0,0,0,0,0,3.4570528626,5
3.465393,910781,1028,1,0,0,0,0,0,0,0,0,1,0,1,0,1,1,0,0,0,0,0,0,3.4570528626,8
4.361749,924187,1028,1,0,0,0,0,0,0,0,0,1,0,1,0,1,1,0,0,0,0,0,0,3.4570528626,3
3.185005,930082,1028,1,0,0,0,0,0,0,0,0,1,0,1,0,1,1,0,0,0,0,0,0,3.4570528626,4
4.142186,1240127,1028,1,0,0,0,0,0,0,0,0,1,0,1,0,1,1,0,0,0,0,0,0,3.4570528626,1
2.381884,907000,1029,1,0,0,0,0,0,0,0,1,1,0,1,0,1,1,0,0,0,0,0,0,2.8521748533,7
3.301308,907051,1029,1,0,0,0,0,0,0,0,1,1,0,1,0,1,1,0,0,0,0,0,0,2.8521748533,5
2.521767,908130,1029,1,0,0,0,0,0,0,0,1,1,0,1,0,1,1,0,0,0,0,0,0,2.8521748533,8
3.121682,909735,1029,1,0,0,0,0,0,0,0,1,1,0,1,0,1,1,0,0,0,0,0,0,2.8521748533,2
2.639574,910691,1029,1,0,0,0,0,0,0,0,1,1,0,1,0,1,1,0,0,0,0,0,0,2.8521748533,8
4.052295,924187,1029,1,0,0,0,0,0,0,0,1,1,0,1,0,1,1,0,0,0,0,0,0,2.8521748533,1
4.023033,1240127,1029,1,0,0,0,0,0,0,0,1,1,0,1,0,1,1,0,0,0,0,0,0,2.8521748533,2
1.084317,1240174,1029,1,0,0,0,0,0,0,0,1,1,0,1,0,1,1,0,0,0,0,0,0,2.8521748533,6
3.431554,907000,1030,1,0,0,0,0,0,0,0,0,1,1,1,0,1,1,1,0,0,0,0,0,4.1880683768,9
3.746255,907051,1030,1,0,0,0,0,0,0,0,0,1,1,1,0,1,1,1,0,0,0,0,0,4.1880683768,1
3.866298,908130,1030,1,0,0,0,0,0,0,0,0,1,1,1,0,1,1,1,0,0,0,0,0,4.1880683768,7
4.163922,909735,1030,1,0,0,0,0,0,0,0,0,1,1,1,0,1,1,1,0,0,0,0,0,4.1880683768,7
4.043123,910691,1030,1,0,0,0,0,0,0,0,0,1,1,1,0,1,1,1,0,0,0,0,0,4.1880683768,5
4.857058,924187,1030,1,0,0,0,0,0,0,0,0,1,1,1,0,1,1,1,0,0,0,0,0,4.1880683768,6
4.393287,1240127,1030,1,0,0,0,0,0,0,0,0,1,1,1,0,1,1,1,0,0,0,0,0,4.1880683768,8
2.841715,1240174,1030,1,0,0,0,0,0,0,0,0,1,1,1,0,1,1,1,0,0,0,0,0,4.1880683768,7
2.323612,907000,1037,1,0,0,0,0,0,0,0,0,0,0,0,0,1,1,1,0,0,0,0,0,2.3572467118,3
1.178101,907051,1037,1,0,0,0,0,0,0,0,0,0,0,0,0,1,1,1,0,0,0,0,0,2.3572467118,2
1.748846,908130,1037,1,0,0,0,0,0,0,0,0,0,0,0,0,1,1,1,0,0,0,0,0,2.3572467118,1
1.711789,909735,1037,1,0,0,0,0,0,0,0,0,0,0,0,0,1,1,1,0,0,0,0,0,2.3572467118,1
2.508123,910691,1037,1,0,0,0,0,0,0,0,0,0,0,0,0,1,1,1,0,0,0,0,0,2.3572467118,5
4.407612,924187,1037,1,0,0,0,0,0,0,0,0,0,0,0,0,1,1,1,0,0,0,0,0,2.3572467118,1
1.931691,1240127,1037,1,0,0,0,0,0,0,0,0,0,0,0,0,1,1,1,0,0,0,0,0,2.3572467118,2
2.646598,1240174,1037,1,0,0,0,0,0,0,0,0,0,0,0,0,1,1,1,0,0,0,0,0,2.3572467118,6
2.290295,907000,1038,1,0,0,0,1,0,1,0,1,1,1,1,0,1,1,1,0,0,0,0,0,2.6153379109,4
1.75986,907051,1038,1,0,0,0,1,0,1,0,1,1,1,1,0,1,1,1,0,0,0,0,0,2.6153379109,9
1.783051,908130,1038,1,0,0,0,1,0,1,0,1,1,1,1,0,1,1,1,0,0,0,0,0,2.6153379109,3
2.213584,909735,1038,1,0,0,0,1,0,1,0,1,1,1,1,0,1,1,1,0,0,0,0,0,2.6153379109,6
2.794118,910691,1038,1,0,0,0,1,0,1,0,1,1,1,1,0,1,1,1,0,0,0,0,0,2.6153379109,6
3.451416,924187,1038,1,0,0,0,1,0,1,0,1,1,1,1,0,1,1,1,0,0,0,0,0,2.6153379109,3
4.142186,1240127,1038,1,0,0,0,1,0,1,0,1,1,1,1,0,1,1,1,0,0,0,0,0,2.6153379109,9
2.527433,1240174,1038,1,0,0,0,1,0,1,0,1,1,1,1,0,1,1,1,0,0,0,0,0,2.6153379109,10
3.820183,907000,1039,1,0,0,0,1,0,0,0,0,1,1,1,0,1,1,0,0,0,0,1,0,4.6995425789,5
4.607106,907051,1039,1,0,0,0,1,0,0,0,0,1,1,1,0,1,1,0,0,0,0,1,0,4.6995425789,9
3.596006,908130,1039,1,0,0,0,1,0,0,0,0,1,1,1,0,1,1,0,0,0,0,1,0,4.6995425789,3
3.838728,909735,1039,1,0,0,0,1,0,0,0,0,1,1,1,0,1,1,0,0,0,0,1,0,4.6995425789,10
4.96981,910691,1039,1,0,0,0,1,0,0,0,0,1,1,1,0,1,1,0,0,0,0,1,0,4.6995425789,5
6.012056,924187,1039,1,0,0,0,1,0,0,0,0,1,1,1,0,1,1,0,0,0,0,1,0,4.6995425789,9
5.75081,1240127,1039,1,0,0,0,1,0,0,0,0,1,1,1,0,1,1,0,0,0,0,1,0,4.6995425789,8
4.343041,1240174,1039,1,0,0,0,1,0,0,0,0,1,1,1,0,1,1,0,0,0,0,1,0,4.6995425789,6
4.370242,907000,1042,1,0,0,0,1,0,0,0,1,1,1,0,0,1,0,0,1,1,0,0,0,4.3582903881,5
4.860016,907051,1042,1,0,0,0,1,0,0,0,1,1,1,0,0,1,0,0,1,1,0,0,0,4.3582903881,4
4.450313,908130,1042,1,0,0,0,1,0,0,0,1,1,1,0,0,1,0,0,1,1,0,0,0,4.3582903881,2
3.287552,909735,1042,1,0,0,0,1,0,0,0,1,1,1,0,0,1,0,0,1,1,0,0,0,4.3582903881,9
4.616023,910691,1042,1,0,0,0,1,0,0,0,1,1,1,0,0,1,0,0,1,1,0,0,0,4.3582903881,7
4.418049,924187,1042,1,0,0,0,1,0,0,0,1,1,1,0,0,1,0,0,1,1,0,0,0,4.3582903881,9
4.39356,1240127,1042,1,0,0,0,1,0,0,0,1,1,1,0,0,1,0,0,1,1,0,0,0,4.3582903881,10
4.017774,1240174,1042,1,0,0,0,1,0,0,0,1,1,1,0,0,1,0,0,1,1,0,0,0,4.3582903881,4
4.084627,907000,1043,1,0,0,0,1,0,0,0,0,1,1,0,0,1,0,0,0,0,0,0,0,4.5277192426,2
4.898513,907051,1043,1,0,0,0,1,0,0,0,0,1,1,0,0,1,0,0,0,0,0,0,0,4.5277192426,1
3.983327,908130,1043,1,0,0,0,1,0,0,0,0,1,1,0,0,1,0,0,0,0,0,0,0,4.5277192426,10
4.19322,909735,1043,1,0,0,0,1,0,0,0,0,1,1,0,0,1,0,0,0,0,0,0,0,4.5277192426,2
5.014256,910691,1043,1,0,0,0,1,0,0,0,0,1,1,0,0,1,0,0,0,0,0,0,0,4.5277192426,8
5.368347,924187,1043,1,0,0,0,1,0,0,0,0,1,1,0,0,1,0,0,0,0,0,0,0,4.5277192426,2
5.04665,1240127,1043,1,0,0,0,1,0,0,0,0,1,1,0,0,1,0,0,0,0,0,0,0,4.5277192426,3
3.374214,1240174,1043,1,0,0,0,1,0,0,0,0,1,1,0,0,1,0,0,0,0,0,0,0,4.5277192426,8
0.773926,907000,1046,1,0,0,1,0,0,1,1,1,1,1,1,1,1,0,0,0,0,0,1,0,2.1273617697,5
1.57385,907051,1046,1,0,0,1,0,0,1,1,1,1,1,1,1,1,0,0,0,0,0,1,0,2.1273617697,7
2.32165,908130,1046,1,0,0,1,0,0,1,1,1,1,1,1,1,1,0,0,0,0,0,1,0,2.1273617697,7
0.528369,909735,1046,1,0,0,1,0,0,1,1,1,1,1,1,1,1,0,0,0,0,0,1,0,2.1273617697,2
2.805871,910691,1046,1,0,0,1,0,0,1,1,1,1,1,1,1,1,0,0,0,0,0,1,0,2.1273617697,9
3.530317,924187,1046,1,0,0,1,0,0,1,1,1,1,1,1,1,1,0,0,0,0,0,1,0,2.1273617697,7
3.995363,1240127,1046,1,0,0,1,0,0,1,1,1,1,1,1,1,1,0,0,0,0,0,1,0,2.1273617697,4
0.890941,1240174,1046,1,0,0,1,0,0,1,1,1,1,1,1,1,1,0,0,0,0,0,1,0,2.1273617697,4
2.129866,907000,1049,1,0,0,0,0,0,0,0,1,1,1,1,0,1,0,0,0,0,0,0,0,2.9126207749,5
2.598934,907051,1049,1,0,0,0,0,0,0,0,1,1,1,1,0,1,0,0,0,0,0,0,0,2.9126207749,10
0.40133,908130,1049,1,0,0,0,0,0,0,0,1,1,1,1,0,1,0,0,0,0,0,0,0,2.9126207749,9
2.885305,909735,1049,1,0,0,0,0,0,0,0,1,1,1,1,0,1,0,0,0,0,0,0,0,2.9126207749,2
3.624982,910691,1049,1,0,0,0,0,0,0,0,1,1,1,1,0,1,0,0,0,0,0,0,0,2.9126207749,6
4.549733,924187,1049,1,0,0,0,0,0,0,0,1,1,1,1,0,1,0,0,0,0,0,0,0,2.9126207749,5
4.142186,1240127,1049,1,0,0,0,0,0,0,0,1,1,1,1,0,1,0,0,0,0,0,0,0,2.9126207749,3
2.853696,1240174,1049,1,0,0,0,0,0,0,0,1,1,1,1,0,1,0,0,0,0,0,0,0,2.9126207749,10
1.371105,907000,1050,1,0,1,0,0,0,0,0,0,1,0,0,0,1,1,0,0,0,0,0,0,1.9270597834,8
1.541723,907051,1050,1,0,1,0,0,0,0,0,0,1,0,0,0,1,1,0,0,0,0,0,0,1.9270597834,4
0.983443,908130,1050,1,0,1,0,0,0,0,0,0,1,0,0,0,1,1,0,0,0,0,0,0,1.9270597834,8
1.78115,909735,1050,1,0,1,0,0,0,0,0,0,1,0,0,0,1,1,0,0,0,0,0,0,1.9270597834,6
3.447262,910691,1050,1,0,1,0,0,0,0,0,0,1,0,0,0,1,1,0,0,0,0,0,0,1.9270597834,4
3.822205,924187,1050,1,0,1,0,0,0,0,0,0,1,0,0,0,1,1,0,0,0,0,0,0,1.9270597834,9
1.006259,1240174,1050,1,0,1,0,0,0,0,0,0,1,0,0,0,1,1,0,0,0,0,0,0,1.9270597834,9
2.990814,907000,1052,1,0,0,0,0,0,1,0,0,1,0,1,0,1,1,0,0,0,0,0,0,3.179767744,1
3.519809,907051,1052,1,0,0,0,0,0,1,0,0,1,0,1,0,1,1,0,0,0,0,0,0,3.179767744,6
2.13598,908130,1052,1,0,0,0,0,0,1,0,0,1,0,1,0,1,1,0,0,0,0,0,0,3.179767744,3
3.458023,909735,1052,1,0,0,0,0,0,1,0,0,1,0,1,0,1,1,0,0,0,0,0,0,3.179767744,1
4.46005,910691,1052,1,0,0,0,0,0,1,0,0,1,0,1,0,1,1,0,0,0,0,0,0,3.179767744,1
4.661775,924187,1052,1,0,0,0,0,0,1,0,0,1,0,1,0,1,1,0,0,0,0,0,0,3.179767744,3
2.631424,1240127,1052,1,0,0,0,0,0,1,0,0,1,0,1,0,1,1,0,0,0,0,0,0,3.179767744,7
2.296836,1240174,1052,1,0,0,0,0,0,1,0,0,1,0,1,0,1,1,0,0,0,0,0,0,3.179767744,8
1.596743,907000,1053,1,0,0,0,0,0,0,1,1,1,0,1,0,1,0,1,1,0,0,0,0,0.9817978796,1
1.702524,907051,1053,1,0,0,0,0,0,0,1,1,1,0,1,0,1,0,1,1,0,0,0,0,0.9817978796,3
0.09627,908130,1053,1,0,0,0,0,0,0,1,1,1,0,1,0,1,0,1,1,0,0,0,0,0.9817978796,1
2.224287,909735,1053,1,0,0,0,0,0,0,1,1,1,0,1,0,1,0,1,1,0,0,0,0,0.9817978796,5
-0.96618,910691,1053,1,0,0,0,0,0,0,1,1,1,0,1,0,1,0,1,1,0,0,0,0,0.9817978796,7
1.256677,924187,1053,1,0,0,0,0,0,0,1,1,1,0,1,0,1,0,1,1,0,0,0,0,0.9817978796,5
1.145436,1240127,1053,1,0,0,0,0,0,0,1,1,1,0,1,0,1,0,1,1,0,0,0,0,0.9817978796,5
2.672145,907000,1054,1,0,0,0,0,0,0,0,1,1,0,0,0,1,0,1,0,0,0,0,1,3.3757275509,8
1.945006,907051,1054,1,0,0,0,0,0,0,0,1,1,0,0,0,1,0,1,0,0,0,0,1,3.3757275509,1
1.090398,908130,1054,1,0,0,0,0,0,0,0,1,1,0,0,0,1,0,1,0,0,0,0,1,3.3757275509,1
2.050923,909735,1054,1,0,0,0,0,0,0,0,1,1,0,0,0,1,0,1,0,0,0,0,1,3.3757275509,4
4.092615,910691,1054,1,0,0,0,0,0,0,0,1,1,0,0,0,1,0,1,0,0,0,0,1,3.3757275509,4
5.073953,924187,1054,1,0,0,0,0,0,0,0,1,1,0,0,0,1,0,1,0,0,0,0,1,3.3757275509,2
4.835334,1240127,1054,1,0,0,0,0,0,0,0,1,1,0,0,0,1,0,1,0,0,0,0,1,3.3757275509,1
-2.219758,907000,1057,1,0,0,0,0,0,1,0,1,1,0,1,0,1,0,1,0,0,0,0,1,-2.760189663,8
-2.740485,907051,1057,1,0,0,0,0,0,1,0,1,1,0,1,0,1,0,1,0,0,0,0,1,-2.760189663,7
-3.528629,908130,1057,1,0,0,0,0,0,1,0,1,1,0,1,0,1,0,1,0,0,0,0,1,-2.760189663,7
-2.507826,909735,1057,1,0,0,0,0,0,1,0,1,1,0,1,0,1,0,1,0,0,0,0,1,-2.760189663,3
-3.300334,910691,1057,1,0,0,0,0,0,1,0,1,1,0,1,0,1,0,1,0,0,0,0,1,-2.760189663,3
-1.209053,924187,1057,1,0,0,0,0,0,1,0,1,1,0,1,0,1,0,1,0,0,0,0,1,-2.760189663,5
-1.105295,1240127,1057,1,0,0,0,0,0,1,0,1,1,0,1,0,1,0,1,0,0,0,0,1,-2.760189663,9
-5.347594,1240174,1057,1,0,0,0,0,0,1,0,1,1,0,1,0,1,0,1,0,0,0,0,1,-2.760189663,8
0.706812,907000,1059,1,0,0,0,1,0,1,0,0,1,1,1,0,1,0,0,0,0,0,1,0,0.1757063093,4
-0.058405,907051,1059,1,0,0,0,1,0,1,0,0,1,1,1,0,1,0,0,0,0,0,1,0,0.1757063093,8
-2.000144,908130,1059,1,0,0,0,1,0,1,0,0,1,1,1,0,1,0,0,0,0,0,1,0,0.1757063093,10
0.111195,909735,1059,1,0,0,0,1,0,1,0,0,1,1,1,0,1,0,0,0,0,0,1,0,0.1757063093,6
-1.30367,910691,1059,1,0,0,0,1,0,1,0,0,1,1,1,0,1,0,0,0,0,0,1,0,0.1757063093,8
1.07881,924187,1059,1,0,0,0,1,0,1,0,0,1,1,1,0,1,0,0,0,0,0,1,0,0.1757063093,3
0.712695,1240127,1059,1,0,0,0,1,0,1,0,0,1,1,1,0,1,0,0,0,0,0,1,0,0.1757063093,2
1.554855,1240174,1059,1,0,0,0,1,0,1,0,0,1,1,1,0,1,0,0,0,0,0,1,0,0.1757063093,8
-0.216379,907000,1060,1,0,0,0,0,0,0,0,0,1,0,0,0,1,1,0,0,0,0,1,0,0.2818862931,2
1.125777,907051,1060,1,0,0,0,0,0,0,0,0,1,0,0,0,1,1,0,0,0,0,1,0,0.2818862931,1
-0.636479,908130,1060,1,0,0,0,0,0,0,0,0,1,0,0,0,1,1,0,0,0,0,1,0,0.2818862931,3
1.3117,909735,1060,1,0,0,0,0,0,0,0,0,1,0,0,0,1,1,0,0,0,0,1,0,0.2818862931,2
1.714454,910691,1060,1,0,0,0,0,0,0,0,0,1,0,0,0,1,1,0,0,0,0,1,0,0.2818862931,8
0.645199,924187,1060,1,0,0,0,0,0,0,0,0,1,0,0,0,1,1,0,0,0,0,1,0,0.2818862931,3
-0.468975,1240127,1060,1,0,0,0,0,0,0,0,0,1,0,0,0,1,1,0,0,0,0,1,0,0.2818862931,9
-0.92534,1240174,1060,1,0,0,0,0,0,0,0,0,1,0,0,0,1,1,0,0,0,0,1,0,0.2818862931,8
3.910913,907000,1061,1,0,0,0,0,0,0,0,0,1,0,0,0,1,0,0,0,0,0,0,1,4.301277491,3
3.328103,907051,1061,1,0,0,0,0,0,0,0,0,1,0,0,0,1,0,0,0,0,0,0,1,4.301277491,8
3.879911,908130,1061,1,0,0,0,0,0,0,0,0,1,0,0,0,1,0,0,0,0,0,0,1,4.301277491,10
4.582369,910691,1061,1,0,0,0,0,0,0,0,0,1,0,0,0,1,0,0,0,0,0,0,1,4.301277491,5
5.466023,924187,1061,1,0,0,0,0,0,0,0,0,1,0,0,0,1,0,0,0,0,0,0,1,4.301277491,5
5.058477,1240127,1061,1,0,0,0,0,0,0,0,0,1,0,0,0,1,0,0,0,0,0,0,1,4.301277491,6
4.470797,907000,1129,1,0,0,0,0,0,0,0,0,1,0,0,0,1,0,0,0,0,0,0,1,4.301277491,8
3.827448,907051,1129,1,0,0,0,0,0,0,0,0,1,0,0,0,1,0,0,0,0,0,0,1,4.301277491,2
4.620851,908130,1129,1,0,0,0,0,0,0,0,0,1,0,0,0,1,0,0,0,0,0,0,1,4.301277491,5
3.565173,909735,1129,1,0,0,0,0,0,0,0,0,1,0,0,0,1,0,0,0,0,0,0,1,4.301277491,10
5.066171,910691,1129,1,0,0,0,0,0,0,0,0,1,0,0,0,1,0,0,0,0,0,0,1,4.301277491,10
4.94244,910781,1129,1,0,0,0,0,0,0,0,0,1,0,0,0,1,0,0,0,0,0,0,1,4.301277491,7
3.738978,924187,1129,1,0,0,0,0,0,0,0,0,1,0,0,0,1,0,0,0,0,0,0,1,4.301277491,10
5.074415,1240127,1129,1,0,0,0,0,0,0,0,0,1,0,0,0,1,0,0,0,0,0,0,1,4.301277491,4
3.046767,1240174,1129,1,0,0,0,0,0,0,0,0,1,0,0,0,1,0,0,0,0,0,0,1,4.301277491,4
1.571659,907000,1142,1,0,0,0,0,0,0,0,0,1,0,0,0,1,1,1,0,0,0,0,0,1.5734025716,10
1.195718,907051,1142,1,0,0,0,0,0,0,0,0,1,0,0,0,1,1,1,0,0,0,0,0,1.5734025716,7
0.772827,908130,1142,1,0,0,0,0,0,0,0,0,1,0,0,0,1,1,1,0,0,0,0,0,1.5734025716,3
0.34452,909735,1142,1,0,0,0,0,0,0,0,0,1,0,0,0,1,1,1,0,0,0,0,0,1.5734025716,10
1.836927,910691,1142,1,0,0,0,0,0,0,0,0,1,0,0,0,1,1,1,0,0,0,0,0,1.5734025716,9
2.9458,1240127,1142,1,0,0,0,0,0,0,0,0,1,0,0,0,1,1,1,0,0,0,0,0,1.5734025716,10
2.359845,1240174,1142,1,0,0,0,0,0,0,0,0,1,0,0,0,1,1,1,0,0,0,0,0,1.5734025716,5
3.661514,907000,1143,1,0,0,0,0,0,0,0,0,1,0,0,1,1,0,0,0,0,0,0,0,3.7950972149,7
2.834862,907051,1143,1,0,0,0,0,0,0,0,0,1,0,0,1,1,0,0,0,0,0,0,0,3.7950972149,6
3.354213,908130,1143,1,0,0,0,0,0,0,0,0,1,0,0,1,1,0,0,0,0,0,0,0,3.7950972149,5
2.40969,909735,1143,1,0,0,0,0,0,0,0,0,1,0,0,1,1,0,0,0,0,0,0,0,3.7950972149,1
4.208371,910691,1143,1,0,0,0,0,0,0,0,0,1,0,0,1,1,0,0,0,0,0,0,0,3.7950972149,3
3.852622,930082,1143,1,0,0,0,0,0,0,0,0,1,0,0,1,1,0,0,0,0,0,0,0,3.7950972149,9
5.552964,1240127,1143,1,0,0,0,0,0,0,0,0,1,0,0,1,1,0,0,0,0,0,0,0,3.7950972149,5
3.720634,1240174,1143,1,0,0,0,0,0,0,0,0,1,0,0,1,1,0,0,0,0,0,0,0,3.7950972149,5
3.58033,907000,1158,1,0,0,0,0,0,0,0,0,1,0,0,0,1,1,1,0,0,0,0,1,3.5051574045,4
4.116611,907051,1158,1,0,0,0,0,0,0,0,0,1,0,0,0,1,1,1,0,0,0,0,1,3.5051574045,2
3.593207,908130,1158,1,0,0,0,0,0,0,0,0,1,0,0,0,1,1,1,0,0,0,0,1,3.5051574045,3
1.464914,909735,1158,1,0,0,0,0,0,0,0,0,1,0,0,0,1,1,1,0,0,0,0,1,3.5051574045,6
3.710596,910691,1158,1,0,0,0,0,0,0,0,0,1,0,0,0,1,1,1,0,0,0,0,1,3.5051574045,5
3.056966,930082,1158,1,0,0,0,0,0,0,0,0,1,0,0,0,1,1,1,0,0,0,0,1,3.5051574045,2
5.589552,1240127,1158,1,0,0,0,0,0,0,0,0,1,0,0,0,1,1,1,0,0,0,0,1,3.5051574045,4
3.726303,1240174,1158,1,0,0,0,0,0,0,0,0,1,0,0,0,1,1,1,0,0,0,0,1,3.5051574045,7
0.594967,907000,1161,1,0,0,0,0,0,0,0,0,1,0,0,0,1,1,0,0,0,0,0,0,0.7113683321,10
0.826513,907051,1161,1,0,0,0,0,0,0,0,0,1,0,0,0,1,1,0,0,0,0,0,0,0.7113683321,6
0.295604,908130,1161,1,0,0,0,0,0,0,0,0,1,0,0,0,1,1,0,0,0,0,0,0,0.7113683321,10
0.018965,909735,1161,1,0,0,0,0,0,0,0,0,1,0,0,0,1,1,0,0,0,0,0,0,0.7113683321,8
0.494351,910691,1161,1,0,0,0,0,0,0,0,0,1,0,0,0,1,1,0,0,0,0,0,0,0.7113683321,4
1.576614,1240127,1161,1,0,0,0,0,0,0,0,0,1,0,0,0,1,1,0,0,0,0,0,0,0.7113683321,1
1.182704,1240174,1161,1,0,0,0,0,0,0,0,0,1,0,0,0,1,1,0,0,0,0,0,0,0.7113683321,8
2.991862,907000,1164,1,0,0,0,0,0,0,0,0,1,0,0,0,1,1,1,0,0,0,1,1,3.0290819535,4
2.901395,907051,1164,1,0,0,0,0,0,0,0,0,1,0,0,0,1,1,1,0,0,0,1,1,3.0290819535,8
2.824846,908130,1164,1,0,0,0,0,0,0,0,0,1,0,0,0,1,1,1,0,0,0,1,1,3.0290819535,2
1.046128,909735,1164,1,0,0,0,0,0,0,0,0,1,0,0,0,1,1,1,0,0,0,1,1,3.0290819535,7
3.698672,910691,1164,1,0,0,0,0,0,0,0,0,1,0,0,0,1,1,1,0,0,0,1,1,3.0290819535,6
1.744936,930082,1164,1,0,0,0,0,0,0,0,0,1,0,0,0,1,1,1,0,0,0,1,1,3.0290819535,10
5.4366,1240127,1164,1,0,0,0,0,0,0,0,0,1,0,0,0,1,1,1,0,0,0,1,1,3.0290819535,2
3.332309,1240174,1164,1,0,0,0,0,0,0,0,0,1,0,0,0,1,1,1,0,0,0,1,1,3.0290819535,4
4.529046,907000,1194,1,0,1,0,0,0,0,0,0,1,1,1,0,1,0,0,0,0,0,0,1,4.4118244452,1
4.681879,907051,1194,1,0,1,0,0,0,0,0,0,1,1,1,0,1,0,0,0,0,0,0,1,4.4118244452,10
3.48846,908130,1194,1,0,1,0,0,0,0,0,0,1,1,1,0,1,0,0,0,0,0,0,1,4.4118244452,7
4.413109,909735,1194,1,0,1,0,0,0,0,0,0,1,1,1,0,1,0,0,0,0,0,0,1,4.4118244452,7
4.131986,910691,1194,1,0,1,0,0,0,0,0,0,1,1,1,0,1,0,0,0,0,0,0,1,4.4118244452,7
4.092063,910781,1194,1,0,1,0,0,0,0,0,0,1,1,1,0,1,0,0,0,0,0,0,1,4.4118244452,7
5.918537,924187,1194,1,0,1,0,0,0,0,0,0,1,1,1,0,1,0,0,0,0,0,0,1,4.4118244452,10
3.99987,930082,1194,1,0,1,0,0,0,0,0,0,1,1,1,0,1,0,0,0,0,0,0,1,4.4118244452,3
5.589552,1240127,1194,1,0,1,0,0,0,0,0,0,1,1,1,0,1,0,0,0,0,0,0,1,4.4118244452,10
4.801131,1240174,1194,1,0,1,0,0,0,0,0,0,1,1,1,0,1,0,0,0,0,0,0,1,4.4118244452,7
2.498874,907000,1203,1,0,0,0,0,0,1,0,1,1,0,1,0,1,1,0,0,0,0,0,0,3.3706898073,4
4.665072,907051,1203,1,0,0,0,0,0,1,0,1,1,0,1,0,1,1,0,0,0,0,0,0,3.3706898073,2
2.158974,908130,1203,1,0,0,0,0,0,1,0,1,1,0,1,0,1,1,0,0,0,0,0,0,3.3706898073,10
0.564936,909735,1203,1,0,0,0,0,0,1,0,1,1,0,1,0,1,1,0,0,0,0,0,0,3.3706898073,10
2.942022,930082,1203,1,0,0,0,0,0,1,0,1,1,0,1,0,1,1,0,0,0,0,0,0,3.3706898073,2
5.589552,1240127,1203,1,0,0,0,0,0,1,0,1,1,0,1,0,1,1,0,0,0,0,0,0,3.3706898073,8
4.459146,1240174,1203,1,0,0,0,0,0,1,0,1,1,0,1,0,1,1,0,0,0,0,0,0,3.3706898073,5
2.697778,907000,1219,1,0,0,0,0,0,0,0,0,1,0,0,0,1,0,1,0,0,0,0,0,2.9130682975,7
2.609446,907051,1219,1,0,0,0,0,0,0,0,0,1,0,0,0,1,0,1,0,0,0,0,0,2.9130682975,9
2.537405,908130,1219,1,0,0,0,0,0,0,0,0,1,0,0,0,1,0,1,0,0,0,0,0,2.9130682975,2
0.941561,909735,1219,1,0,0,0,0,0,0,0,0,1,0,0,0,1,0,1,0,0,0,0,0,2.9130682975,9
2.526672,910691,1219,1,0,0,0,0,0,0,0,0,1,0,0,0,1,0,1,0,0,0,0,0,2.9130682975,6
4.183972,910781,1219,1,0,0,0,0,0,0,0,0,1,0,0,0,1,0,1,0,0,0,0,0,2.9130682975,8
2.35167,924187,1219,1,0,0,0,0,0,0,0,0,1,0,0,0,1,0,1,0,0,0,0,0,2.9130682975,9
3.395349,930082,1219,1,0,0,0,0,0,0,0,0,1,0,0,0,1,0,1,0,0,0,0,0,2.9130682975,10
5.580561,1240127,1219,1,0,0,0,0,0,0,0,0,1,0,0,0,1,0,1,0,0,0,0,0,2.9130682975,6
2.359585,1240174,1219,1,0,0,0,0,0,0,0,0,1,0,0,0,1,0,1,0,0,0,0,0,2.9130682975,4
-1.590594,907000,1242,1,0,0,0,1,0,0,0,1,1,1,0,0,1,1,0,0,0,0,1,0,1.1627748689,1
1.089634,907051,1242,1,0,0,0,1,0,0,0,1,1,1,0,0,1,1,0,0,0,0,1,0,1.1627748689,7
0.942805,908130,1242,1,0,0,0,1,0,0,0,1,1,1,0,0,1,1,0,0,0,0,1,0,1.1627748689,1
0.559286,909735,1242,1,0,0,0,1,0,0,0,1,1,1,0,0,1,1,0,0,0,0,1,0,1.1627748689,9
1.23553,910691,1242,1,0,0,0,1,0,0,0,1,1,1,0,0,1,1,0,0,0,0,1,0,1.1627748689,2
-0.690409,910781,1242,1,0,0,0,1,0,0,0,1,1,1,0,0,1,1,0,0,0,0,1,0,1.1627748689,9
2.886526,924187,1242,1,0,0,0,1,0,0,0,1,1,1,0,0,1,1,0,0,0,0,1,0,1.1627748689,6
1.19636,930082,1242,1,0,0,0,1,0,0,0,1,1,1,0,0,1,1,0,0,0,0,1,0,1.1627748689,3
4.09081,1240127,1242,1,0,0,0,1,0,0,0,1,1,1,0,0,1,1,0,0,0,0,1,0,1.1627748689,3
1.253806,1240174,1242,1,0,0,0,1,0,0,0,1,1,1,0,0,1,1,0,0,0,0,1,0,1.1627748689,6
-0.495177,907000,1372,1,0,0,0,0,0,0,0,0,0,0,0,0,1,0,1,0,0,0,0,0,-0.158984392,4
1.939231,907051,1372,1,0,0,0,0,0,0,0,0,0,0,0,0,1,0,1,0,0,0,0,0,-0.158984392,3
-0.515998,908130,1372,1,0,0,0,0,0,0,0,0,0,0,0,0,1,0,1,0,0,0,0,0,-0.158984392,3
-3.281994,909735,1372,1,0,0,0,0,0,0,0,0,0,0,0,0,1,0,1,0,0,0,0,0,-0.158984392,9
2.436389,910691,1372,1,0,0,0,0,0,0,0,0,0,0,0,0,1,0,1,0,0,0,0,0,-0.158984392,9
-0.549719,910781,1372,1,0,0,0,0,0,0,0,0,0,0,0,0,1,0,1,0,0,0,0,0,-0.158984392,10
2.104945,924187,1372,1,0,0,0,0,0,0,0,0,0,0,0,0,1,0,1,0,0,0,0,0,-0.158984392,10
-4.901247,930082,1372,1,0,0,0,0,0,0,0,0,0,0,0,0,1,0,1,0,0,0,0,0,-0.158984392,10
2.663138,1240127,1372,1,0,0,0,0,0,0,0,0,0,0,0,0,1,0,1,0,0,0,0,0,-0.158984392,10
-1.198983,1240174,1372,1,0,0,0,0,0,0,0,0,0,0,0,0,1,0,1,0,0,0,0,0,-0.158984392,1
4.467218,907000,1373,1,0,0,0,0,0,0,0,0,1,0,1,0,1,0,0,0,0,0,0,0,3.5659324499,10
4.525991,907051,1373,1,0,0,0,0,0,0,0,0,1,0,1,0,1,0,0,0,0,0,0,0,3.5659324499,6
3.038062,908130,1373,1,0,0,0,0,0,0,0,0,1,0,1,0,1,0,0,0,0,0,0,0,3.5659324499,1
-1.424221,909735,1373,1,0,0,0,0,0,0,0,0,1,0,1,0,1,0,0,0,0,0,0,0,3.5659324499,3
5.142651,910691,1373,1,0,0,0,0,0,0,0,0,1,0,1,0,1,0,0,0,0,0,0,0,3.5659324499,5
3.022606,910781,1373,1,0,0,0,0,0,0,0,0,1,0,1,0,1,0,0,0,0,0,0,0,3.5659324499,5
3.835433,924187,1373,1,0,0,0,0,0,0,0,0,1,0,1,0,1,0,0,0,0,0,0,0,3.5659324499,5
3.569885,930082,1373,1,0,0,0,0,0,0,0,0,1,0,1,0,1,0,0,0,0,0,0,0,3.5659324499,9
5.589552,1240127,1373,1,0,0,0,0,0,0,0,0,1,0,1,0,1,0,0,0,0,0,0,0,3.5659324499,3
4.54835,1240174,1373,1,0,0,0,0,0,0,0,0,1,0,1,0,1,0,0,0,0,0,0,0,3.5659324499,9
3.416131045,907000,1032,1,0,0,0,0,1,0,0,0,1,0,0,0,1,1,0,0,0,0,0,0,3.0427763987,4
4.0611458918,907051,1032,1,0,0,0,0,1,0,0,0,1,0,0,0,1,1,0,0,0,0,0,0,3.0427763987,4
4.4719742723,908130,1032,1,0,0,0,0,1,0,0,0,1,0,0,0,1,1,0,0,0,0,0,0,3.0427763987,6
0.7273640195,909735,1032,1,0,0,0,0,1,0,0,0,1,0,0,0,1,1,0,0,0,0,0,0,3.0427763987,10
3.8636610011,910691,1032,1,0,0,0,0,1,0,0,0,1,0,0,0,1,1,0,0,0,0,0,0,3.0427763987,8
4.1116680708,910781,1032,1,0,0,0,0,1,0,0,0,1,0,0,0,1,1,0,0,0,0,0,0,3.0427763987,10
2.1599555689,924187,1032,1,0,0,0,0,1,0,0,0,1,0,0,0,1,1,0,0,0,0,0,0,3.0427763987,5
1.0231112838,930082,1032,1,0,0,0,0,1,0,0,0,1,0,0,0,1,1,0,0,0,0,0,0,3.0427763987,1
3.8412005916,1240127,1032,1,0,0,0,0,1,0,0,0,1,0,0,0,1,1,0,0,0,0,0,0,3.0427763987,4
1.830654,1240174,1032,1,0,0,0,0,1,0,0,0,1,0,0,0,1,1,0,0,0,0,0,0,3.0427763987,10
2.039456574,907000,1014,1,0,0,0,0,0,0,0,0,0,0,0,0,1,0,0,0,0,0,1,1,2.7936311357,10
3.5394945718,907051,1014,1,0,0,0,0,0,0,0,0,0,0,0,0,1,0,0,0,0,0,1,1,2.7936311357,8
1.8224412432,908130,1014,1,0,0,0,0,0,0,0,0,0,0,0,0,1,0,0,0,0,0,1,1,2.7936311357,9
1.9861751214,909735,1014,1,0,0,0,0,0,0,0,0,0,0,0,0,1,0,0,0,0,0,1,1,2.7936311357,2
4.0408189677,910691,1014,1,0,0,0,0,0,0,0,0,0,0,0,0,1,0,0,0,0,0,1,1,2.7936311357,6
2.11867,910781,1014,1,0,0,0,0,0,0,0,0,0,0,0,0,1,0,0,0,0,0,1,1,2.7936311357,6
3.3244305064,924187,1014,1,0,0,0,0,0,0,0,0,0,0,0,0,1,0,0,0,0,0,1,1,2.7936311357,3
-0.01506,930082,1014,1,0,0,0,0,0,0,0,0,0,0,0,0,1,0,0,0,0,0,1,1,2.7936311357,1
3.782432,1240127,1014,1,0,0,0,0,0,0,0,0,0,0,0,0,1,0,0,0,0,0,1,1,2.7936311357,8
1.7350854836,1240174,1014,1,0,0,0,0,0,0,0,0,0,0,0,0,1,0,0,0,0,0,1,1,2.7936311357,3
