IC50,Cancer,Drug,GO_0030336_EXP,EXP_IRAK3,EXP_BRD4
1.693955,946357,35,0,3.1976712244,5.6306040107
2.860252,946357,37,0,3.1976712244,5.6306040107
3.300648,946357,91,0,3.1976712244,5.6306040107
1.331337,687505,152,3.3782014768,3.0252558276,5.6090773638
5.25011,687506,152,0,3.4793992429,5.4320796759
5.971971,724839,152,0,3.9570779615,5.4131136837
1.721694,906824,152,6.3018233858,2.9956604313,5.9173867453
3.243609,906843,152,0,2.9478359226,5.5199455439
3.062111,907068,152,0,3.6321368395,5.6125055083
5.385972,930297,152,0,4.8521131365,5.3820524088
6.232046,930298,152,0,4.2284266226,5.0044916562
3.211405,1240212,152,0,3.1566702035,5.687384494
2.981017,1298134,152,4.4140067546,3.2231998158,5.2675923994
0.169591,687505,153,3.3782014768,3.0252558276,5.6090773638
-0.407902,687506,153,0,3.4793992429,5.4320796759
2.453796,724839,153,0,3.9570779615,5.4131136837
-0.056989,906824,153,6.3018233858,2.9956604313,5.9173867453
-1.152498,906843,153,0,2.9478359226,5.5199455439
0.636741,907068,153,0,3.6321368395,5.6125055083
1.702869,930297,153,0,4.8521131365,5.3820524088
1.373537,930298,153,0,4.2284266226,5.0044916562
-0.958794,1240212,153,0,3.1566702035,5.687384494
-0.504954,1298134,153,4.4140067546,3.2231998158,5.2675923994
0.847503,687505,155,3.3782014768,3.0252558276,5.6090773638
2.028872,687506,155,0,3.4793992429,5.4320796759
2.465655,724839,155,0,3.9570779615,5.4131136837
-0.861802,906824,155,6.3018233858,2.9956604313,5.9173867453
-0.466301,906843,155,0,2.9478359226,5.5199455439
1.934443,907068,155,0,3.6321368395,5.6125055083
2.029619,930297,155,0,4.8521131365,5.3820524088
2.197377,930298,155,0,4.2284266226,5.0044916562
1.789628,1240212,155,0,3.1566702035,5.687384494
0.269824,1298134,155,4.4140067546,3.2231998158,5.2675923994
-1.373129,687505,157,3.3782014768,3.0252558276,5.6090773638
-0.899222,687506,157,0,3.4793992429,5.4320796759
0.489158,724839,157,0,3.9570779615,5.4131136837
-0.479524,906824,157,6.3018233858,2.9956604313,5.9173867453
-1.620956,906843,157,0,2.9478359226,5.5199455439
-1.272292,907068,157,0,3.6321368395,5.6125055083
0.289694,930297,157,0,4.8521131365,5.3820524088
1.097452,930298,157,0,4.2284266226,5.0044916562
-0.785506,1240212,157,0,3.1566702035,5.687384494
-0.841781,1298134,157,4.4140067546,3.2231998158,5.2675923994
0.658598,687505,158,3.3782014768,3.0252558276,5.6090773638
1.252531,687506,158,0,3.4793992429,5.4320796759
3.347998,724839,158,0,3.9570779615,5.4131136837
2.171729,906824,158,6.3018233858,2.9956604313,5.9173867453
0.959568,907068,158,0,3.6321368395,5.6125055083
3.687823,930297,158,0,4.8521131365,5.3820524088
2.559722,930298,158,0,4.2284266226,5.0044916562
0.898069,1240212,158,0,3.1566702035,5.687384494
1.879747,1298134,158,4.4140067546,3.2231998158,5.2675923994
-0.44278,687505,159,3.3782014768,3.0252558276,5.6090773638
2.972042,687506,159,0,3.4793992429,5.4320796759
3.058838,724839,159,0,3.9570779615,5.4131136837
-0.738579,906824,159,6.3018233858,2.9956604313,5.9173867453
-0.497923,906843,159,0,2.9478359226,5.5199455439
1.250975,930297,159,0,4.8521131365,5.3820524088
2.474396,930298,159,0,4.2284266226,5.0044916562
1.437116,1240212,159,0,3.1566702035,5.687384494
0.755309,1298134,159,4.4140067546,3.2231998158,5.2675923994
1.274886,687505,167,3.3782014768,3.0252558276,5.6090773638
2.124014,687506,167,0,3.4793992429,5.4320796759
1.513059,724839,167,0,3.9570779615,5.4131136837
1.979126,906824,167,6.3018233858,2.9956604313,5.9173867453
0.815804,906843,167,0,2.9478359226,5.5199455439
2.204883,907068,167,0,3.6321368395,5.6125055083
5.97431,930297,167,0,4.8521131365,5.3820524088
2.977512,930298,167,0,4.2284266226,5.0044916562
1.800241,1240212,167,0,3.1566702035,5.687384494
0.963728,1298134,167,4.4140067546,3.2231998158,5.2675923994
5.744272,687505,176,3.3782014768,3.0252558276,5.6090773638
5.075152,687506,176,0,3.4793992429,5.4320796759
5.92998,724839,176,0,3.9570779615,5.4131136837
6.242398,906824,176,6.3018233858,2.9956604313,5.9173867453
2.130299,906843,176,0,2.9478359226,5.5199455439
4.363229,907068,176,0,3.6321368395,5.6125055083
6.714816,930297,176,0,4.8521131365,5.3820524088
6.931905,930298,176,0,4.2284266226,5.0044916562
5.592379,1240212,176,0,3.1566702035,5.687384494
3.437151,1298134,176,4.4140067546,3.2231998158,5.2675923994
1.67813,687505,177,3.3782014768,3.0252558276,5.6090773638
1.345497,687506,177,0,3.4793992429,5.4320796759
5.333935,724839,177,0,3.9570779615,5.4131136837
2.825075,906824,177,6.3018233858,2.9956604313,5.9173867453
2.340457,906843,177,0,2.9478359226,5.5199455439
3.298554,907068,177,0,3.6321368395,5.6125055083
6.007434,930297,177,0,4.8521131365,5.3820524088
5.328039,930298,177,0,4.2284266226,5.0044916562
1.708434,1240212,177,0,3.1566702035,5.687384494
1.553463,1298134,177,4.4140067546,3.2231998158,5.2675923994
0.427361,687505,178,3.3782014768,3.0252558276,5.6090773638
2.515127,687506,178,0,3.4793992429,5.4320796759
3.961515,724839,178,0,3.9570779615,5.4131136837
1.613414,906824,178,6.3018233858,2.9956604313,5.9173867453
0.132745,906843,178,0,2.9478359226,5.5199455439
3.059804,907068,178,0,3.6321368395,5.6125055083
4.493201,930297,178,0,4.8521131365,5.3820524088
4.049449,930298,178,0,4.2284266226,5.0044916562
2.132592,1240212,178,0,3.1566702035,5.687384494
2.183331,1298134,178,4.4140067546,3.2231998158,5.2675923994
1.541723,687505,184,3.3782014768,3.0252558276,5.6090773638
1.301051,687506,184,0,3.4793992429,5.4320796759
3.722018,724839,184,0,3.9570779615,5.4131136837
1.11098,906824,184,6.3018233858,2.9956604313,5.9173867453
0.66737,906843,184,0,2.9478359226,5.5199455439
0.684106,907068,184,0,3.6321368395,5.6125055083
3.408223,930297,184,0,4.8521131365,5.3820524088
4.133335,930298,184,0,4.2284266226,5.0044916562
-1.734507,1240212,184,0,3.1566702035,5.687384494
-0.227664,1298134,184,4.4140067546,3.2231998158,5.2675923994
2.552072,687505,185,3.3782014768,3.0252558276,5.6090773638
3.526167,687506,185,0,3.4793992429,5.4320796759
3.932033,724839,185,0,3.9570779615,5.4131136837
2.310162,906824,185,6.3018233858,2.9956604313,5.9173867453
1.185144,906843,185,0,2.9478359226,5.5199455439
1.808537,907068,185,0,3.6321368395,5.6125055083
2.916571,930297,185,0,4.8521131365,5.3820524088
4.104985,930298,185,0,4.2284266226,5.0044916562
-0.03645,1240212,185,0,3.1566702035,5.687384494
2.043614,1298134,185,4.4140067546,3.2231998158,5.2675923994
3.003176,687505,192,3.3782014768,3.0252558276,5.6090773638
3.128979,687506,192,0,3.4793992429,5.4320796759
4.804491,724839,192,0,3.9570779615,5.4131136837
4.102468,906824,192,6.3018233858,2.9956604313,5.9173867453
3.895354,906843,192,0,2.9478359226,5.5199455439
5.119153,907068,192,0,3.6321368395,5.6125055083
4.344903,930297,192,0,4.8521131365,5.3820524088
5.607513,930298,192,0,4.2284266226,5.0044916562
4.155313,1240212,192,0,3.1566702035,5.687384494
4.1333,1298134,192,4.4140067546,3.2231998158,5.2675923994
5.011305,687505,193,3.3782014768,3.0252558276,5.6090773638
5.63005,687506,193,0,3.4793992429,5.4320796759
5.692233,724839,193,0,3.9570779615,5.4131136837
4.445297,906824,193,6.3018233858,2.9956604313,5.9173867453
5.205849,906843,193,0,2.9478359226,5.5199455439
5.660291,907068,193,0,3.6321368395,5.6125055083
5.963508,930297,193,0,4.8521131365,5.3820524088
6.361376,930298,193,0,4.2284266226,5.0044916562
5.456301,1240212,193,0,3.1566702035,5.687384494
5.425444,1298134,193,4.4140067546,3.2231998158,5.2675923994
2.597623,687505,199,3.3782014768,3.0252558276,5.6090773638
4.624473,687506,199,0,3.4793992429,5.4320796759
2.890058,724839,199,0,3.9570779615,5.4131136837
3.449077,906824,199,6.3018233858,2.9956604313,5.9173867453
2.269821,906843,199,0,2.9478359226,5.5199455439
4.738248,907068,199,0,3.6321368395,5.6125055083
4.086657,930297,199,0,4.8521131365,5.3820524088
5.193105,930298,199,0,4.2284266226,5.0044916562
2.966943,1240212,199,0,3.1566702035,5.687384494
2.692478,1298134,199,4.4140067546,3.2231998158,5.2675923994
0.574251,687505,202,3.3782014768,3.0252558276,5.6090773638
2.040698,687506,202,0,3.4793992429,5.4320796759
2.492725,724839,202,0,3.9570779615,5.4131136837
2.763089,906824,202,6.3018233858,2.9956604313,5.9173867453
1.258671,906843,202,0,2.9478359226,5.5199455439
2.694981,907068,202,0,3.6321368395,5.6125055083
3.254031,930297,202,0,4.8521131365,5.3820524088
3.110517,930298,202,0,4.2284266226,5.0044916562
2.222787,1240212,202,0,3.1566702035,5.687384494
2.521511,1298134,202,4.4140067546,3.2231998158,5.2675923994
2.841568,687505,203,3.3782014768,3.0252558276,5.6090773638
3.157581,687506,203,0,3.4793992429,5.4320796759
5.804207,724839,203,0,3.9570779615,5.4131136837
1.477136,906824,203,6.3018233858,2.9956604313,5.9173867453
2.89494,906843,203,0,2.9478359226,5.5199455439
2.746652,907068,203,0,3.6321368395,5.6125055083
5.650836,930297,203,0,4.8521131365,5.3820524088
5.881639,930298,203,0,4.2284266226,5.0044916562
3.216975,1240212,203,0,3.1566702035,5.687384494
2.990309,1298134,203,4.4140067546,3.2231998158,5.2675923994
3.993438,687505,206,3.3782014768,3.0252558276,5.6090773638
4.562514,687506,206,0,3.4793992429,5.4320796759
4.855703,724839,206,0,3.9570779615,5.4131136837
4.190955,906824,206,6.3018233858,2.9956604313,5.9173867453
4.029512,906843,206,0,2.9478359226,5.5199455439
3.886452,907068,206,0,3.6321368395,5.6125055083
4.871932,930297,206,0,4.8521131365,5.3820524088
4.867348,930298,206,0,4.2284266226,5.0044916562
4.073714,1240212,206,0,3.1566702035,5.687384494
3.990408,1298134,206,4.4140067546,3.2231998158,5.2675923994
0.650754,687505,207,3.3782014768,3.0252558276,5.6090773638
1.924017,687506,207,0,3.4793992429,5.4320796759
3.139016,724839,207,0,3.9570779615,5.4131136837
2.690548,906824,207,6.3018233858,2.9956604313,5.9173867453
0.764485,906843,207,0,2.9478359226,5.5199455439
2.640126,907068,207,0,3.6321368395,5.6125055083
5.328522,930297,207,0,4.8521131365,5.3820524088
3.626397,930298,207,0,4.2284266226,5.0044916562
1.404647,1240212,207,0,3.1566702035,5.687384494
1.253536,1298134,207,4.4140067546,3.2231998158,5.2675923994
1.69378,687505,219,3.3782014768,3.0252558276,5.6090773638
2.965403,687506,219,0,3.4793992429,5.4320796759
5.500237,724839,219,0,3.9570779615,5.4131136837
-1.330513,906824,219,6.3018233858,2.9956604313,5.9173867453
1.039623,906843,219,0,2.9478359226,5.5199455439
0.136551,907068,219,0,3.6321368395,5.6125055083
3.081061,930297,219,0,4.8521131365,5.3820524088
5.799859,930298,219,0,4.2284266226,5.0044916562
1.433342,1240212,219,0,3.1566702035,5.687384494
2.408237,1298134,219,4.4140067546,3.2231998158,5.2675923994
3.834897,687505,221,3.3782014768,3.0252558276,5.6090773638
5.041724,687506,221,0,3.4793992429,5.4320796759
6.135891,724839,221,0,3.9570779615,5.4131136837
2.614261,906824,221,6.3018233858,2.9956604313,5.9173867453
4.118125,906843,221,0,2.9478359226,5.5199455439
5.094307,907068,221,0,3.6321368395,5.6125055083
6.031049,930297,221,0,4.8521131365,5.3820524088
5.755121,930298,221,0,4.2284266226,5.0044916562
4.523712,1240212,221,0,3.1566702035,5.687384494
3.659255,1298134,221,4.4140067546,3.2231998158,5.2675923994
3.549005,687505,222,3.3782014768,3.0252558276,5.6090773638
4.275758,687506,222,0,3.4793992429,5.4320796759
5.508661,724839,222,0,3.9570779615,5.4131136837
0.906536,906824,222,6.3018233858,2.9956604313,5.9173867453
3.433021,906843,222,0,2.9478359226,5.5199455439
3.750612,907068,222,0,3.6321368395,5.6125055083
4.705321,930297,222,0,4.8521131365,5.3820524088
5.431336,930298,222,0,4.2284266226,5.0044916562
3.335941,1240212,222,0,3.1566702035,5.687384494
3.239361,1298134,222,4.4140067546,3.2231998158,5.2675923994
2.122109,687505,226,3.3782014768,3.0252558276,5.6090773638
3.046859,687506,226,0,3.4793992429,5.4320796759
4.543413,724839,226,0,3.9570779615,5.4131136837
-1.897677,906824,226,6.3018233858,2.9956604313,5.9173867453
2.914711,906843,226,0,2.9478359226,5.5199455439
3.523474,907068,226,0,3.6321368395,5.6125055083
4.634428,930297,226,0,4.8521131365,5.3820524088
4.182478,930298,226,0,4.2284266226,5.0044916562
1.635251,1240212,226,0,3.1566702035,5.687384494
2.422176,1298134,226,4.4140067546,3.2231998158,5.2675923994
4.882396,687505,229,3.3782014768,3.0252558276,5.6090773638
5.872877,687506,229,0,3.4793992429,5.4320796759
6.195114,724839,229,0,3.9570779615,5.4131136837
0.318697,906824,229,6.3018233858,2.9956604313,5.9173867453
3.745854,906843,229,0,2.9478359226,5.5199455439
3.632818,907068,229,0,3.6321368395,5.6125055083
6.244813,930297,229,0,4.8521131365,5.3820524088
6.549877,930298,229,0,4.2284266226,5.0044916562
2.954499,1240212,229,0,3.1566702035,5.687384494
3.820811,1298134,229,4.4140067546,3.2231998158,5.2675923994
4.041016,687505,230,3.3782014768,3.0252558276,5.6090773638
5.594228,687506,230,0,3.4793992429,5.4320796759
6.185331,724839,230,0,3.9570779615,5.4131136837
4.094906,906824,230,6.3018233858,2.9956604313,5.9173867453
4.937305,906843,230,0,2.9478359226,5.5199455439
5.375337,907068,230,0,3.6321368395,5.6125055083
6.24416,930297,230,0,4.8521131365,5.3820524088
6.535641,930298,230,0,4.2284266226,5.0044916562
4.211695,1240212,230,0,3.1566702035,5.687384494
4.514197,1298134,230,4.4140067546,3.2231998158,5.2675923994
5.018851,687505,231,3.3782014768,3.0252558276,5.6090773638
5.903323,687506,231,0,3.4793992429,5.4320796759
4.585315,906824,231,6.3018233858,2.9956604313,5.9173867453
5.094432,906843,231,0,2.9478359226,5.5199455439
5.534824,907068,231,0,3.6321368395,5.6125055083
6.244813,930297,231,0,4.8521131365,5.3820524088
6.547242,930298,231,0,4.2284266226,5.0044916562
4.382175,1240212,231,0,3.1566702035,5.687384494
5.311457,1298134,231,4.4140067546,3.2231998158,5.2675923994
0.696496,687505,235,3.3782014768,3.0252558276,5.6090773638
4.864941,687506,235,0,3.4793992429,5.4320796759
5.079266,724839,235,0,3.9570779615,5.4131136837
-0.896322,906824,235,6.3018233858,2.9956604313,5.9173867453
1.336834,906843,235,0,2.9478359226,5.5199455439
0.517151,907068,235,0,3.6321368395,5.6125055083
3.187693,930297,235,0,4.8521131365,5.3820524088
5.800311,930298,235,0,4.2284266226,5.0044916562
-0.148069,1240212,235,0,3.1566702035,5.687384494
2.071781,1298134,235,4.4140067546,3.2231998158,5.2675923994
1.925701,687505,249,3.3782014768,3.0252558276,5.6090773638
3.324424,687506,249,0,3.4793992429,5.4320796759
4.497147,724839,249,0,3.9570779615,5.4131136837
1.958724,906824,249,6.3018233858,2.9956604313,5.9173867453
2.795553,906843,249,0,2.9478359226,5.5199455439
3.263175,907068,249,0,3.6321368395,5.6125055083
4.864037,930297,249,0,4.8521131365,5.3820524088
5.163415,930298,249,0,4.2284266226,5.0044916562
3.480735,1240212,249,0,3.1566702035,5.687384494
3.469256,1298134,249,4.4140067546,3.2231998158,5.2675923994
0.276822,687505,252,3.3782014768,3.0252558276,5.6090773638
1.015192,687506,252,0,3.4793992429,5.4320796759
1.370579,724839,252,0,3.9570779615,5.4131136837
-2.22532,906824,252,6.3018233858,2.9956604313,5.9173867453
0.377577,906843,252,0,2.9478359226,5.5199455439
-0.089927,907068,252,0,3.6321368395,5.6125055083
1.678907,930297,252,0,4.8521131365,5.3820524088
4.100019,930298,252,0,4.2284266226,5.0044916562
0.810185,1240212,252,0,3.1566702035,5.687384494
2.321603,1298134,252,4.4140067546,3.2231998158,5.2675923994
4.334853,687505,253,3.3782014768,3.0252558276,5.6090773638
4.821655,687506,253,0,3.4793992429,5.4320796759
5.396179,724839,253,0,3.9570779615,5.4131136837
4.04043,906824,253,6.3018233858,2.9956604313,5.9173867453
4.59692,906843,253,0,2.9478359226,5.5199455439
4.759438,907068,253,0,3.6321368395,5.6125055083
5.500664,930297,253,0,4.8521131365,5.3820524088
5.697915,930298,253,0,4.2284266226,5.0044916562
4.678239,1240212,253,0,3.1566702035,5.687384494
4.497934,1298134,253,4.4140067546,3.2231998158,5.2675923994
1.470769,687505,254,3.3782014768,3.0252558276,5.6090773638
2.929906,687506,254,0,3.4793992429,5.4320796759
3.197839,724839,254,0,3.9570779615,5.4131136837
1.610065,906824,254,6.3018233858,2.9956604313,5.9173867453
1.954111,906843,254,0,2.9478359226,5.5199455439
1.911597,907068,254,0,3.6321368395,5.6125055083
3.272797,930297,254,0,4.8521131365,5.3820524088
3.60555,930298,254,0,4.2284266226,5.0044916562
2.194967,1240212,254,0,3.1566702035,5.687384494
2.099911,1298134,254,4.4140067546,3.2231998158,5.2675923994
2.959906,687505,255,3.3782014768,3.0252558276,5.6090773638
4.573243,687506,255,0,3.4793992429,5.4320796759
4.817501,724839,255,0,3.9570779615,5.4131136837
3.242597,906824,255,6.3018233858,2.9956604313,5.9173867453
3.839662,906843,255,0,2.9478359226,5.5199455439
4.067804,907068,255,0,3.6321368395,5.6125055083
5.52357,930297,255,0,4.8521131365,5.3820524088
5.868885,930298,255,0,4.2284266226,5.0044916562
4.57876,1240212,255,0,3.1566702035,5.687384494
4.216919,1298134,255,4.4140067546,3.2231998158,5.2675923994
1.404236,687505,256,3.3782014768,3.0252558276,5.6090773638
2.472988,687506,256,0,3.4793992429,5.4320796759
4.578171,724839,256,0,3.9570779615,5.4131136837
-1.096501,906824,256,6.3018233858,2.9956604313,5.9173867453
2.259894,906843,256,0,2.9478359226,5.5199455439
2.330333,907068,256,0,3.6321368395,5.6125055083
5.459423,930297,256,0,4.8521131365,5.3820524088
5.805217,930298,256,0,4.2284266226,5.0044916562
1.938276,1240212,256,0,3.1566702035,5.687384494
2.212715,1298134,256,4.4140067546,3.2231998158,5.2675923994
-0.47973,687505,257,3.3782014768,3.0252558276,5.6090773638
4.100347,687506,257,0,3.4793992429,5.4320796759
5.440323,724839,257,0,3.9570779615,5.4131136837
1.388782,906824,257,6.3018233858,2.9956604313,5.9173867453
2.99413,906843,257,0,2.9478359226,5.5199455439
2.951559,907068,257,0,3.6321368395,5.6125055083
5.120547,930297,257,0,4.8521131365,5.3820524088
5.648715,930298,257,0,4.2284266226,5.0044916562
3.39404,1240212,257,0,3.1566702035,5.687384494
3.181451,1298134,257,4.4140067546,3.2231998158,5.2675923994
0.811769,687505,260,3.3782014768,3.0252558276,5.6090773638
4.359693,687506,260,0,3.4793992429,5.4320796759
4.52394,724839,260,0,3.9570779615,5.4131136837
1.404209,906824,260,6.3018233858,2.9956604313,5.9173867453
3.150963,906843,260,0,2.9478359226,5.5199455439
4.067161,907068,260,0,3.6321368395,5.6125055083
5.570075,930297,260,0,4.8521131365,5.3820524088
5.915514,930298,260,0,4.2284266226,5.0044916562
3.983886,1240212,260,0,3.1566702035,5.687384494
4.251633,1298134,260,4.4140067546,3.2231998158,5.2675923994
1.70409,687505,262,3.3782014768,3.0252558276,5.6090773638
4.427094,687506,262,0,3.4793992429,5.4320796759
4.380206,724839,262,0,3.9570779615,5.4131136837
3.418096,906824,262,6.3018233858,2.9956604313,5.9173867453
3.069125,906843,262,0,2.9478359226,5.5199455439
3.408427,907068,262,0,3.6321368395,5.6125055083
4.806373,930297,262,0,4.8521131365,5.3820524088
5.148687,930298,262,0,4.2284266226,5.0044916562
3.660117,1240212,262,0,3.1566702035,5.687384494
3.947516,1298134,262,4.4140067546,3.2231998158,5.2675923994
4.595929,687505,263,3.3782014768,3.0252558276,5.6090773638
5.720403,687506,263,0,3.4793992429,5.4320796759
6.098093,724839,263,0,3.9570779615,5.4131136837
4.795585,906824,263,6.3018233858,2.9956604313,5.9173867453
5.133064,906843,263,0,2.9478359226,5.5199455439
5.658339,907068,263,0,3.6321368395,5.6125055083
6.244813,930297,263,0,4.8521131365,5.3820524088
6.404314,930298,263,0,4.2284266226,5.0044916562
5.446167,1240212,263,0,3.1566702035,5.687384494
5.352655,1298134,263,4.4140067546,3.2231998158,5.2675923994
-1.908576,687505,273,3.3782014768,3.0252558276,5.6090773638
0.606214,687506,273,0,3.4793992429,5.4320796759
0.89031,724839,273,0,3.9570779615,5.4131136837
-1.840718,906824,273,6.3018233858,2.9956604313,5.9173867453
-1.622391,906843,273,0,2.9478359226,5.5199455439
-0.278627,907068,273,0,3.6321368395,5.6125055083
3.953042,930297,273,0,4.8521131365,5.3820524088
2.0928,930298,273,0,4.2284266226,5.0044916562
0.201438,1240212,273,0,3.1566702035,5.687384494
0.656225,1298134,273,4.4140067546,3.2231998158,5.2675923994
5.538403,687505,275,3.3782014768,3.0252558276,5.6090773638
5.206919,687506,275,0,3.4793992429,5.4320796759
6.057573,724839,275,0,3.9570779615,5.4131136837
2.125285,906824,275,6.3018233858,2.9956604313,5.9173867453
4.431455,906843,275,0,2.9478359226,5.5199455439
3.071525,907068,275,0,3.6321368395,5.6125055083
6.244155,930297,275,0,4.8521131365,5.3820524088
6.586598,930298,275,0,4.2284266226,5.0044916562
3.05677,1240212,275,0,3.1566702035,5.687384494
5.127348,1298134,275,4.4140067546,3.2231998158,5.2675923994
2.543048,687505,277,3.3782014768,3.0252558276,5.6090773638
2.476983,687506,277,0,3.4793992429,5.4320796759
2.912135,724839,277,0,3.9570779615,5.4131136837
0.80479,906824,277,6.3018233858,2.9956604313,5.9173867453
2.125192,906843,277,0,2.9478359226,5.5199455439
2.08552,907068,277,0,3.6321368395,5.6125055083
3.097299,930297,277,0,4.8521131365,5.3820524088
3.197738,930298,277,0,4.2284266226,5.0044916562
1.969304,1240212,277,0,3.1566702035,5.687384494
2.049564,1298134,277,4.4140067546,3.2231998158,5.2675923994
2.447099,687505,279,3.3782014768,3.0252558276,5.6090773638
5.862444,687506,279,0,3.4793992429,5.4320796759
6.188204,724839,279,0,3.9570779615,5.4131136837
3.545583,906824,279,6.3018233858,2.9956604313,5.9173867453
4.998344,906843,279,0,2.9478359226,5.5199455439
4.849188,907068,279,0,3.6321368395,5.6125055083
6.235071,930297,279,0,4.8521131365,5.3820524088
6.342531,930298,279,0,4.2284266226,5.0044916562
5.203414,1240212,279,0,3.1566702035,5.687384494
5.426512,1298134,279,4.4140067546,3.2231998158,5.2675923994
4.03924,687505,281,3.3782014768,3.0252558276,5.6090773638
4.216797,687506,281,0,3.4793992429,5.4320796759
4.657497,724839,281,0,3.9570779615,5.4131136837
3.637411,906824,281,6.3018233858,2.9956604313,5.9173867453
3.823829,906843,281,0,2.9478359226,5.5199455439
4.13582,907068,281,0,3.6321368395,5.6125055083
4.839043,930297,281,0,4.8521131365,5.3820524088
5.020818,930298,281,0,4.2284266226,5.0044916562
3.722588,1240212,281,0,3.1566702035,5.687384494
4.016717,1298134,281,4.4140067546,3.2231998158,5.2675923994
0.226119,687505,282,3.3782014768,3.0252558276,5.6090773638
3.057982,687506,282,0,3.4793992429,5.4320796759
3.253477,724839,282,0,3.9570779615,5.4131136837
-0.305954,906824,282,6.3018233858,2.9956604313,5.9173867453
0.034239,906843,282,0,2.9478359226,5.5199455439
1.736514,907068,282,0,3.6321368395,5.6125055083
4.689893,930297,282,0,4.8521131365,5.3820524088
4.616426,930298,282,0,4.2284266226,5.0044916562
1.712346,1240212,282,0,3.1566702035,5.687384494
2.924725,1298134,282,4.4140067546,3.2231998158,5.2675923994
-2.42757,687505,283,3.3782014768,3.0252558276,5.6090773638
0.326741,687506,283,0,3.4793992429,5.4320796759
-0.686838,724839,283,0,3.9570779615,5.4131136837
-5.477789,906824,283,6.3018233858,2.9956604313,5.9173867453
-1.952722,906843,283,0,2.9478359226,5.5199455439
-1.813682,907068,283,0,3.6321368395,5.6125055083
0.424133,930297,283,0,4.8521131365,5.3820524088
1.331981,930298,283,0,4.2284266226,5.0044916562
-2.45929,1240212,283,0,3.1566702035,5.687384494
-1.617146,1298134,283,4.4140067546,3.2231998158,5.2675923994
2.945857,687505,287,3.3782014768,3.0252558276,5.6090773638
3.473255,687506,287,0,3.4793992429,5.4320796759
4.901579,724839,287,0,3.9570779615,5.4131136837
1.299588,906824,287,6.3018233858,2.9956604313,5.9173867453
3.466827,906843,287,0,2.9478359226,5.5199455439
3.873426,907068,287,0,3.6321368395,5.6125055083
6.223956,930297,287,0,4.8521131365,5.3820524088
6.386285,930298,287,0,4.2284266226,5.0044916562
3.68126,1240212,287,0,3.1566702035,5.687384494
3.288145,1298134,287,4.4140067546,3.2231998158,5.2675923994
2.174004,687505,288,3.3782014768,3.0252558276,5.6090773638
5.058654,687506,288,0,3.4793992429,5.4320796759
5.49265,724839,288,0,3.9570779615,5.4131136837
3.784042,906824,288,6.3018233858,2.9956604313,5.9173867453
3.116975,906843,288,0,2.9478359226,5.5199455439
4.129388,907068,288,0,3.6321368395,5.6125055083
5.340922,930297,288,0,4.8521131365,5.3820524088
5.476163,930298,288,0,4.2284266226,5.0044916562
4.22647,1240212,288,0,3.1566702035,5.687384494
4.314992,1298134,288,4.4140067546,3.2231998158,5.2675923994
4.393414,687505,290,3.3782014768,3.0252558276,5.6090773638
5.869985,687506,290,0,3.4793992429,5.4320796759
6.082092,724839,290,0,3.9570779615,5.4131136837
5.328052,906824,290,6.3018233858,2.9956604313,5.9173867453
5.13323,906843,290,0,2.9478359226,5.5199455439
4.962348,907068,290,0,3.6321368395,5.6125055083
5.971034,930297,290,0,4.8521131365,5.3820524088
6.203137,930298,290,0,4.2284266226,5.0044916562
5.456301,1240212,290,0,3.1566702035,5.687384494
5.28008,1298134,290,4.4140067546,3.2231998158,5.2675923994
1.676732,687505,291,3.3782014768,3.0252558276,5.6090773638
4.633195,687506,291,0,3.4793992429,5.4320796759
6.139989,724839,291,0,3.9570779615,5.4131136837
2.385586,906824,291,6.3018233858,2.9956604313,5.9173867453
4.464464,906843,291,0,2.9478359226,5.5199455439
4.59374,907068,291,0,3.6321368395,5.6125055083
5.884539,930297,291,0,4.8521131365,5.3820524088
5.827652,930298,291,0,4.2284266226,5.0044916562
3.708287,1240212,291,0,3.1566702035,5.687384494
5.047198,1298134,291,4.4140067546,3.2231998158,5.2675923994
3.194699,687505,292,3.3782014768,3.0252558276,5.6090773638
4.951354,687506,292,0,3.4793992429,5.4320796759
5.206741,724839,292,0,3.9570779615,5.4131136837
2.321601,906824,292,6.3018233858,2.9956604313,5.9173867453
4.155338,906843,292,0,2.9478359226,5.5199455439
4.516443,907068,292,0,3.6321368395,5.6125055083
5.89681,930297,292,0,4.8521131365,5.3820524088
6.060976,930298,292,0,4.2284266226,5.0044916562
4.526604,1240212,292,0,3.1566702035,5.687384494
4.458306,1298134,292,4.4140067546,3.2231998158,5.2675923994
2.637266,687505,293,3.3782014768,3.0252558276,5.6090773638
2.214782,687506,293,0,3.4793992429,5.4320796759
3.217766,724839,293,0,3.9570779615,5.4131136837
2.793888,906824,293,6.3018233858,2.9956604313,5.9173867453
3.916158,906843,293,0,2.9478359226,5.5199455439
4.224447,907068,293,0,3.6321368395,5.6125055083
3.597656,930297,293,0,4.8521131365,5.3820524088
4.200676,930298,293,0,4.2284266226,5.0044916562
5.211395,1240212,293,0,3.1566702035,5.687384494
1.553391,1298134,293,4.4140067546,3.2231998158,5.2675923994
3.117986,687505,294,3.3782014768,3.0252558276,5.6090773638
4.726065,687506,294,0,3.4793992429,5.4320796759
6.169439,724839,294,0,3.9570779615,5.4131136837
3.021052,906824,294,6.3018233858,2.9956604313,5.9173867453
4.178589,906843,294,0,2.9478359226,5.5199455439
3.763261,907068,294,0,3.6321368395,5.6125055083
6.199999,930297,294,0,4.8521131365,5.3820524088
6.585307,930298,294,0,4.2284266226,5.0044916562
2.998685,1240212,294,0,3.1566702035,5.687384494
4.138926,1298134,294,4.4140067546,3.2231998158,5.2675923994
2.040057,687505,295,3.3782014768,3.0252558276,5.6090773638
4.017344,687506,295,0,3.4793992429,5.4320796759
5.213865,724839,295,0,3.9570779615,5.4131136837
2.27206,906824,295,6.3018233858,2.9956604313,5.9173867453
2.996514,906843,295,0,2.9478359226,5.5199455439
3.635307,907068,295,0,3.6321368395,5.6125055083
5.575105,930297,295,0,4.8521131365,5.3820524088
5.917168,930298,295,0,4.2284266226,5.0044916562
3.797978,1240212,295,0,3.1566702035,5.687384494
4.289924,1298134,295,4.4140067546,3.2231998158,5.2675923994
3.847205,687505,298,3.3782014768,3.0252558276,5.6090773638
4.282152,687506,298,0,3.4793992429,5.4320796759
4.47423,724839,298,0,3.9570779615,5.4131136837
2.774977,906824,298,6.3018233858,2.9956604313,5.9173867453
3.91079,906843,298,0,2.9478359226,5.5199455439
4.715776,907068,298,0,3.6321368395,5.6125055083
5.00652,930297,298,0,4.8521131365,5.3820524088
5.005424,930298,298,0,4.2284266226,5.0044916562
4.580228,1240212,298,0,3.1566702035,5.687384494
3.803037,1298134,298,4.4140067546,3.2231998158,5.2675923994
-2.053985,687505,299,3.3782014768,3.0252558276,5.6090773638
3.457664,687506,299,0,3.4793992429,5.4320796759
3.788809,724839,299,0,3.9570779615,5.4131136837
-2.009137,906824,299,6.3018233858,2.9956604313,5.9173867453
3.469617,906843,299,0,2.9478359226,5.5199455439
3.374628,907068,299,0,3.6321368395,5.6125055083
4.184426,930297,299,0,4.8521131365,5.3820524088
6.274355,930298,299,0,4.2284266226,5.0044916562
2.552197,1240212,299,0,3.1566702035,5.687384494
3.523238,1298134,299,4.4140067546,3.2231998158,5.2675923994
2.613696,687505,301,3.3782014768,3.0252558276,5.6090773638
4.176806,687506,301,0,3.4793992429,5.4320796759
5.052061,724839,301,0,3.9570779615,5.4131136837
-0.36941,906824,301,6.3018233858,2.9956604313,5.9173867453
3.294529,906843,301,0,2.9478359226,5.5199455439
1.640244,907068,301,0,3.6321368395,5.6125055083
5.356267,930297,301,0,4.8521131365,5.3820524088
5.917168,930298,301,0,4.2284266226,5.0044916562
2.818045,1240212,301,0,3.1566702035,5.687384494
4.221005,1298134,301,4.4140067546,3.2231998158,5.2675923994
4.863996,687506,302,0,3.4793992429,5.4320796759
3.836519,724839,302,0,3.9570779615,5.4131136837
-3.218615,906824,302,6.3018233858,2.9956604313,5.9173867453
3.120797,906843,302,0,2.9478359226,5.5199455439
2.413961,907068,302,0,3.6321368395,5.6125055083
5.574937,930297,302,0,4.8521131365,5.3820524088
5.917168,930298,302,0,4.2284266226,5.0044916562
0.888415,1240212,302,0,3.1566702035,5.687384494
2.785559,1298134,302,4.4140067546,3.2231998158,5.2675923994
2.122302,687505,304,3.3782014768,3.0252558276,5.6090773638
5.055158,687506,304,0,3.4793992429,5.4320796759
4.840282,724839,304,0,3.9570779615,5.4131136837
4.649141,906824,304,6.3018233858,2.9956604313,5.9173867453
4.87273,906843,304,0,2.9478359226,5.5199455439
4.656116,907068,304,0,3.6321368395,5.6125055083
6.244813,930297,304,0,4.8521131365,5.3820524088
6.586598,930298,304,0,4.2284266226,5.0044916562
3.958067,1240212,304,0,3.1566702035,5.687384494
4.496419,1298134,304,4.4140067546,3.2231998158,5.2675923994
0.469921,687505,305,3.3782014768,3.0252558276,5.6090773638
3.646906,687506,305,0,3.4793992429,5.4320796759
5.487587,724839,305,0,3.9570779615,5.4131136837
1.175217,906824,305,6.3018233858,2.9956604313,5.9173867453
3.833515,906843,305,0,2.9478359226,5.5199455439
3.056974,907068,305,0,3.6321368395,5.6125055083
6.244294,930297,305,0,4.8521131365,5.3820524088
6.316383,930298,305,0,4.2284266226,5.0044916562
3.07723,1240212,305,0,3.1566702035,5.687384494
3.921672,1298134,305,4.4140067546,3.2231998158,5.2675923994
4.374705,687505,306,3.3782014768,3.0252558276,5.6090773638
4.585166,687506,306,0,3.4793992429,5.4320796759
5.525684,724839,306,0,3.9570779615,5.4131136837
0.612027,906824,306,6.3018233858,2.9956604313,5.9173867453
3.035425,906843,306,0,2.9478359226,5.5199455439
2.364806,907068,306,0,3.6321368395,5.6125055083
5.574981,930297,306,0,4.8521131365,5.3820524088
5.734286,930298,306,0,4.2284266226,5.0044916562
2.401662,1240212,306,0,3.1566702035,5.687384494
3.073155,1298134,306,4.4140067546,3.2231998158,5.2675923994
-0.668013,687505,308,3.3782014768,3.0252558276,5.6090773638
0.574091,687506,308,0,3.4793992429,5.4320796759
3.555628,724839,308,0,3.9570779615,5.4131136837
-1.050866,906824,308,6.3018233858,2.9956604313,5.9173867453
0.490523,906843,308,0,2.9478359226,5.5199455439
0.172866,907068,308,0,3.6321368395,5.6125055083
4.112575,930297,308,0,4.8521131365,5.3820524088
5.220584,930298,308,0,4.2284266226,5.0044916562
-0.105694,1240212,308,0,3.1566702035,5.687384494
0.07649,1298134,308,4.4140067546,3.2231998158,5.2675923994
2.863893,687505,309,3.3782014768,3.0252558276,5.6090773638
4.315607,687506,309,0,3.4793992429,5.4320796759
5.288201,724839,309,0,3.9570779615,5.4131136837
3.032687,906824,309,6.3018233858,2.9956604313,5.9173867453
4.803607,906843,309,0,2.9478359226,5.5199455439
5.195649,907068,309,0,3.6321368395,5.6125055083
6.244519,930297,309,0,4.8521131365,5.3820524088
6.58449,930298,309,0,4.2284266226,5.0044916562
4.423354,1240212,309,0,3.1566702035,5.687384494
4.788941,1298134,309,4.4140067546,3.2231998158,5.2675923994
0.447225,687505,312,3.3782014768,3.0252558276,5.6090773638
0.84866,687506,312,0,3.4793992429,5.4320796759
1.060834,724839,312,0,3.9570779615,5.4131136837
0.125473,906824,312,6.3018233858,2.9956604313,5.9173867453
0.410771,906843,312,0,2.9478359226,5.5199455439
0.355361,907068,312,0,3.6321368395,5.6125055083
1.192741,930297,312,0,4.8521131365,5.3820524088
1.528124,930298,312,0,4.2284266226,5.0044916562
-0.266428,1240212,312,0,3.1566702035,5.687384494
0.46936,1298134,312,4.4140067546,3.2231998158,5.2675923994
1.796172,687505,326,3.3782014768,3.0252558276,5.6090773638
5.233893,687506,326,0,3.4793992429,5.4320796759
5.515085,724839,326,0,3.9570779615,5.4131136837
0.084186,906824,326,6.3018233858,2.9956604313,5.9173867453
4.567156,906843,326,0,2.9478359226,5.5199455439
3.588832,907068,326,0,3.6321368395,5.6125055083
5.575382,930297,326,0,4.8521131365,5.3820524088
5.917078,930298,326,0,4.2284266226,5.0044916562
3.54544,1240212,326,0,3.1566702035,5.687384494
4.691038,1298134,326,4.4140067546,3.2231998158,5.2675923994
4.288887,687505,329,3.3782014768,3.0252558276,5.6090773638
5.232117,687506,329,0,3.4793992429,5.4320796759
4.854632,724839,329,0,3.9570779615,5.4131136837
2.692351,906824,329,6.3018233858,2.9956604313,5.9173867453
4.487059,906843,329,0,2.9478359226,5.5199455439
3.993578,907068,329,0,3.6321368395,5.6125055083
5.575382,930297,329,0,4.8521131365,5.3820524088
5.917168,930298,329,0,4.2284266226,5.0044916562
3.647858,1240212,329,0,3.1566702035,5.687384494
4.814792,1298134,329,4.4140067546,3.2231998158,5.2675923994
3.076125,687505,330,3.3782014768,3.0252558276,5.6090773638
3.94805,687506,330,0,3.4793992429,5.4320796759
4.32244,724839,330,0,3.9570779615,5.4131136837
1.152357,906824,330,6.3018233858,2.9956604313,5.9173867453
3.591477,906843,330,0,2.9478359226,5.5199455439
3.92788,907068,330,0,3.6321368395,5.6125055083
5.575382,930297,330,0,4.8521131365,5.3820524088
5.917168,930298,330,0,4.2284266226,5.0044916562
3.111729,1240212,330,0,3.1566702035,5.687384494
3.14381,1298134,330,4.4140067546,3.2231998158,5.2675923994
0.095879,687505,331,3.3782014768,3.0252558276,5.6090773638
3.002776,687506,331,0,3.4793992429,5.4320796759
2.738968,724839,331,0,3.9570779615,5.4131136837
-0.849215,906824,331,6.3018233858,2.9956604313,5.9173867453
2.005909,906843,331,0,2.9478359226,5.5199455439
1.42757,907068,331,0,3.6321368395,5.6125055083
3.689609,930297,331,0,4.8521131365,5.3820524088
5.66792,930298,331,0,4.2284266226,5.0044916562
1.239036,1240212,331,0,3.1566702035,5.687384494
3.36433,1298134,331,4.4140067546,3.2231998158,5.2675923994
2.637468,687505,345,3.3782014768,3.0252558276,5.6090773638
4.756305,687506,345,0,3.4793992429,5.4320796759
5.148159,724839,345,0,3.9570779615,5.4131136837
4.722765,906824,345,6.3018233858,2.9956604313,5.9173867453
4.595687,906843,345,0,2.9478359226,5.5199455439
5.350152,907068,345,0,3.6321368395,5.6125055083
6.199674,930297,345,0,4.8521131365,5.3820524088
6.505031,930298,345,0,4.2284266226,5.0044916562
5.453521,1240212,345,0,3.1566702035,5.687384494
4.686968,1298134,345,4.4140067546,3.2231998158,5.2675923994
0.252631,687505,1010,3.3782014768,3.0252558276,5.6090773638
0.838366,687506,1010,0,3.4793992429,5.4320796759
2.506235,724839,1010,0,3.9570779615,5.4131136837
0.4332,906824,1010,6.3018233858,2.9956604313,5.9173867453
-0.180769,906843,1010,0,2.9478359226,5.5199455439
-0.177048,907068,1010,0,3.6321368395,5.6125055083
2.421822,930297,1010,0,4.8521131365,5.3820524088
1.736261,930298,1010,0,4.2284266226,5.0044916562
0.992523,946357,1010,0,3.1976712244,5.6306040107
0.776019,1240212,1010,0,3.1566702035,5.687384494
1.24288,1298134,1010,4.4140067546,3.2231998158,5.2675923994
3.242462,687505,1013,3.3782014768,3.0252558276,5.6090773638
3.599744,687506,1013,0,3.4793992429,5.4320796759
3.865109,724839,1013,0,3.9570779615,5.4131136837
1.875673,906824,1013,6.3018233858,2.9956604313,5.9173867453
2.374419,906843,1013,0,2.9478359226,5.5199455439
2.758372,907068,1013,0,3.6321368395,5.6125055083
3.942228,930297,1013,0,4.8521131365,5.3820524088
4.284013,930298,1013,0,4.2284266226,5.0044916562
2.48759,946357,1013,0,3.1976712244,5.6306040107
2.454391,1298134,1013,4.4140067546,3.2231998158,5.2675923994
2.871859,687505,1015,3.3782014768,3.0252558276,5.6090773638
1.775422,687506,1015,0,3.4793992429,5.4320796759
2.624462,724839,1015,0,3.9570779615,5.4131136837
2.871922,906824,1015,6.3018233858,2.9956604313,5.9173867453
2.97792,906843,1015,0,2.9478359226,5.5199455439
2.596193,907068,1015,0,3.6321368395,5.6125055083
3.662708,930297,1015,0,4.8521131365,5.3820524088
4.037983,930298,1015,0,4.2284266226,5.0044916562
1.739672,946357,1015,0,3.1976712244,5.6306040107
-0.812389,687505,1019,3.3782014768,3.0252558276,5.6090773638
0.170651,687506,1019,0,3.4793992429,5.4320796759
-1.619369,724839,1019,0,3.9570779615,5.4131136837
-0.829439,906824,1019,6.3018233858,2.9956604313,5.9173867453
0.98617,906843,1019,0,2.9478359226,5.5199455439
2.925975,907068,1019,0,3.6321368395,5.6125055083
3.85113,930297,1019,0,4.8521131365,5.3820524088
3.373109,930298,1019,0,4.2284266226,5.0044916562
2.493211,946357,1019,0,3.1976712244,5.6306040107
1.560269,1240212,1019,0,3.1566702035,5.687384494
1.422156,1298134,1019,4.4140067546,3.2231998158,5.2675923994
1.719421,687505,1021,3.3782014768,3.0252558276,5.6090773638
0.616808,687506,1021,0,3.4793992429,5.4320796759
1.033058,906824,1021,6.3018233858,2.9956604313,5.9173867453
2.186612,906843,1021,0,2.9478359226,5.5199455439
2.958064,907068,1021,0,3.6321368395,5.6125055083
2.122911,930297,1021,0,4.8521131365,5.3820524088
2.376327,930298,1021,0,4.2284266226,5.0044916562
0.789036,946357,1021,0,3.1976712244,5.6306040107
1.773051,1240212,1021,0,3.1566702035,5.687384494
0.515284,1298134,1021,4.4140067546,3.2231998158,5.2675923994
-1.985869,687505,1022,3.3782014768,3.0252558276,5.6090773638
-2.55886,687506,1022,0,3.4793992429,5.4320796759
-3.130332,724839,1022,0,3.9570779615,5.4131136837
-2.180316,906824,1022,6.3018233858,2.9956604313,5.9173867453
-0.319864,906843,1022,0,2.9478359226,5.5199455439
-0.627223,907068,1022,0,3.6321368395,5.6125055083
-0.024071,930297,1022,0,4.8521131365,5.3820524088
-0.263989,930298,1022,0,4.2284266226,5.0044916562
-1.230573,946357,1022,0,3.1976712244,5.6306040107
-0.845847,1240212,1022,0,3.1566702035,5.687384494
-0.462208,1298134,1022,4.4140067546,3.2231998158,5.2675923994
2.129167,687505,1023,3.3782014768,3.0252558276,5.6090773638
1.098656,687506,1023,0,3.4793992429,5.4320796759
-1.578047,724839,1023,0,3.9570779615,5.4131136837
1.167919,906824,1023,6.3018233858,2.9956604313,5.9173867453
1.956468,906843,1023,0,2.9478359226,5.5199455439
1.4236,907068,1023,0,3.6321368395,5.6125055083
1.102668,930297,1023,0,4.8521131365,5.3820524088
1.804576,930298,1023,0,4.2284266226,5.0044916562
2.860309,946357,1023,0,3.1976712244,5.6306040107
2.13112,1240212,1023,0,3.1566702035,5.687384494
1.540105,1298134,1023,4.4140067546,3.2231998158,5.2675923994
-0.55637,687505,1024,3.3782014768,3.0252558276,5.6090773638
-1.383121,687506,1024,0,3.4793992429,5.4320796759
-0.316577,724839,1024,0,3.9570779615,5.4131136837
-1.900542,906824,1024,6.3018233858,2.9956604313,5.9173867453
0.124504,906843,1024,0,2.9478359226,5.5199455439
-0.812626,907068,1024,0,3.6321368395,5.6125055083
0.519061,930297,1024,0,4.8521131365,5.3820524088
-1.464638,930298,1024,0,4.2284266226,5.0044916562
-1.293987,946357,1024,0,3.1976712244,5.6306040107
-0.923609,1240212,1024,0,3.1566702035,5.687384494
-0.655991,1298134,1024,4.4140067546,3.2231998158,5.2675923994
4.8519,687505,1025,3.3782014768,3.0252558276,5.6090773638
5.064622,906824,1025,6.3018233858,2.9956604313,5.9173867453
4.700571,907068,1025,0,3.6321368395,5.6125055083
5.358259,930297,1025,0,4.8521131365,5.3820524088
4.888994,930298,1025,0,4.2284266226,5.0044916562
4.455939,946357,1025,0,3.1976712244,5.6306040107
3.21599,687505,1028,3.3782014768,3.0252558276,5.6090773638
3.591184,687506,1028,0,3.4793992429,5.4320796759
3.878063,724839,1028,0,3.9570779615,5.4131136837
2.886614,906824,1028,6.3018233858,2.9956604313,5.9173867453
2.356764,906843,1028,0,2.9478359226,5.5199455439
3.356519,907068,1028,0,3.6321368395,5.6125055083
3.939596,930297,1028,0,4.8521131365,5.3820524088
4.263225,930298,1028,0,4.2284266226,5.0044916562
2.751106,946357,1028,0,3.1976712244,5.6306040107
3.150185,1240212,1028,0,3.1566702035,5.687384494
2.299105,1298134,1028,4.4140067546,3.2231998158,5.2675923994
2.45424,687505,1029,3.3782014768,3.0252558276,5.6090773638
3.268336,687506,1029,0,3.4793992429,5.4320796759
1.155211,724839,1029,0,3.9570779615,5.4131136837
3.078867,906824,1029,6.3018233858,2.9956604313,5.9173867453
2.819138,906843,1029,0,2.9478359226,5.5199455439
2.857531,907068,1029,0,3.6321368395,5.6125055083
2.337441,930297,1029,0,4.8521131365,5.3820524088
4.08747,930298,1029,0,4.2284266226,5.0044916562
2.688641,946357,1029,0,3.1976712244,5.6306040107
1.850171,1240212,1029,0,3.1566702035,5.687384494
2.021837,1298134,1029,4.4140067546,3.2231998158,5.2675923994
4.16567,687505,1030,3.3782014768,3.0252558276,5.6090773638
3.772761,687506,1030,0,3.4793992429,5.4320796759
5.247524,724839,1030,0,3.9570779615,5.4131136837
4.00212,906824,1030,6.3018233858,2.9956604313,5.9173867453
2.640365,906843,1030,0,2.9478359226,5.5199455439
3.827687,907068,1030,0,3.6321368395,5.6125055083
5.551666,930297,1030,0,4.8521131365,5.3820524088
4.13003,930298,1030,0,4.2284266226,5.0044916562
3.546892,946357,1030,0,3.1976712244,5.6306040107
3.52201,1240212,1030,0,3.1566702035,5.687384494
4.611177,1298134,1030,4.4140067546,3.2231998158,5.2675923994
3.079739,687505,1037,3.3782014768,3.0252558276,5.6090773638
2.967237,687506,1037,0,3.4793992429,5.4320796759
2.831384,724839,1037,0,3.9570779615,5.4131136837
1.665931,906824,1037,6.3018233858,2.9956604313,5.9173867453
0.834053,906843,1037,0,2.9478359226,5.5199455439
1.919281,907068,1037,0,3.6321368395,5.6125055083
3.561716,930297,1037,0,4.8521131365,5.3820524088
2.523582,930298,1037,0,4.2284266226,5.0044916562
0.743734,946357,1037,0,3.1976712244,5.6306040107
1.627341,1240212,1037,0,3.1566702035,5.687384494
1.699551,1298134,1037,4.4140067546,3.2231998158,5.2675923994
2.568908,687505,1038,3.3782014768,3.0252558276,5.6090773638
2.894451,687506,1038,0,3.4793992429,5.4320796759
3.315961,724839,1038,0,3.9570779615,5.4131136837
2.197149,906824,1038,6.3018233858,2.9956604313,5.9173867453
2.681597,906843,1038,0,2.9478359226,5.5199455439
2.453698,907068,1038,0,3.6321368395,5.6125055083
3.518634,930297,1038,0,4.8521131365,5.3820524088
2.878977,930298,1038,0,4.2284266226,5.0044916562
1.846186,946357,1038,0,3.1976712244,5.6306040107
2.37796,1240212,1038,0,3.1566702035,5.687384494
3.218232,1298134,1038,4.4140067546,3.2231998158,5.2675923994
4.577833,687505,1039,3.3782014768,3.0252558276,5.6090773638
5.210176,687506,1039,0,3.4793992429,5.4320796759
5.501967,724839,1039,0,3.9570779615,5.4131136837
5.096674,906824,1039,6.3018233858,2.9956604313,5.9173867453
4.682358,906843,1039,0,2.9478359226,5.5199455439
4.658091,907068,1039,0,3.6321368395,5.6125055083
5.893451,930298,1039,0,4.2284266226,5.0044916562
4.454981,946357,1039,0,3.1976712244,5.6306040107
3.888909,687505,1042,3.3782014768,3.0252558276,5.6090773638
3.549976,687506,1042,0,3.4793992429,5.4320796759
2.001373,724839,1042,0,3.9570779615,5.4131136837
2.682411,906824,1042,6.3018233858,2.9956604313,5.9173867453
4.424837,906843,1042,0,2.9478359226,5.5199455439
3.523117,907068,1042,0,3.6321368395,5.6125055083
3.054405,930297,1042,0,4.8521131365,5.3820524088
5.635599,930298,1042,0,4.2284266226,5.0044916562
3.789592,946357,1042,0,3.1976712244,5.6306040107
3.671213,1240212,1042,0,3.1566702035,5.687384494
2.944535,1298134,1042,4.4140067546,3.2231998158,5.2675923994
4.125015,687505,1043,3.3782014768,3.0252558276,5.6090773638
5.098308,687506,1043,0,3.4793992429,5.4320796759
3.010915,724839,1043,0,3.9570779615,5.4131136837
4.100418,906824,1043,6.3018233858,2.9956604313,5.9173867453
4.57782,906843,1043,0,2.9478359226,5.5199455439
4.451064,907068,1043,0,3.6321368395,5.6125055083
5.314933,930297,1043,0,4.8521131365,5.3820524088
5.773492,930298,1043,0,4.2284266226,5.0044916562
4.267179,946357,1043,0,3.1976712244,5.6306040107
4.387221,1240212,1043,0,3.1566702035,5.687384494
4.429852,1298134,1043,4.4140067546,3.2231998158,5.2675923994
2.576153,687505,1046,3.3782014768,3.0252558276,5.6090773638
3.120188,687506,1046,0,3.4793992429,5.4320796759
2.01605,906824,1046,6.3018233858,2.9956604313,5.9173867453
1.816873,906843,1046,0,2.9478359226,5.5199455439
1.815462,907068,1046,0,3.6321368395,5.6125055083
3.744662,930297,1046,0,4.8521131365,5.3820524088
2.470246,930298,1046,0,4.2284266226,5.0044916562
2.57999,946357,1046,0,3.1976712244,5.6306040107
3.153716,1240212,1046,0,3.1566702035,5.687384494
3.125966,1298134,1046,4.4140067546,3.2231998158,5.2675923994
3.242462,687505,1049,3.3782014768,3.0252558276,5.6090773638
3.598915,687506,1049,0,3.4793992429,5.4320796759
3.780984,724839,1049,0,3.9570779615,5.4131136837
2.919471,906824,1049,6.3018233858,2.9956604313,5.9173867453
1.807954,906843,1049,0,2.9478359226,5.5199455439
3.365458,907068,1049,0,3.6321368395,5.6125055083
3.904024,930297,1049,0,4.8521131365,5.3820524088
4.284013,930298,1049,0,4.2284266226,5.0044916562
2.26452,946357,1049,0,3.1976712244,5.6306040107
3.153716,1240212,1049,0,3.1566702035,5.687384494
1.576345,1298134,1049,4.4140067546,3.2231998158,5.2675923994
2.640904,687505,1050,3.3782014768,3.0252558276,5.6090773638
2.738102,687506,1050,0,3.4793992429,5.4320796759
2.704884,724839,1050,0,3.9570779615,5.4131136837
1.761194,906824,1050,6.3018233858,2.9956604313,5.9173867453
3.662789,906843,1050,0,2.9478359226,5.5199455439
3.85327,907068,1050,0,3.6321368395,5.6125055083
3.023224,930298,1050,0,4.2284266226,5.0044916562
0.089056,946357,1050,0,3.1976712244,5.6306040107
3.187698,687505,1052,3.3782014768,3.0252558276,5.6090773638
2.434778,687506,1052,0,3.4793992429,5.4320796759
2.12733,724839,1052,0,3.9570779615,5.4131136837
1.800969,906824,1052,6.3018233858,2.9956604313,5.9173867453
2.913446,906843,1052,0,2.9478359226,5.5199455439
2.585581,907068,1052,0,3.6321368395,5.6125055083
2.958009,930297,1052,0,4.8521131365,5.3820524088
2.043671,930298,1052,0,4.2284266226,5.0044916562
3.569665,946357,1052,0,3.1976712244,5.6306040107
3.781418,1240212,1052,0,3.1566702035,5.687384494
3.384532,1298134,1052,4.4140067546,3.2231998158,5.2675923994
3.085294,687505,1053,3.3782014768,3.0252558276,5.6090773638
1.045583,687506,1053,0,3.4793992429,5.4320796759
1.693233,724839,1053,0,3.9570779615,5.4131136837
0.009915,906824,1053,6.3018233858,2.9956604313,5.9173867453
2.335699,906843,1053,0,2.9478359226,5.5199455439
2.542177,907068,1053,0,3.6321368395,5.6125055083
1.617293,930297,1053,0,4.8521131365,5.3820524088
1.355562,930298,1053,0,4.2284266226,5.0044916562
2.489995,946357,1053,0,3.1976712244,5.6306040107
0.746872,1240212,1053,0,3.1566702035,5.687384494
2.39118,1298134,1053,4.4140067546,3.2231998158,5.2675923994
3.934149,687505,1054,3.3782014768,3.0252558276,5.6090773638
3.976156,687506,1054,0,3.4793992429,5.4320796759
4.105699,724839,1054,0,3.9570779615,5.4131136837
2.337987,906824,1054,6.3018233858,2.9956604313,5.9173867453
3.632841,906843,1054,0,2.9478359226,5.5199455439
4.038493,907068,1054,0,3.6321368395,5.6125055083
4.431247,930297,1054,0,4.8521131365,5.3820524088
4.951174,930298,1054,0,4.2284266226,5.0044916562
3.552902,946357,1054,0,3.1976712244,5.6306040107
3.846863,1240212,1054,0,3.1566702035,5.687384494
3.690038,1298134,1054,4.4140067546,3.2231998158,5.2675923994
-2.271119,687505,1057,3.3782014768,3.0252558276,5.6090773638
-1.658539,687506,1057,0,3.4793992429,5.4320796759
-0.846415,724839,1057,0,3.9570779615,5.4131136837
-2.800573,906824,1057,6.3018233858,2.9956604313,5.9173867453
-0.82852,906843,1057,0,2.9478359226,5.5199455439
-1.107338,907068,1057,0,3.6321368395,5.6125055083
-1.536352,930297,1057,0,4.8521131365,5.3820524088
-1.836328,930298,1057,0,4.2284266226,5.0044916562
-1.770765,946357,1057,0,3.1976712244,5.6306040107
-2.786754,1240212,1057,0,3.1566702035,5.687384494
-1.462096,1298134,1057,4.4140067546,3.2231998158,5.2675923994
0.013191,687505,1059,3.3782014768,3.0252558276,5.6090773638
0.67934,687506,1059,0,3.4793992429,5.4320796759
1.474538,724839,1059,0,3.9570779615,5.4131136837
-0.195814,906824,1059,6.3018233858,2.9956604313,5.9173867453
1.175597,906843,1059,0,2.9478359226,5.5199455439
0.416111,907068,1059,0,3.6321368395,5.6125055083
1.051691,930297,1059,0,4.8521131365,5.3820524088
0.459615,930298,1059,0,4.2284266226,5.0044916562
-0.325841,946357,1059,0,3.1976712244,5.6306040107
-0.146077,1240212,1059,0,3.1566702035,5.687384494
1.40893,1298134,1059,4.4140067546,3.2231998158,5.2675923994
-1.117648,687505,1060,3.3782014768,3.0252558276,5.6090773638
-3.292629,687506,1060,0,3.4793992429,5.4320796759
-3.254987,724839,1060,0,3.9570779615,5.4131136837
-1.838775,906824,1060,6.3018233858,2.9956604313,5.9173867453
-0.485075,906843,1060,0,2.9478359226,5.5199455439
-1.61617,907068,1060,0,3.6321368395,5.6125055083
-1.692047,930297,1060,0,4.8521131365,5.3820524088
-2.141222,930298,1060,0,4.2284266226,5.0044916562
-0.357815,946357,1060,0,3.1976712244,5.6306040107
-2.450639,1240212,1060,0,3.1566702035,5.687384494
-0.36994,1298134,1060,4.4140067546,3.2231998158,5.2675923994
4.158753,687505,1061,3.3782014768,3.0252558276,5.6090773638
4.517029,687506,1061,0,3.4793992429,5.4320796759
4.647815,724839,1061,0,3.9570779615,5.4131136837
2.889239,906843,1061,0,2.9478359226,5.5199455439
4.281748,907068,1061,0,3.6321368395,5.6125055083
4.858518,930297,1061,0,4.8521131365,5.3820524088
5.200304,930298,1061,0,4.2284266226,5.0044916562
3.625544,946357,1061,0,3.1976712244,5.6306040107
4.070007,1240212,1061,0,3.1566702035,5.687384494
4.134523,1298134,1061,4.4140067546,3.2231998158,5.2675923994
3.064918,687505,1129,3.3782014768,3.0252558276,5.6090773638
4.845302,687506,1129,0,3.4793992429,5.4320796759
4.009893,724839,1129,0,3.9570779615,5.4131136837
5.088885,906824,1129,6.3018233858,2.9956604313,5.9173867453
4.099389,906843,1129,0,2.9478359226,5.5199455439
4.095309,907068,1129,0,3.6321368395,5.6125055083
4.515075,930298,1129,0,4.2284266226,5.0044916562
2.573175,946357,1129,0,3.1976712244,5.6306040107
4.475295,1240212,1129,0,3.1566702035,5.687384494
4.202491,1298134,1129,4.4140067546,3.2231998158,5.2675923994
1.842158,687506,1142,0,3.4793992429,5.4320796759
1.677758,906843,1142,0,2.9478359226,5.5199455439
3.871295,687506,1143,0,3.4793992429,5.4320796759
3.758858,906843,1143,0,2.9478359226,5.5199455439
3.172632,687506,1158,0,3.4793992429,5.4320796759
3.774136,906843,1158,0,2.9478359226,5.5199455439
3.174866,687506,1161,0,3.4793992429,5.4320796759
0.856971,906843,1161,0,2.9478359226,5.5199455439
3.383784,687506,1164,0,3.4793992429,5.4320796759
2.41005,906843,1164,0,2.9478359226,5.5199455439
2.736097,687505,1194,3.3782014768,3.0252558276,5.6090773638
5.081686,687506,1194,0,3.4793992429,5.4320796759
4.889338,724839,1194,0,3.9570779615,5.4131136837
4.123215,906824,1194,6.3018233858,2.9956604313,5.9173867453
4.676566,906843,1194,0,2.9478359226,5.5199455439
4.660794,907068,1194,0,3.6321368395,5.6125055083
5.066307,930297,1194,0,4.8521131365,5.3820524088
5.217184,930298,1194,0,4.2284266226,5.0044916562
0.946064,946357,1194,0,3.1976712244,5.6306040107
4.440037,1240212,1194,0,3.1566702035,5.687384494
2.519087,1298134,1194,4.4140067546,3.2231998158,5.2675923994
5.081686,687506,1203,0,3.4793992429,5.4320796759
2.146546,906843,1203,0,2.9478359226,5.5199455439
2.151599,687505,1219,3.3782014768,3.0252558276,5.6090773638
3.228838,724839,1219,0,3.9570779615,5.4131136837
1.149748,906824,1219,6.3018233858,2.9956604313,5.9173867453
2.581168,906843,1219,0,2.9478359226,5.5199455439
1.792695,907068,1219,0,3.6321368395,5.6125055083
1.955518,930297,1219,0,4.8521131365,5.3820524088
3.332847,930298,1219,0,4.2284266226,5.0044916562
0.433432,946357,1219,0,3.1976712244,5.6306040107
1.970036,1240212,1219,0,3.1566702035,5.687384494
2.757349,1298134,1219,4.4140067546,3.2231998158,5.2675923994
-0.264902,687505,1242,3.3782014768,3.0252558276,5.6090773638
0.207382,687506,1242,0,3.4793992429,5.4320796759
-0.7249,724839,1242,0,3.9570779615,5.4131136837
0.848732,906824,1242,6.3018233858,2.9956604313,5.9173867453
-1.050841,906843,1242,0,2.9478359226,5.5199455439
1.366081,907068,1242,0,3.6321368395,5.6125055083
1.050147,930297,1242,0,4.8521131365,5.3820524088
2.352239,930298,1242,0,4.2284266226,5.0044916562
0.980024,946357,1242,0,3.1976712244,5.6306040107
0.513106,1240212,1242,0,3.1566702035,5.687384494
0.423492,1298134,1242,4.4140067546,3.2231998158,5.2675923994
-3.245668,687505,1372,3.3782014768,3.0252558276,5.6090773638
-2.310985,724839,1372,0,3.9570779615,5.4131136837
0.124706,906824,1372,6.3018233858,2.9956604313,5.9173867453
1.080233,906843,1372,0,2.9478359226,5.5199455439
-1.966119,907068,1372,0,3.6321368395,5.6125055083
0.756557,930297,1372,0,4.8521131365,5.3820524088
0.907088,930298,1372,0,4.2284266226,5.0044916562
-0.836492,946357,1372,0,3.1976712244,5.6306040107
-1.103484,1298134,1372,4.4140067546,3.2231998158,5.2675923994
2.87496,687505,1373,3.3782014768,3.0252558276,5.6090773638
4.991399,724839,1373,0,3.9570779615,5.4131136837
3.763777,906824,1373,6.3018233858,2.9956604313,5.9173867453
4.116786,906843,1373,0,2.9478359226,5.5199455439
4.718965,907068,1373,0,3.6321368395,5.6125055083
5.247974,930297,1373,0,4.8521131365,5.3820524088
5.150091,930298,1373,0,4.2284266226,5.0044916562
3.358675,946357,1373,0,3.1976712244,5.6306040107
2.99731,1240212,1373,0,3.1566702035,5.687384494
4.711396,1298134,1373,4.4140067546,3.2231998158,5.2675923994
-1.116595874,687505,1032,3.3782014768,3.0252558276,5.6090773638
-0.596716,687506,1032,0,3.4793992429,5.4320796759
3.3608037206,724839,1032,0,3.9570779615,5.4131136837
0.5746019466,906824,1032,6.3018233858,2.9956604313,5.9173867453
0.241058187,906843,1032,0,2.9478359226,5.5199455439
-0.037507416,907068,1032,0,3.6321368395,5.6125055083
3.8777175721,930297,1032,0,4.8521131365,5.3820524088
1.3669343729,930298,1032,0,4.2284266226,5.0044916562
0.9165116716,946357,1032,0,3.1976712244,5.6306040107
1.8069298903,1240212,1032,0,3.1566702035,5.687384494
2.1544620887,1298134,1032,4.4140067546,3.2231998158,5.2675923994
1.6821984999,687505,1014,3.3782014768,3.0252558276,5.6090773638
2.2554195022,687506,1014,0,3.4793992429,5.4320796759
0.6709490986,724839,1014,0,3.9570779615,5.4131136837
2.0942045598,906824,1014,6.3018233858,2.9956604313,5.9173867453
2.587686,906843,1014,0,2.9478359226,5.5199455439
1.5284256338,907068,1014,0,3.6321368395,5.6125055083
2.5927877529,930297,1014,0,4.8521131365,5.3820524088
4.0474260009,930298,1014,0,4.2284266226,5.0044916562
1.0459559072,946357,1014,0,3.1976712244,5.6306040107
0.856454262,1240212,1014,0,3.1566702035,5.687384494
2.668915958,1298134,1014,4.4140067546,3.2231998158,5.2675923994
