IC50,Cancer,Drug,REC_R_HSA_141409,REC_R_HSA_141409_EXP,GO_0030878_EXP,CLS_average_ploidy
3.64169,910691,1,0,0,0,2.2577327546
0.799783,930082,1,0,0,6.9632637271,2.0219194553
3.972882,910691,5,0,0,0,2.2577327546
3.534226,924187,5,1,4.7143561173,0,2.6533508085
0.830005,930082,5,0,0,6.9632637271,2.0219194553
3.539677,910691,6,0,0,0,2.2577327546
3.297155,924187,6,1,4.7143561173,0,2.6533508085
2.336064,930082,6,0,0,6.9632637271,2.0219194553
3.380056,910691,29,0,0,0,2.2577327546
0.8642,930082,29,0,0,6.9632637271,2.0219194553
2.420028,910691,30,0,0,0,2.2577327546
2.336796,930082,30,0,0,6.9632637271,2.0219194553
0.886639,910691,32,0,0,0,2.2577327546
2.583061,924187,32,1,4.7143561173,0,2.6533508085
-1.936889,930082,32,0,0,6.9632637271,2.0219194553
3.125124,910691,34,0,0,0,2.2577327546
4.187025,924187,34,1,4.7143561173,0,2.6533508085
2.336243,930082,34,0,0,6.9632637271,2.0219194553
2.334775,910691,35,0,0,0,2.2577327546
2.30349,924187,35,1,4.7143561173,0,2.6533508085
-0.686207,930082,35,0,0,6.9632637271,2.0219194553
3.110071,910691,37,0,0,0,2.2577327546
3.755156,924187,37,1,4.7143561173,0,2.6533508085
0.83085,930082,37,0,0,6.9632637271,2.0219194553
3.479497,910691,38,0,0,0,2.2577327546
1.699622,924187,38,1,4.7143561173,0,2.6533508085
0.562325,930082,38,0,0,6.9632637271,2.0219194553
1.648891,910691,51,0,0,0,2.2577327546
-2.316504,924187,51,1,4.7143561173,0,2.6533508085
-2.800373,930082,51,0,0,6.9632637271,2.0219194553
2.545646,910691,52,0,0,0,2.2577327546
3.190022,924187,52,1,4.7143561173,0,2.6533508085
0.618159,930082,52,0,0,6.9632637271,2.0219194553
-2.214281,910691,53,0,0,0,2.2577327546
-2.772782,924187,53,1,4.7143561173,0,2.6533508085
-3.189763,930082,53,0,0,6.9632637271,2.0219194553
3.760932,910691,54,0,0,0,2.2577327546
1.875022,924187,54,1,4.7143561173,0,2.6533508085
1.095107,930082,54,0,0,6.9632637271,2.0219194553
4.09921,910691,55,0,0,0,2.2577327546
0.330918,924187,55,1,4.7143561173,0,2.6533508085
-0.815802,930082,55,0,0,6.9632637271,2.0219194553
3.804584,910691,56,0,0,0,2.2577327546
-0.263269,924187,56,1,4.7143561173,0,2.6533508085
-0.11246,930082,56,0,0,6.9632637271,2.0219194553
5.121062,910691,59,0,0,0,2.2577327546
3.118655,924187,59,1,4.7143561173,0,2.6533508085
2.438339,930082,59,0,0,6.9632637271,2.0219194553
-2.503141,910691,60,0,0,0,2.2577327546
-1.01954,924187,60,1,4.7143561173,0,2.6533508085
-3.92596,930082,60,0,0,6.9632637271,2.0219194553
4.391354,910691,63,0,0,0,2.2577327546
4.350625,924187,63,1,4.7143561173,0,2.6533508085
1.615005,930082,63,0,0,6.9632637271,2.0219194553
2.588104,910691,64,0,0,0,2.2577327546
2.0881,924187,64,1,4.7143561173,0,2.6533508085
1.092362,930082,64,0,0,6.9632637271,2.0219194553
-2.851566,910691,83,0,0,0,2.2577327546
-4.692665,930082,83,0,0,6.9632637271,2.0219194553
-2.458176,910691,86,0,0,0,2.2577327546
-1.671104,924187,86,1,4.7143561173,0,2.6533508085
-3.697383,930082,86,0,0,6.9632637271,2.0219194553
-2.994851,910691,87,0,0,0,2.2577327546
-1.949234,924187,87,1,4.7143561173,0,2.6533508085
-4.44524,930082,87,0,0,6.9632637271,2.0219194553
4.511931,910691,91,0,0,0,2.2577327546
3.656679,930082,91,0,0,6.9632637271,2.0219194553
2.837127,910691,106,0,0,0,2.2577327546
2.175758,930082,106,0,0,6.9632637271,2.0219194553
3.656439,910691,110,0,0,0,2.2577327546
3.728418,930082,110,0,0,6.9632637271,2.0219194553
3.39061,910691,119,0,0,0,2.2577327546
0.433177,930082,119,0,0,6.9632637271,2.0219194553
2.402868,907000,152,0,0,0,2.0060246273
4.904537,907051,152,2,8.9210509035,0,3.4323658044
2.754186,908130,152,0,0,0,1.9667921549
1.31293,909735,152,0,0,14.449119202,1.9784991522
1.70786,910691,152,0,0,0,2.2577327546
2.747536,910781,152,1,4.8081334031,5.5312781323,2.1709069768
2.335331,924187,152,1,4.7143561173,0,2.6533508085
3.223073,930082,152,0,0,6.9632637271,2.0219194553
2.738897,1240127,152,2,8.7835949774,0,3.6815714119
2.578577,1240174,152,1,4.2286055327,0,1.931980783
-0.781285,907000,153,0,0,0,2.0060246273
0.525454,907051,153,2,8.9210509035,0,3.4323658044
0.196021,908130,153,0,0,0,1.9667921549
-0.534157,909735,153,0,0,14.449119202,1.9784991522
0.820125,910691,153,0,0,0,2.2577327546
-1.245863,910781,153,1,4.8081334031,5.5312781323,2.1709069768
0.94215,924187,153,1,4.7143561173,0,2.6533508085
-0.715216,930082,153,0,0,6.9632637271,2.0219194553
0.010892,1240127,153,2,8.7835949774,0,3.6815714119
-0.20126,1240174,153,1,4.2286055327,0,1.931980783
-0.948643,907000,155,0,0,0,2.0060246273
0.155268,907051,155,2,8.9210509035,0,3.4323658044
-2.292729,908130,155,0,0,0,1.9667921549
-0.255824,909735,155,0,0,14.449119202,1.9784991522
2.150359,910691,155,0,0,0,2.2577327546
-3.847162,910781,155,1,4.8081334031,5.5312781323,2.1709069768
1.285271,924187,155,1,4.7143561173,0,2.6533508085
-0.002869,930082,155,0,0,6.9632637271,2.0219194553
2.772595,1240127,155,2,8.7835949774,0,3.6815714119
0.212169,1240174,155,1,4.2286055327,0,1.931980783
-0.308018,907000,157,0,0,0,2.0060246273
0.073242,907051,157,2,8.9210509035,0,3.4323658044
-1.695922,908130,157,0,0,0,1.9667921549
-1.086057,909735,157,0,0,14.449119202,1.9784991522
-0.458178,910691,157,0,0,0,2.2577327546
-1.208971,910781,157,1,4.8081334031,5.5312781323,2.1709069768
0.656559,924187,157,1,4.7143561173,0,2.6533508085
-0.88111,930082,157,0,0,6.9632637271,2.0219194553
0.834827,1240127,157,2,8.7835949774,0,3.6815714119
-0.609028,1240174,157,1,4.2286055327,0,1.931980783
1.420533,907000,158,0,0,0,2.0060246273
2.070258,907051,158,2,8.9210509035,0,3.4323658044
0.863852,908130,158,0,0,0,1.9667921549
1.684674,909735,158,0,0,14.449119202,1.9784991522
1.907075,910691,158,0,0,0,2.2577327546
0.428094,910781,158,1,4.8081334031,5.5312781323,2.1709069768
3.098141,924187,158,1,4.7143561173,0,2.6533508085
1.211991,930082,158,0,0,6.9632637271,2.0219194553
3.31409,1240127,158,2,8.7835949774,0,3.6815714119
0.85319,1240174,158,1,4.2286055327,0,1.931980783
0.091934,907000,159,0,0,0,2.0060246273
0.676326,907051,159,2,8.9210509035,0,3.4323658044
-2.172091,908130,159,0,0,0,1.9667921549
-1.464684,909735,159,0,0,14.449119202,1.9784991522
2.254633,910691,159,0,0,0,2.2577327546
-1.887505,910781,159,1,4.8081334031,5.5312781323,2.1709069768
0.878653,924187,159,1,4.7143561173,0,2.6533508085
0.805648,930082,159,0,0,6.9632637271,2.0219194553
4.916962,1240127,159,2,8.7835949774,0,3.6815714119
-0.240878,1240174,159,1,4.2286055327,0,1.931980783
0.922248,907000,167,0,0,0,2.0060246273
1.368892,907051,167,2,8.9210509035,0,3.4323658044
1.368588,908130,167,0,0,0,1.9667921549
1.037964,909735,167,0,0,14.449119202,1.9784991522
1.935976,910691,167,0,0,0,2.2577327546
0.919349,910781,167,1,4.8081334031,5.5312781323,2.1709069768
3.147392,924187,167,1,4.7143561173,0,2.6533508085
2.760855,1240127,167,2,8.7835949774,0,3.6815714119
0.569869,1240174,167,1,4.2286055327,0,1.931980783
2.472582,907000,176,0,0,0,2.0060246273
3.565115,907051,176,2,8.9210509035,0,3.4323658044
2.892675,908130,176,0,0,0,1.9667921549
1.886942,909735,176,0,0,14.449119202,1.9784991522
3.37176,910691,176,0,0,0,2.2577327546
2.147424,910781,176,1,4.8081334031,5.5312781323,2.1709069768
3.886045,924187,176,1,4.7143561173,0,2.6533508085
6.884232,1240127,176,2,8.7835949774,0,3.6815714119
3.36906,1240174,176,1,4.2286055327,0,1.931980783
2.289682,907000,177,0,0,0,2.0060246273
2.818355,907051,177,2,8.9210509035,0,3.4323658044
2.148439,908130,177,0,0,0,1.9667921549
0.589609,909735,177,0,0,14.449119202,1.9784991522
2.232829,910691,177,0,0,0,2.2577327546
1.650705,910781,177,1,4.8081334031,5.5312781323,2.1709069768
4.619429,924187,177,1,4.7143561173,0,2.6533508085
4.040741,1240127,177,2,8.7835949774,0,3.6815714119
1.156456,1240174,177,1,4.2286055327,0,1.931980783
1.311162,907000,178,0,0,0,2.0060246273
1.797895,907051,178,2,8.9210509035,0,3.4323658044
2.635097,908130,178,0,0,0,1.9667921549
0.786836,909735,178,0,0,14.449119202,1.9784991522
1.470652,910691,178,0,0,0,2.2577327546
1.452467,910781,178,1,4.8081334031,5.5312781323,2.1709069768
3.655685,924187,178,1,4.7143561173,0,2.6533508085
2.694544,1240127,178,2,8.7835949774,0,3.6815714119
1.532931,1240174,178,1,4.2286055327,0,1.931980783
0.702868,907000,184,0,0,0,2.0060246273
2.340432,907051,184,2,8.9210509035,0,3.4323658044
0.655075,908130,184,0,0,0,1.9667921549
0.061859,909735,184,0,0,14.449119202,1.9784991522
1.796748,910691,184,0,0,0,2.2577327546
-0.447747,910781,184,1,4.8081334031,5.5312781323,2.1709069768
4.138304,924187,184,1,4.7143561173,0,2.6533508085
0.890459,1240127,184,2,8.7835949774,0,3.6815714119
2.583038,1240174,184,1,4.2286055327,0,1.931980783
3.0984,907000,185,0,0,0,2.0060246273
3.416401,907051,185,2,8.9210509035,0,3.4323658044
3.540308,908130,185,0,0,0,1.9667921549
2.650565,909735,185,0,0,14.449119202,1.9784991522
3.612579,910691,185,0,0,0,2.2577327546
2.211085,910781,185,1,4.8081334031,5.5312781323,2.1709069768
3.971674,924187,185,1,4.7143561173,0,2.6533508085
3.793136,1240127,185,2,8.7835949774,0,3.6815714119
3.534838,1240174,185,1,4.2286055327,0,1.931980783
3.861695,907000,192,0,0,0,2.0060246273
4.821468,907051,192,2,8.9210509035,0,3.4323658044
4.358116,908130,192,0,0,0,1.9667921549
4.287953,909735,192,0,0,14.449119202,1.9784991522
5.049776,910691,192,0,0,0,2.2577327546
4.556728,910781,192,1,4.8081334031,5.5312781323,2.1709069768
5.726534,924187,192,1,4.7143561173,0,2.6533508085
5.692936,1240127,192,2,8.7835949774,0,3.6815714119
4.734505,1240174,192,1,4.2286055327,0,1.931980783
5.218094,907000,193,0,0,0,2.0060246273
5.106778,907051,193,2,8.9210509035,0,3.4323658044
4.682674,908130,193,0,0,0,1.9667921549
4.249165,909735,193,0,0,14.449119202,1.9784991522
5.951341,910691,193,0,0,0,2.2577327546
5.416428,910781,193,1,4.8081334031,5.5312781323,2.1709069768
6.582327,924187,193,1,4.7143561173,0,2.6533508085
4.985726,930082,193,0,0,6.9632637271,2.0219194553
5.930567,1240127,193,2,8.7835949774,0,3.6815714119
5.402894,1240174,193,1,4.2286055327,0,1.931980783
0.496883,907000,199,0,0,0,2.0060246273
3.359222,907051,199,2,8.9210509035,0,3.4323658044
-0.461949,908130,199,0,0,0,1.9667921549
1.323233,909735,199,0,0,14.449119202,1.9784991522
4.323773,910691,199,0,0,0,2.2577327546
-2.826655,910781,199,1,4.8081334031,5.5312781323,2.1709069768
4.245558,924187,199,1,4.7143561173,0,2.6533508085
3.302885,1240127,199,2,8.7835949774,0,3.6815714119
2.255935,1240174,199,1,4.2286055327,0,1.931980783
1.897471,907000,202,0,0,0,2.0060246273
1.994585,907051,202,2,8.9210509035,0,3.4323658044
2.828964,908130,202,0,0,0,1.9667921549
1.305135,909735,202,0,0,14.449119202,1.9784991522
2.192499,910691,202,0,0,0,2.2577327546
1.757102,910781,202,1,4.8081334031,5.5312781323,2.1709069768
3.160199,924187,202,1,4.7143561173,0,2.6533508085
1.926608,1240127,202,2,8.7835949774,0,3.6815714119
1.927852,1240174,202,1,4.2286055327,0,1.931980783
3.455613,907000,203,0,0,0,2.0060246273
4.640372,907051,203,2,8.9210509035,0,3.4323658044
3.860071,908130,203,0,0,0,1.9667921549
3.114174,909735,203,0,0,14.449119202,1.9784991522
1.373842,910691,203,0,0,0,2.2577327546
3.513632,910781,203,1,4.8081334031,5.5312781323,2.1709069768
3.484832,924187,203,1,4.7143561173,0,2.6533508085
3.843432,930082,203,0,0,6.9632637271,2.0219194553
3.390898,1240127,203,2,8.7835949774,0,3.6815714119
3.084318,1240174,203,1,4.2286055327,0,1.931980783
3.580101,907000,206,0,0,0,2.0060246273
4.253708,907051,206,2,8.9210509035,0,3.4323658044
4.410588,908130,206,0,0,0,1.9667921549
3.887128,909735,206,0,0,14.449119202,1.9784991522
3.892692,910691,206,0,0,0,2.2577327546
4.40538,910781,206,1,4.8081334031,5.5312781323,2.1709069768
4.928416,924187,206,1,4.7143561173,0,2.6533508085
4.251837,930082,206,0,0,6.9632637271,2.0219194553
4.502783,1240127,206,2,8.7835949774,0,3.6815714119
4.220369,1240174,206,1,4.2286055327,0,1.931980783
1.568376,907000,207,0,0,0,2.0060246273
2.391898,907051,207,2,8.9210509035,0,3.4323658044
1.348149,908130,207,0,0,0,1.9667921549
-0.026982,909735,207,0,0,14.449119202,1.9784991522
2.082054,910691,207,0,0,0,2.2577327546
0.7413,910781,207,1,4.8081334031,5.5312781323,2.1709069768
1.198869,924187,207,1,4.7143561173,0,2.6533508085
2.939139,1240127,207,2,8.7835949774,0,3.6815714119
0.427281,1240174,207,1,4.2286055327,0,1.931980783
1.985186,907000,219,0,0,0,2.0060246273
3.435818,907051,219,2,8.9210509035,0,3.4323658044
2.671681,908130,219,0,0,0,1.9667921549
0.098677,909735,219,0,0,14.449119202,1.9784991522
-0.327454,910691,219,0,0,0,2.2577327546
1.5041,910781,219,1,4.8081334031,5.5312781323,2.1709069768
1.287798,924187,219,1,4.7143561173,0,2.6533508085
1.791262,930082,219,0,0,6.9632637271,2.0219194553
1.114412,1240127,219,2,8.7835949774,0,3.6815714119
1.927139,1240174,219,1,4.2286055327,0,1.931980783
4.252513,907000,221,0,0,0,2.0060246273
4.318194,907051,221,2,8.9210509035,0,3.4323658044
5.579243,908130,221,0,0,0,1.9667921549
3.483333,909735,221,0,0,14.449119202,1.9784991522
3.686949,910691,221,0,0,0,2.2577327546
4.380256,910781,221,1,4.8081334031,5.5312781323,2.1709069768
3.315643,924187,221,1,4.7143561173,0,2.6533508085
4.801916,930082,221,0,0,6.9632637271,2.0219194553
4.830319,1240127,221,2,8.7835949774,0,3.6815714119
4.552318,1240174,221,1,4.2286055327,0,1.931980783
2.404558,907000,222,0,0,0,2.0060246273
4.86719,907051,222,2,8.9210509035,0,3.4323658044
3.43236,908130,222,0,0,0,1.9667921549
1.718792,909735,222,0,0,14.449119202,1.9784991522
2.17102,910691,222,0,0,0,2.2577327546
2.845147,910781,222,1,4.8081334031,5.5312781323,2.1709069768
4.075419,924187,222,1,4.7143561173,0,2.6533508085
4.867969,930082,222,0,0,6.9632637271,2.0219194553
2.14656,1240127,222,2,8.7835949774,0,3.6815714119
3.551456,1240174,222,1,4.2286055327,0,1.931980783
1.528961,907000,226,0,0,0,2.0060246273
3.920185,907051,226,2,8.9210509035,0,3.4323658044
3.012055,908130,226,0,0,0,1.9667921549
0.558907,909735,226,0,0,14.449119202,1.9784991522
1.215302,910691,226,0,0,0,2.2577327546
1.65508,910781,226,1,4.8081334031,5.5312781323,2.1709069768
3.068815,924187,226,1,4.7143561173,0,2.6533508085
3.741473,930082,226,0,0,6.9632637271,2.0219194553
0.305095,1240127,226,2,8.7835949774,0,3.6815714119
3.810263,1240174,226,1,4.2286055327,0,1.931980783
3.544633,907000,229,0,0,0,2.0060246273
3.798958,907051,229,2,8.9210509035,0,3.4323658044
5.642667,908130,229,0,0,0,1.9667921549
0.598202,909735,229,0,0,14.449119202,1.9784991522
2.465927,910691,229,0,0,0,2.2577327546
4.78566,910781,229,1,4.8081334031,5.5312781323,2.1709069768
0.484718,924187,229,1,4.7143561173,0,2.6533508085
5.335571,930082,229,0,0,6.9632637271,2.0219194553
5.718738,1240127,229,2,8.7835949774,0,3.6815714119
4.360269,1240174,229,1,4.2286055327,0,1.931980783
3.463121,907000,230,0,0,0,2.0060246273
5.603893,907051,230,2,8.9210509035,0,3.4323658044
5.591403,908130,230,0,0,0,1.9667921549
4.045238,909735,230,0,0,14.449119202,1.9784991522
5.004061,910691,230,0,0,0,2.2577327546
4.836005,910781,230,1,4.8081334031,5.5312781323,2.1709069768
6.685617,924187,230,1,4.7143561173,0,2.6533508085
5.155092,930082,230,0,0,6.9632637271,2.0219194553
4.235562,1240127,230,2,8.7835949774,0,3.6815714119
5.406282,1240174,230,1,4.2286055327,0,1.931980783
5.568216,907051,231,2,8.9210509035,0,3.4323658044
1.785458,909735,231,0,0,14.449119202,1.9784991522
5.403949,910691,231,0,0,0,2.2577327546
6.135192,924187,231,1,4.7143561173,0,2.6533508085
5.595163,930082,231,0,0,6.9632637271,2.0219194553
6.287667,1240127,231,2,8.7835949774,0,3.6815714119
5.551568,1240174,231,1,4.2286055327,0,1.931980783
1.185533,907000,235,0,0,0,2.0060246273
2.982232,907051,235,2,8.9210509035,0,3.4323658044
2.323982,908130,235,0,0,0,1.9667921549
-0.636674,909735,235,0,0,14.449119202,1.9784991522
-0.369458,910691,235,0,0,0,2.2577327546
1.22872,910781,235,1,4.8081334031,5.5312781323,2.1709069768
1.191894,924187,235,1,4.7143561173,0,2.6533508085
3.705922,930082,235,0,0,6.9632637271,2.0219194553
2.910132,1240127,235,2,8.7835949774,0,3.6815714119
4.676974,1240174,235,1,4.2286055327,0,1.931980783
3.890188,907000,249,0,0,0,2.0060246273
4.241316,907051,249,2,8.9210509035,0,3.4323658044
2.888055,908130,249,0,0,0,1.9667921549
1.780634,909735,249,0,0,14.449119202,1.9784991522
3.076362,910691,249,0,0,0,2.2577327546
1.702814,910781,249,1,4.8081334031,5.5312781323,2.1709069768
3.577323,924187,249,1,4.7143561173,0,2.6533508085
1.619014,930082,249,0,0,6.9632637271,2.0219194553
2.464297,1240127,249,2,8.7835949774,0,3.6815714119
3.87329,1240174,249,1,4.2286055327,0,1.931980783
0.457914,907000,252,0,0,0,2.0060246273
2.962606,907051,252,2,8.9210509035,0,3.4323658044
0.618645,908130,252,0,0,0,1.9667921549
-0.521955,909735,252,0,0,14.449119202,1.9784991522
-1.746574,910691,252,0,0,0,2.2577327546
-1.324135,910781,252,1,4.8081334031,5.5312781323,2.1709069768
1.080414,924187,252,1,4.7143561173,0,2.6533508085
0.502095,930082,252,0,0,6.9632637271,2.0219194553
-0.689974,1240127,252,2,8.7835949774,0,3.6815714119
0.25018,1240174,252,1,4.2286055327,0,1.931980783
4.233414,907000,253,0,0,0,2.0060246273
4.855913,907051,253,2,8.9210509035,0,3.4323658044
5.090762,908130,253,0,0,0,1.9667921549
3.25249,909735,253,0,0,14.449119202,1.9784991522
5.298311,910691,253,0,0,0,2.2577327546
4.731875,910781,253,1,4.8081334031,5.5312781323,2.1709069768
6.177142,924187,253,1,4.7143561173,0,2.6533508085
4.577166,930082,253,0,0,6.9632637271,2.0219194553
5.082703,1240127,253,2,8.7835949774,0,3.6815714119
4.921132,1240174,253,1,4.2286055327,0,1.931980783
1.339672,907000,254,0,0,0,2.0060246273
2.456234,907051,254,2,8.9210509035,0,3.4323658044
2.833953,908130,254,0,0,0,1.9667921549
2.232998,909735,254,0,0,14.449119202,1.9784991522
0.938796,910691,254,0,0,0,2.2577327546
2.816947,910781,254,1,4.8081334031,5.5312781323,2.1709069768
3.586788,924187,254,1,4.7143561173,0,2.6533508085
2.621535,930082,254,0,0,6.9632637271,2.0219194553
2.134802,1240127,254,2,8.7835949774,0,3.6815714119
2.561523,1240174,254,1,4.2286055327,0,1.931980783
4.191136,907000,255,0,0,0,2.0060246273
4.769844,907051,255,2,8.9210509035,0,3.4323658044
4.811004,908130,255,0,0,0,1.9667921549
2.889549,909735,255,0,0,14.449119202,1.9784991522
4.287115,910691,255,0,0,0,2.2577327546
4.974817,910781,255,1,4.8081334031,5.5312781323,2.1709069768
4.130857,924187,255,1,4.7143561173,0,2.6533508085
4.507878,930082,255,0,0,6.9632637271,2.0219194553
4.941432,1240127,255,2,8.7835949774,0,3.6815714119
4.263272,1240174,255,1,4.2286055327,0,1.931980783
0.547708,907000,256,0,0,0,2.0060246273
3.274738,907051,256,2,8.9210509035,0,3.4323658044
1.220261,908130,256,0,0,0,1.9667921549
0.358582,909735,256,0,0,14.449119202,1.9784991522
-0.034369,910691,256,0,0,0,2.2577327546
1.281903,910781,256,1,4.8081334031,5.5312781323,2.1709069768
1.982407,924187,256,1,4.7143561173,0,2.6533508085
4.453743,930082,256,0,0,6.9632637271,2.0219194553
2.253125,1240127,256,2,8.7835949774,0,3.6815714119
1.865496,1240174,256,1,4.2286055327,0,1.931980783
4.628524,907000,257,0,0,0,2.0060246273
4.934463,907051,257,2,8.9210509035,0,3.4323658044
3.660758,908130,257,0,0,0,1.9667921549
0.540029,909735,257,0,0,14.449119202,1.9784991522
1.809337,910691,257,0,0,0,2.2577327546
2.532937,910781,257,1,4.8081334031,5.5312781323,2.1709069768
4.204372,924187,257,1,4.7143561173,0,2.6533508085
2.68827,930082,257,0,0,6.9632637271,2.0219194553
3.901423,1240127,257,2,8.7835949774,0,3.6815714119
2.487407,1240174,257,1,4.2286055327,0,1.931980783
4.589811,907000,260,0,0,0,2.0060246273
4.750677,907051,260,2,8.9210509035,0,3.4323658044
3.813595,908130,260,0,0,0,1.9667921549
1.3177,909735,260,0,0,14.449119202,1.9784991522
1.921507,910691,260,0,0,0,2.2577327546
1.199435,910781,260,1,4.8081334031,5.5312781323,2.1709069768
1.988296,924187,260,1,4.7143561173,0,2.6533508085
2.209138,930082,260,0,0,6.9632637271,2.0219194553
2.32142,1240127,260,2,8.7835949774,0,3.6815714119
2.631232,1240174,260,1,4.2286055327,0,1.931980783
3.863216,907000,262,0,0,0,2.0060246273
4.241316,907051,262,2,8.9210509035,0,3.4323658044
4.013657,908130,262,0,0,0,1.9667921549
1.161973,909735,262,0,0,14.449119202,1.9784991522
2.482241,910691,262,0,0,0,2.2577327546
3.648908,910781,262,1,4.8081334031,5.5312781323,2.1709069768
4.402761,924187,262,1,4.7143561173,0,2.6533508085
0.662281,930082,262,0,0,6.9632637271,2.0219194553
3.854959,1240127,262,2,8.7835949774,0,3.6815714119
3.205401,1240174,262,1,4.2286055327,0,1.931980783
5.297082,907000,263,0,0,0,2.0060246273
5.580381,907051,263,2,8.9210509035,0,3.4323658044
5.567445,908130,263,0,0,0,1.9667921549
4.402318,909735,263,0,0,14.449119202,1.9784991522
5.887177,910691,263,0,0,0,2.2577327546
5.641089,910781,263,1,4.8081334031,5.5312781323,2.1709069768
4.411205,924187,263,1,4.7143561173,0,2.6533508085
5.578913,930082,263,0,0,6.9632637271,2.0219194553
6.359355,1240127,263,2,8.7835949774,0,3.6815714119
5.340244,1240174,263,1,4.2286055327,0,1.931980783
-1.418556,907000,273,0,0,0,2.0060246273
-0.030684,907051,273,2,8.9210509035,0,3.4323658044
3.001886,908130,273,0,0,0,1.9667921549
-0.771257,910691,273,0,0,0,2.2577327546
0.080097,910781,273,1,4.8081334031,5.5312781323,2.1709069768
-0.679948,924187,273,1,4.7143561173,0,2.6533508085
-1.4569,930082,273,0,0,6.9632637271,2.0219194553
-0.383547,1240127,273,2,8.7835949774,0,3.6815714119
2.27222,1240174,273,1,4.2286055327,0,1.931980783
4.286913,907000,275,0,0,0,2.0060246273
5.55612,907051,275,2,8.9210509035,0,3.4323658044
5.043422,908130,275,0,0,0,1.9667921549
4.598564,909735,275,0,0,14.449119202,1.9784991522
3.605981,910691,275,0,0,0,2.2577327546
5.853376,910781,275,1,4.8081334031,5.5312781323,2.1709069768
3.328178,924187,275,1,4.7143561173,0,2.6533508085
3.881334,930082,275,0,0,6.9632637271,2.0219194553
5.658187,1240127,275,2,8.7835949774,0,3.6815714119
5.428408,1240174,275,1,4.2286055327,0,1.931980783
2.062506,907000,277,0,0,0,2.0060246273
2.383681,907051,277,2,8.9210509035,0,3.4323658044
2.827738,908130,277,0,0,0,1.9667921549
2.455662,909735,277,0,0,14.449119202,1.9784991522
1.868669,910691,277,0,0,0,2.2577327546
-0.226969,910781,277,1,4.8081334031,5.5312781323,2.1709069768
3.035353,924187,277,1,4.7143561173,0,2.6533508085
2.533148,930082,277,0,0,6.9632637271,2.0219194553
2.686555,1240127,277,2,8.7835949774,0,3.6815714119
2.535014,1240174,277,1,4.2286055327,0,1.931980783
5.291079,907000,279,0,0,0,2.0060246273
5.60387,907051,279,2,8.9210509035,0,3.4323658044
4.685844,908130,279,0,0,0,1.9667921549
3.522699,909735,279,0,0,14.449119202,1.9784991522
4.715477,910691,279,0,0,0,2.2577327546
5.230744,910781,279,1,4.8081334031,5.5312781323,2.1709069768
3.885159,924187,279,1,4.7143561173,0,2.6533508085
3.991908,930082,279,0,0,6.9632637271,2.0219194553
5.003408,1240127,279,2,8.7835949774,0,3.6815714119
5.466332,1240174,279,1,4.2286055327,0,1.931980783
2.377561,907000,281,0,0,0,2.0060246273
4.190804,907051,281,2,8.9210509035,0,3.4323658044
4.443391,908130,281,0,0,0,1.9667921549
2.932532,909735,281,0,0,14.449119202,1.9784991522
3.829605,910691,281,0,0,0,2.2577327546
4.36245,910781,281,1,4.8081334031,5.5312781323,2.1709069768
5.015201,924187,281,1,4.7143561173,0,2.6533508085
4.225413,930082,281,0,0,6.9632637271,2.0219194553
4.576216,1240127,281,2,8.7835949774,0,3.6815714119
4.226736,1240174,281,1,4.2286055327,0,1.931980783
2.27605,907000,282,0,0,0,2.0060246273
3.329123,907051,282,2,8.9210509035,0,3.4323658044
4.101486,908130,282,0,0,0,1.9667921549
-1.312393,909735,282,0,0,14.449119202,1.9784991522
1.674931,910691,282,0,0,0,2.2577327546
3.863494,910781,282,1,4.8081334031,5.5312781323,2.1709069768
0.449933,924187,282,1,4.7143561173,0,2.6533508085
2.924376,930082,282,0,0,6.9632637271,2.0219194553
3.993815,1240127,282,2,8.7835949774,0,3.6815714119
2.980983,1240174,282,1,4.2286055327,0,1.931980783
-2.065101,907000,283,0,0,0,2.0060246273
-1.323447,907051,283,2,8.9210509035,0,3.4323658044
-2.810755,908130,283,0,0,0,1.9667921549
-4.368868,909735,283,0,0,14.449119202,1.9784991522
-5.768501,910691,283,0,0,0,2.2577327546
-4.383965,910781,283,1,4.8081334031,5.5312781323,2.1709069768
-2.493043,924187,283,1,4.7143561173,0,2.6533508085
-0.642075,930082,283,0,0,6.9632637271,2.0219194553
-2.960142,1240127,283,2,8.7835949774,0,3.6815714119
-3.706493,1240174,283,1,4.2286055327,0,1.931980783
5.297377,907000,287,0,0,0,2.0060246273
4.89422,907051,287,2,8.9210509035,0,3.4323658044
4.87773,908130,287,0,0,0,1.9667921549
2.678844,909735,287,0,0,14.449119202,1.9784991522
2.344609,910691,287,0,0,0,2.2577327546
3.231673,910781,287,1,4.8081334031,5.5312781323,2.1709069768
2.766931,924187,287,1,4.7143561173,0,2.6533508085
2.774396,930082,287,0,0,6.9632637271,2.0219194553
3.470034,1240127,287,2,8.7835949774,0,3.6815714119
3.517181,1240174,287,1,4.2286055327,0,1.931980783
4.628405,907000,288,0,0,0,2.0060246273
3.947244,907051,288,2,8.9210509035,0,3.4323658044
4.575448,908130,288,0,0,0,1.9667921549
2.352985,909735,288,0,0,14.449119202,1.9784991522
4.617551,910691,288,0,0,0,2.2577327546
4.311673,910781,288,1,4.8081334031,5.5312781323,2.1709069768
4.7703,924187,288,1,4.7143561173,0,2.6533508085
2.233886,930082,288,0,0,6.9632637271,2.0219194553
5.432144,1240127,288,2,8.7835949774,0,3.6815714119
4.466242,1240174,288,1,4.2286055327,0,1.931980783
5.272482,907000,290,0,0,0,2.0060246273
5.603893,907051,290,2,8.9210509035,0,3.4323658044
5.539659,908130,290,0,0,0,1.9667921549
3.666017,909735,290,0,0,14.449119202,1.9784991522
4.450033,910691,290,0,0,0,2.2577327546
5.764794,910781,290,1,4.8081334031,5.5312781323,2.1709069768
6.353152,924187,290,1,4.7143561173,0,2.6533508085
4.760597,930082,290,0,0,6.9632637271,2.0219194553
4.693845,1240127,290,2,8.7835949774,0,3.6815714119
5.584989,1240174,290,1,4.2286055327,0,1.931980783
5.267138,907000,291,0,0,0,2.0060246273
3.505914,907051,291,2,8.9210509035,0,3.4323658044
4.918302,908130,291,0,0,0,1.9667921549
2.484534,909735,291,0,0,14.449119202,1.9784991522
3.091136,910691,291,0,0,0,2.2577327546
2.937262,910781,291,1,4.8081334031,5.5312781323,2.1709069768
3.871734,924187,291,1,4.7143561173,0,2.6533508085
2.895004,930082,291,0,0,6.9632637271,2.0219194553
3.335982,1240127,291,2,8.7835949774,0,3.6815714119
3.195041,1240174,291,1,4.2286055327,0,1.931980783
2.687391,907000,292,0,0,0,2.0060246273
5.00853,907051,292,2,8.9210509035,0,3.4323658044
4.194698,908130,292,0,0,0,1.9667921549
2.558992,909735,292,0,0,14.449119202,1.9784991522
3.376126,910691,292,0,0,0,2.2577327546
3.195842,910781,292,1,4.8081334031,5.5312781323,2.1709069768
4.275669,924187,292,1,4.7143561173,0,2.6533508085
4.923666,930082,292,0,0,6.9632637271,2.0219194553
4.483534,1240127,292,2,8.7835949774,0,3.6815714119
3.238196,1240174,292,1,4.2286055327,0,1.931980783
3.762041,907000,293,0,0,0,2.0060246273
4.081009,907051,293,2,8.9210509035,0,3.4323658044
3.998614,908130,293,0,0,0,1.9667921549
2.530708,909735,293,0,0,14.449119202,1.9784991522
3.744036,910691,293,0,0,0,2.2577327546
3.954591,910781,293,1,4.8081334031,5.5312781323,2.1709069768
4.594365,924187,293,1,4.7143561173,0,2.6533508085
3.697102,930082,293,0,0,6.9632637271,2.0219194553
4.803539,1240127,293,2,8.7835949774,0,3.6815714119
3.032066,1240174,293,1,4.2286055327,0,1.931980783
5.293266,907000,294,0,0,0,2.0060246273
5.537681,907051,294,2,8.9210509035,0,3.4323658044
5.403925,908130,294,0,0,0,1.9667921549
3.116559,909735,294,0,0,14.449119202,1.9784991522
3.454168,910691,294,0,0,0,2.2577327546
5.178283,910781,294,1,4.8081334031,5.5312781323,2.1709069768
3.835328,924187,294,1,4.7143561173,0,2.6533508085
2.280851,930082,294,0,0,6.9632637271,2.0219194553
3.233358,1240127,294,2,8.7835949774,0,3.6815714119
4.569949,1240174,294,1,4.2286055327,0,1.931980783
4.623618,907000,295,0,0,0,2.0060246273
4.071846,907051,295,2,8.9210509035,0,3.4323658044
4.797719,908130,295,0,0,0,1.9667921549
1.389324,909735,295,0,0,14.449119202,1.9784991522
2.804669,910691,295,0,0,0,2.2577327546
3.85213,910781,295,1,4.8081334031,5.5312781323,2.1709069768
2.901185,924187,295,1,4.7143561173,0,2.6533508085
2.364309,930082,295,0,0,6.9632637271,2.0219194553
3.064816,1240127,295,2,8.7835949774,0,3.6815714119
3.262039,1240174,295,1,4.2286055327,0,1.931980783
3.981762,907000,298,0,0,0,2.0060246273
4.278031,907051,298,2,8.9210509035,0,3.4323658044
4.158451,908130,298,0,0,0,1.9667921549
3.229829,909735,298,0,0,14.449119202,1.9784991522
4.942494,910691,298,0,0,0,2.2577327546
4.423446,910781,298,1,4.8081334031,5.5312781323,2.1709069768
5.998784,924187,298,1,4.7143561173,0,2.6533508085
4.065412,930082,298,0,0,6.9632637271,2.0219194553
5.378986,1240127,298,2,8.7835949774,0,3.6815714119
4.579712,1240174,298,1,4.2286055327,0,1.931980783
2.55352,907000,299,0,0,0,2.0060246273
3.883429,907051,299,2,8.9210509035,0,3.4323658044
-0.733414,908130,299,0,0,0,1.9667921549
-0.748915,909735,299,0,0,14.449119202,1.9784991522
-1.736327,910691,299,0,0,0,2.2577327546
-0.4477,910781,299,1,4.8081334031,5.5312781323,2.1709069768
1.023914,924187,299,1,4.7143561173,0,2.6533508085
3.958758,930082,299,0,0,6.9632637271,2.0219194553
1.656641,1240127,299,2,8.7835949774,0,3.6815714119
1.591207,1240174,299,1,4.2286055327,0,1.931980783
3.000279,907000,301,0,0,0,2.0060246273
4.932813,907051,301,2,8.9210509035,0,3.4323658044
3.15014,908130,301,0,0,0,1.9667921549
0.267949,909735,301,0,0,14.449119202,1.9784991522
1.543135,910691,301,0,0,0,2.2577327546
2.457764,910781,301,1,4.8081334031,5.5312781323,2.1709069768
4.047145,924187,301,1,4.7143561173,0,2.6533508085
3.144019,930082,301,0,0,6.9632637271,2.0219194553
2.097376,1240127,301,2,8.7835949774,0,3.6815714119
3.604201,1240174,301,1,4.2286055327,0,1.931980783
1.192922,907000,302,0,0,0,2.0060246273
3.417109,907051,302,2,8.9210509035,0,3.4323658044
2.164031,908130,302,0,0,0,1.9667921549
-1.883829,909735,302,0,0,14.449119202,1.9784991522
-3.425382,910691,302,0,0,0,2.2577327546
-1.549474,910781,302,1,4.8081334031,5.5312781323,2.1709069768
0.495052,924187,302,1,4.7143561173,0,2.6533508085
3.80707,930082,302,0,0,6.9632637271,2.0219194553
0.594679,1240127,302,2,8.7835949774,0,3.6815714119
-0.199649,1240174,302,1,4.2286055327,0,1.931980783
5.123048,907000,304,0,0,0,2.0060246273
5.603893,907051,304,2,8.9210509035,0,3.4323658044
5.230878,908130,304,0,0,0,1.9667921549
4.395509,909735,304,0,0,14.449119202,1.9784991522
2.210576,910691,304,0,0,0,2.2577327546
4.389328,910781,304,1,4.8081334031,5.5312781323,2.1709069768
3.973197,924187,304,1,4.7143561173,0,2.6533508085
5.572312,930082,304,0,0,6.9632637271,2.0219194553
4.404549,1240127,304,2,8.7835949774,0,3.6815714119
5.263057,1240174,304,1,4.2286055327,0,1.931980783
5.018582,907000,305,0,0,0,2.0060246273
5.60383,907051,305,2,8.9210509035,0,3.4323658044
3.961605,908130,305,0,0,0,1.9667921549
1.781612,909735,305,0,0,14.449119202,1.9784991522
2.706885,910691,305,0,0,0,2.2577327546
3.277711,910781,305,1,4.8081334031,5.5312781323,2.1709069768
2.706188,924187,305,1,4.7143561173,0,2.6533508085
1.26831,930082,305,0,0,6.9632637271,2.0219194553
3.628302,1240127,305,2,8.7835949774,0,3.6815714119
5.001627,1240174,305,1,4.2286055327,0,1.931980783
1.066457,907000,306,0,0,0,2.0060246273
4.00069,907051,306,2,8.9210509035,0,3.4323658044
3.132123,908130,306,0,0,0,1.9667921549
0.503206,909735,306,0,0,14.449119202,1.9784991522
3.290667,910691,306,0,0,0,2.2577327546
3.84626,910781,306,1,4.8081334031,5.5312781323,2.1709069768
2.792128,924187,306,1,4.7143561173,0,2.6533508085
3.882267,930082,306,0,0,6.9632637271,2.0219194553
2.809288,1240127,306,2,8.7835949774,0,3.6815714119
3.556791,1240174,306,1,4.2286055327,0,1.931980783
3.776586,907000,308,0,0,0,2.0060246273
1.52112,907051,308,2,8.9210509035,0,3.4323658044
0.876351,908130,308,0,0,0,1.9667921549
-0.375701,909735,308,0,0,14.449119202,1.9784991522
0.220222,910691,308,0,0,0,2.2577327546
-0.647803,910781,308,1,4.8081334031,5.5312781323,2.1709069768
0.491263,924187,308,1,4.7143561173,0,2.6533508085
-1.113699,930082,308,0,0,6.9632637271,2.0219194553
0.019835,1240127,308,2,8.7835949774,0,3.6815714119
1.051067,1240174,308,1,4.2286055327,0,1.931980783
4.69916,907000,309,0,0,0,2.0060246273
5.603893,907051,309,2,8.9210509035,0,3.4323658044
5.608959,908130,309,0,0,0,1.9667921549
2.476454,909735,309,0,0,14.449119202,1.9784991522
4.120557,910691,309,0,0,0,2.2577327546
4.924753,910781,309,1,4.8081334031,5.5312781323,2.1709069768
5.004429,924187,309,1,4.7143561173,0,2.6533508085
3.49593,930082,309,0,0,6.9632637271,2.0219194553
3.94271,1240127,309,2,8.7835949774,0,3.6815714119
5.588418,1240174,309,1,4.2286055327,0,1.931980783
-0.138057,907000,312,0,0,0,2.0060246273
0.549944,907051,312,2,8.9210509035,0,3.4323658044
0.749764,908130,312,0,0,0,1.9667921549
0.376086,909735,312,0,0,14.449119202,1.9784991522
0.096044,910691,312,0,0,0,2.2577327546
0.802468,910781,312,1,4.8081334031,5.5312781323,2.1709069768
1.129753,924187,312,1,4.7143561173,0,2.6533508085
0.542377,930082,312,0,0,6.9632637271,2.0219194553
0.490099,1240127,312,2,8.7835949774,0,3.6815714119
0.529537,1240174,312,1,4.2286055327,0,1.931980783
3.996701,907000,326,0,0,0,2.0060246273
4.934463,907051,326,2,8.9210509035,0,3.4323658044
1.751867,908130,326,0,0,0,1.9667921549
1.132017,909735,326,0,0,14.449119202,1.9784991522
-0.936535,910691,326,0,0,0,2.2577327546
2.666565,910781,326,1,4.8081334031,5.5312781323,2.1709069768
3.033114,924187,326,1,4.7143561173,0,2.6533508085
4.135692,930082,326,0,0,6.9632637271,2.0219194553
1.719035,1240127,326,2,8.7835949774,0,3.6815714119
4.219946,1240174,326,1,4.2286055327,0,1.931980783
2.619183,907000,329,0,0,0,2.0060246273
4.77197,907051,329,2,8.9210509035,0,3.4323658044
5.136539,908130,329,0,0,0,1.9667921549
2.842851,909735,329,0,0,14.449119202,1.9784991522
2.740187,910691,329,0,0,0,2.2577327546
4.644798,910781,329,1,4.8081334031,5.5312781323,2.1709069768
4.699215,924187,329,1,4.7143561173,0,2.6533508085
4.925732,930082,329,0,0,6.9632637271,2.0219194553
5.376298,1240127,329,2,8.7835949774,0,3.6815714119
4.9174,1240174,329,1,4.2286055327,0,1.931980783
2.916857,907000,330,0,0,0,2.0060246273
4.342385,907051,330,2,8.9210509035,0,3.4323658044
4.220021,908130,330,0,0,0,1.9667921549
2.349654,909735,330,0,0,14.449119202,1.9784991522
2.821496,910691,330,0,0,0,2.2577327546
3.662737,910781,330,1,4.8081334031,5.5312781323,2.1709069768
4.272771,924187,330,1,4.7143561173,0,2.6533508085
4.341389,930082,330,0,0,6.9632637271,2.0219194553
2.653001,1240127,330,2,8.7835949774,0,3.6815714119
3.116017,1240174,330,1,4.2286055327,0,1.931980783
1.674687,907000,331,0,0,0,2.0060246273
3.062954,907051,331,2,8.9210509035,0,3.4323658044
0.713415,908130,331,0,0,0,1.9667921549
-0.083851,909735,331,0,0,14.449119202,1.9784991522
-0.737743,910691,331,0,0,0,2.2577327546
0.573292,910781,331,1,4.8081334031,5.5312781323,2.1709069768
0.936791,924187,331,1,4.7143561173,0,2.6533508085
3.360532,930082,331,0,0,6.9632637271,2.0219194553
1.239784,1240127,331,2,8.7835949774,0,3.6815714119
1.206376,1240174,331,1,4.2286055327,0,1.931980783
5.218622,907000,345,0,0,0,2.0060246273
5.597158,907051,345,2,8.9210509035,0,3.4323658044
5.178165,908130,345,0,0,0,1.9667921549
3.578233,909735,345,0,0,14.449119202,1.9784991522
4.410488,910691,345,0,0,0,2.2577327546
5.462657,910781,345,1,4.8081334031,5.5312781323,2.1709069768
5.579997,924187,345,1,4.7143561173,0,2.6533508085
3.932636,930082,345,0,0,6.9632637271,2.0219194553
4.662816,1240127,345,2,8.7835949774,0,3.6815714119
4.885035,1240174,345,1,4.2286055327,0,1.931980783
1.123674,907000,1010,0,0,0,2.0060246273
1.053471,907051,1010,2,8.9210509035,0,3.4323658044
1.590676,908130,1010,0,0,0,1.9667921549
1.620886,909735,1010,0,0,14.449119202,1.9784991522
2.250779,910691,1010,0,0,0,2.2577327546
2.124999,910781,1010,1,4.8081334031,5.5312781323,2.1709069768
1.703075,924187,1010,1,4.7143561173,0,2.6533508085
-0.262395,930082,1010,0,0,6.9632637271,2.0219194553
2.755892,1240127,1010,2,8.7835949774,0,3.6815714119
2.995369,907000,1013,0,0,0,2.0060246273
1.56605,907051,1013,2,8.9210509035,0,3.4323658044
2.393823,908130,1013,0,0,0,1.9667921549
2.011299,909735,1013,0,0,14.449119202,1.9784991522
3.468649,910691,1013,0,0,0,2.2577327546
3.010009,910781,1013,1,4.8081334031,5.5312781323,2.1709069768
4.541205,924187,1013,1,4.7143561173,0,2.6533508085
3.292578,930082,1013,0,0,6.9632637271,2.0219194553
2.510013,907000,1015,0,0,0,2.0060246273
4.047432,907051,1015,2,8.9210509035,0,3.4323658044
3.26074,908130,1015,0,0,0,1.9667921549
2.73936,909735,1015,0,0,14.449119202,1.9784991522
3.147342,910691,1015,0,0,0,2.2577327546
1.862379,910781,1015,1,4.8081334031,5.5312781323,2.1709069768
3.978412,924187,1015,1,4.7143561173,0,2.6533508085
-0.428668,930082,1015,0,0,6.9632637271,2.0219194553
3.850451,1240127,1015,2,8.7835949774,0,3.6815714119
2.228957,907000,1019,0,0,0,2.0060246273
1.951859,907051,1019,2,8.9210509035,0,3.4323658044
2.496264,908130,1019,0,0,0,1.9667921549
0.777479,909735,1019,0,0,14.449119202,1.9784991522
2.710804,910691,1019,0,0,0,2.2577327546
3.041136,910781,1019,1,4.8081334031,5.5312781323,2.1709069768
3.952448,924187,1019,1,4.7143561173,0,2.6533508085
1.026808,930082,1019,0,0,6.9632637271,2.0219194553
3.529296,1240127,1019,2,8.7835949774,0,3.6815714119
1.015938,907000,1021,0,0,0,2.0060246273
1.612173,907051,1021,2,8.9210509035,0,3.4323658044
0.507245,908130,1021,0,0,0,1.9667921549
1.986344,909735,1021,0,0,14.449119202,1.9784991522
2.257796,910691,1021,0,0,0,2.2577327546
-0.136116,910781,1021,1,4.8081334031,5.5312781323,2.1709069768
4.525731,924187,1021,1,4.7143561173,0,2.6533508085
1.440592,930082,1021,0,0,6.9632637271,2.0219194553
1.120462,1240127,1021,2,8.7835949774,0,3.6815714119
-1.725541,907000,1022,0,0,0,2.0060246273
-0.00008,907051,1022,2,8.9210509035,0,3.4323658044
-0.973329,908130,1022,0,0,0,1.9667921549
-2.269836,909735,1022,0,0,14.449119202,1.9784991522
-1.235783,910691,1022,0,0,0,2.2577327546
-0.12977,910781,1022,1,4.8081334031,5.5312781323,2.1709069768
0.580885,924187,1022,1,4.7143561173,0,2.6533508085
0.756653,930082,1022,0,0,6.9632637271,2.0219194553
-1.136451,1240127,1022,2,8.7835949774,0,3.6815714119
2.995369,907000,1023,0,0,0,2.0060246273
2.142209,907051,1023,2,8.9210509035,0,3.4323658044
2.281117,908130,1023,0,0,0,1.9667921549
1.436403,909735,1023,0,0,14.449119202,1.9784991522
3.58385,910691,1023,0,0,0,2.2577327546
2.896155,910781,1023,1,4.8081334031,5.5312781323,2.1709069768
2.802337,924187,1023,1,4.7143561173,0,2.6533508085
2.010552,930082,1023,0,0,6.9632637271,2.0219194553
1.795173,1240127,1023,2,8.7835949774,0,3.6815714119
-0.221813,907000,1024,0,0,0,2.0060246273
-1.195026,907051,1024,2,8.9210509035,0,3.4323658044
-2.125822,908130,1024,0,0,0,1.9667921549
-0.979359,909735,1024,0,0,14.449119202,1.9784991522
-0.230181,910691,1024,0,0,0,2.2577327546
-0.064063,910781,1024,1,4.8081334031,5.5312781323,2.1709069768
0.267766,924187,1024,1,4.7143561173,0,2.6533508085
-2.867751,930082,1024,0,0,6.9632637271,2.0219194553
0.56637,1240127,1024,2,8.7835949774,0,3.6815714119
4.604807,907000,1025,0,0,0,2.0060246273
4.208199,907051,1025,2,8.9210509035,0,3.4323658044
5.10255,908130,1025,0,0,0,1.9667921549
4.510229,909735,1025,0,0,14.449119202,1.9784991522
4.779059,910691,1025,0,0,0,2.2577327546
4.535715,910781,1025,1,4.8081334031,5.5312781323,2.1709069768
5.194026,924187,1025,1,4.7143561173,0,2.6533508085
4.83958,930082,1025,0,0,6.9632637271,2.0219194553
5.751624,1240127,1025,2,8.7835949774,0,3.6815714119
2.995369,907000,1028,0,0,0,2.0060246273
3.058578,907051,1028,2,8.9210509035,0,3.4323658044
3.482232,908130,1028,0,0,0,1.9667921549
2.484594,909735,1028,0,0,14.449119202,1.9784991522
2.854034,910691,1028,0,0,0,2.2577327546
3.465393,910781,1028,1,4.8081334031,5.5312781323,2.1709069768
4.361749,924187,1028,1,4.7143561173,0,2.6533508085
3.185005,930082,1028,0,0,6.9632637271,2.0219194553
4.142186,1240127,1028,2,8.7835949774,0,3.6815714119
2.381884,907000,1029,0,0,0,2.0060246273
3.301308,907051,1029,2,8.9210509035,0,3.4323658044
2.521767,908130,1029,0,0,0,1.9667921549
3.121682,909735,1029,0,0,14.449119202,1.9784991522
2.639574,910691,1029,0,0,0,2.2577327546
4.052295,924187,1029,1,4.7143561173,0,2.6533508085
4.023033,1240127,1029,2,8.7835949774,0,3.6815714119
1.084317,1240174,1029,1,4.2286055327,0,1.931980783
3.431554,907000,1030,0,0,0,2.0060246273
3.746255,907051,1030,2,8.9210509035,0,3.4323658044
3.866298,908130,1030,0,0,0,1.9667921549
4.163922,909735,1030,0,0,14.449119202,1.9784991522
4.043123,910691,1030,0,0,0,2.2577327546
4.857058,924187,1030,1,4.7143561173,0,2.6533508085
4.393287,1240127,1030,2,8.7835949774,0,3.6815714119
2.841715,1240174,1030,1,4.2286055327,0,1.931980783
2.323612,907000,1037,0,0,0,2.0060246273
1.178101,907051,1037,2,8.9210509035,0,3.4323658044
1.748846,908130,1037,0,0,0,1.9667921549
1.711789,909735,1037,0,0,14.449119202,1.9784991522
2.508123,910691,1037,0,0,0,2.2577327546
4.407612,924187,1037,1,4.7143561173,0,2.6533508085
1.931691,1240127,1037,2,8.7835949774,0,3.6815714119
2.646598,1240174,1037,1,4.2286055327,0,1.931980783
2.290295,907000,1038,0,0,0,2.0060246273
1.75986,907051,1038,2,8.9210509035,0,3.4323658044
1.783051,908130,1038,0,0,0,1.9667921549
2.213584,909735,1038,0,0,14.449119202,1.9784991522
2.794118,910691,1038,0,0,0,2.2577327546
3.451416,924187,1038,1,4.7143561173,0,2.6533508085
4.142186,1240127,1038,2,8.7835949774,0,3.6815714119
2.527433,1240174,1038,1,4.2286055327,0,1.931980783
3.820183,907000,1039,0,0,0,2.0060246273
4.607106,907051,1039,2,8.9210509035,0,3.4323658044
3.596006,908130,1039,0,0,0,1.9667921549
3.838728,909735,1039,0,0,14.449119202,1.9784991522
4.96981,910691,1039,0,0,0,2.2577327546
6.012056,924187,1039,1,4.7143561173,0,2.6533508085
5.75081,1240127,1039,2,8.7835949774,0,3.6815714119
4.343041,1240174,1039,1,4.2286055327,0,1.931980783
4.370242,907000,1042,0,0,0,2.0060246273
4.860016,907051,1042,2,8.9210509035,0,3.4323658044
4.450313,908130,1042,0,0,0,1.9667921549
3.287552,909735,1042,0,0,14.449119202,1.9784991522
4.616023,910691,1042,0,0,0,2.2577327546
4.418049,924187,1042,1,4.7143561173,0,2.6533508085
4.39356,1240127,1042,2,8.7835949774,0,3.6815714119
4.017774,1240174,1042,1,4.2286055327,0,1.931980783
4.084627,907000,1043,0,0,0,2.0060246273
4.898513,907051,1043,2,8.9210509035,0,3.4323658044
3.983327,908130,1043,0,0,0,1.9667921549
4.19322,909735,1043,0,0,14.449119202,1.9784991522
5.014256,910691,1043,0,0,0,2.2577327546
5.368347,924187,1043,1,4.7143561173,0,2.6533508085
5.04665,1240127,1043,2,8.7835949774,0,3.6815714119
3.374214,1240174,1043,1,4.2286055327,0,1.931980783
0.773926,907000,1046,0,0,0,2.0060246273
1.57385,907051,1046,2,8.9210509035,0,3.4323658044
2.32165,908130,1046,0,0,0,1.9667921549
0.528369,909735,1046,0,0,14.449119202,1.9784991522
2.805871,910691,1046,0,0,0,2.2577327546
3.530317,924187,1046,1,4.7143561173,0,2.6533508085
3.995363,1240127,1046,2,8.7835949774,0,3.6815714119
0.890941,1240174,1046,1,4.2286055327,0,1.931980783
2.129866,907000,1049,0,0,0,2.0060246273
2.598934,907051,1049,2,8.9210509035,0,3.4323658044
0.40133,908130,1049,0,0,0,1.9667921549
2.885305,909735,1049,0,0,14.449119202,1.9784991522
3.624982,910691,1049,0,0,0,2.2577327546
4.549733,924187,1049,1,4.7143561173,0,2.6533508085
4.142186,1240127,1049,2,8.7835949774,0,3.6815714119
2.853696,1240174,1049,1,4.2286055327,0,1.931980783
1.371105,907000,1050,0,0,0,2.0060246273
1.541723,907051,1050,2,8.9210509035,0,3.4323658044
0.983443,908130,1050,0,0,0,1.9667921549
1.78115,909735,1050,0,0,14.449119202,1.9784991522
3.447262,910691,1050,0,0,0,2.2577327546
3.822205,924187,1050,1,4.7143561173,0,2.6533508085
1.006259,1240174,1050,1,4.2286055327,0,1.931980783
2.990814,907000,1052,0,0,0,2.0060246273
3.519809,907051,1052,2,8.9210509035,0,3.4323658044
2.13598,908130,1052,0,0,0,1.9667921549
3.458023,909735,1052,0,0,14.449119202,1.9784991522
4.46005,910691,1052,0,0,0,2.2577327546
4.661775,924187,1052,1,4.7143561173,0,2.6533508085
2.631424,1240127,1052,2,8.7835949774,0,3.6815714119
2.296836,1240174,1052,1,4.2286055327,0,1.931980783
1.596743,907000,1053,0,0,0,2.0060246273
1.702524,907051,1053,2,8.9210509035,0,3.4323658044
0.09627,908130,1053,0,0,0,1.9667921549
2.224287,909735,1053,0,0,14.449119202,1.9784991522
-0.96618,910691,1053,0,0,0,2.2577327546
1.256677,924187,1053,1,4.7143561173,0,2.6533508085
1.145436,1240127,1053,2,8.7835949774,0,3.6815714119
2.672145,907000,1054,0,0,0,2.0060246273
1.945006,907051,1054,2,8.9210509035,0,3.4323658044
1.090398,908130,1054,0,0,0,1.9667921549
2.050923,909735,1054,0,0,14.449119202,1.9784991522
4.092615,910691,1054,0,0,0,2.2577327546
5.073953,924187,1054,1,4.7143561173,0,2.6533508085
4.835334,1240127,1054,2,8.7835949774,0,3.6815714119
-2.219758,907000,1057,0,0,0,2.0060246273
-2.740485,907051,1057,2,8.9210509035,0,3.4323658044
-3.528629,908130,1057,0,0,0,1.9667921549
-2.507826,909735,1057,0,0,14.449119202,1.9784991522
-3.300334,910691,1057,0,0,0,2.2577327546
-1.209053,924187,1057,1,4.7143561173,0,2.6533508085
-1.105295,1240127,1057,2,8.7835949774,0,3.6815714119
-5.347594,1240174,1057,1,4.2286055327,0,1.931980783
0.706812,907000,1059,0,0,0,2.0060246273
-0.058405,907051,1059,2,8.9210509035,0,3.4323658044
-2.000144,908130,1059,0,0,0,1.9667921549
0.111195,909735,1059,0,0,14.449119202,1.9784991522
-1.30367,910691,1059,0,0,0,2.2577327546
1.07881,924187,1059,1,4.7143561173,0,2.6533508085
0.712695,1240127,1059,2,8.7835949774,0,3.6815714119
1.554855,1240174,1059,1,4.2286055327,0,1.931980783
-0.216379,907000,1060,0,0,0,2.0060246273
1.125777,907051,1060,2,8.9210509035,0,3.4323658044
-0.636479,908130,1060,0,0,0,1.9667921549
1.3117,909735,1060,0,0,14.449119202,1.9784991522
1.714454,910691,1060,0,0,0,2.2577327546
0.645199,924187,1060,1,4.7143561173,0,2.6533508085
-0.468975,1240127,1060,2,8.7835949774,0,3.6815714119
-0.92534,1240174,1060,1,4.2286055327,0,1.931980783
3.910913,907000,1061,0,0,0,2.0060246273
3.328103,907051,1061,2,8.9210509035,0,3.4323658044
3.879911,908130,1061,0,0,0,1.9667921549
4.582369,910691,1061,0,0,0,2.2577327546
5.466023,924187,1061,1,4.7143561173,0,2.6533508085
5.058477,1240127,1061,2,8.7835949774,0,3.6815714119
4.470797,907000,1129,0,0,0,2.0060246273
3.827448,907051,1129,2,8.9210509035,0,3.4323658044
4.620851,908130,1129,0,0,0,1.9667921549
3.565173,909735,1129,0,0,14.449119202,1.9784991522
5.066171,910691,1129,0,0,0,2.2577327546
4.94244,910781,1129,1,4.8081334031,5.5312781323,2.1709069768
3.738978,924187,1129,1,4.7143561173,0,2.6533508085
5.074415,1240127,1129,2,8.7835949774,0,3.6815714119
3.046767,1240174,1129,1,4.2286055327,0,1.931980783
1.571659,907000,1142,0,0,0,2.0060246273
1.195718,907051,1142,2,8.9210509035,0,3.4323658044
0.772827,908130,1142,0,0,0,1.9667921549
0.34452,909735,1142,0,0,14.449119202,1.9784991522
1.836927,910691,1142,0,0,0,2.2577327546
2.9458,1240127,1142,2,8.7835949774,0,3.6815714119
2.359845,1240174,1142,1,4.2286055327,0,1.931980783
3.661514,907000,1143,0,0,0,2.0060246273
2.834862,907051,1143,2,8.9210509035,0,3.4323658044
3.354213,908130,1143,0,0,0,1.9667921549
2.40969,909735,1143,0,0,14.449119202,1.9784991522
4.208371,910691,1143,0,0,0,2.2577327546
3.852622,930082,1143,0,0,6.9632637271,2.0219194553
5.552964,1240127,1143,2,8.7835949774,0,3.6815714119
3.720634,1240174,1143,1,4.2286055327,0,1.931980783
3.58033,907000,1158,0,0,0,2.0060246273
4.116611,907051,1158,2,8.9210509035,0,3.4323658044
3.593207,908130,1158,0,0,0,1.9667921549
1.464914,909735,1158,0,0,14.449119202,1.9784991522
3.710596,910691,1158,0,0,0,2.2577327546
3.056966,930082,1158,0,0,6.9632637271,2.0219194553
5.589552,1240127,1158,2,8.7835949774,0,3.6815714119
3.726303,1240174,1158,1,4.2286055327,0,1.931980783
0.594967,907000,1161,0,0,0,2.0060246273
0.826513,907051,1161,2,8.9210509035,0,3.4323658044
0.295604,908130,1161,0,0,0,1.9667921549
0.018965,909735,1161,0,0,14.449119202,1.9784991522
0.494351,910691,1161,0,0,0,2.2577327546
1.576614,1240127,1161,2,8.7835949774,0,3.6815714119
1.182704,1240174,1161,1,4.2286055327,0,1.931980783
2.991862,907000,1164,0,0,0,2.0060246273
2.901395,907051,1164,2,8.9210509035,0,3.4323658044
2.824846,908130,1164,0,0,0,1.9667921549
1.046128,909735,1164,0,0,14.449119202,1.9784991522
3.698672,910691,1164,0,0,0,2.2577327546
1.744936,930082,1164,0,0,6.9632637271,2.0219194553
5.4366,1240127,1164,2,8.7835949774,0,3.6815714119
3.332309,1240174,1164,1,4.2286055327,0,1.931980783
4.529046,907000,1194,0,0,0,2.0060246273
4.681879,907051,1194,2,8.9210509035,0,3.4323658044
3.48846,908130,1194,0,0,0,1.9667921549
4.413109,909735,1194,0,0,14.449119202,1.9784991522
4.131986,910691,1194,0,0,0,2.2577327546
4.092063,910781,1194,1,4.8081334031,5.5312781323,2.1709069768
5.918537,924187,1194,1,4.7143561173,0,2.6533508085
3.99987,930082,1194,0,0,6.9632637271,2.0219194553
5.589552,1240127,1194,2,8.7835949774,0,3.6815714119
4.801131,1240174,1194,1,4.2286055327,0,1.931980783
2.498874,907000,1203,0,0,0,2.0060246273
4.665072,907051,1203,2,8.9210509035,0,3.4323658044
2.158974,908130,1203,0,0,0,1.9667921549
0.564936,909735,1203,0,0,14.449119202,1.9784991522
2.942022,930082,1203,0,0,6.9632637271,2.0219194553
5.589552,1240127,1203,2,8.7835949774,0,3.6815714119
4.459146,1240174,1203,1,4.2286055327,0,1.931980783
2.697778,907000,1219,0,0,0,2.0060246273
2.609446,907051,1219,2,8.9210509035,0,3.4323658044
2.537405,908130,1219,0,0,0,1.9667921549
0.941561,909735,1219,0,0,14.449119202,1.9784991522
2.526672,910691,1219,0,0,0,2.2577327546
4.183972,910781,1219,1,4.8081334031,5.5312781323,2.1709069768
2.35167,924187,1219,1,4.7143561173,0,2.6533508085
3.395349,930082,1219,0,0,6.9632637271,2.0219194553
5.580561,1240127,1219,2,8.7835949774,0,3.6815714119
2.359585,1240174,1219,1,4.2286055327,0,1.931980783
-1.590594,907000,1242,0,0,0,2.0060246273
1.089634,907051,1242,2,8.9210509035,0,3.4323658044
0.942805,908130,1242,0,0,0,1.9667921549
0.559286,909735,1242,0,0,14.449119202,1.9784991522
1.23553,910691,1242,0,0,0,2.2577327546
-0.690409,910781,1242,1,4.8081334031,5.5312781323,2.1709069768
2.886526,924187,1242,1,4.7143561173,0,2.6533508085
1.19636,930082,1242,0,0,6.9632637271,2.0219194553
4.09081,1240127,1242,2,8.7835949774,0,3.6815714119
1.253806,1240174,1242,1,4.2286055327,0,1.931980783
-0.495177,907000,1372,0,0,0,2.0060246273
1.939231,907051,1372,2,8.9210509035,0,3.4323658044
-0.515998,908130,1372,0,0,0,1.9667921549
-3.281994,909735,1372,0,0,14.449119202,1.9784991522
2.436389,910691,1372,0,0,0,2.2577327546
-0.549719,910781,1372,1,4.8081334031,5.5312781323,2.1709069768
2.104945,924187,1372,1,4.7143561173,0,2.6533508085
-4.901247,930082,1372,0,0,6.9632637271,2.0219194553
2.663138,1240127,1372,2,8.7835949774,0,3.6815714119
-1.198983,1240174,1372,1,4.2286055327,0,1.931980783
4.467218,907000,1373,0,0,0,2.0060246273
4.525991,907051,1373,2,8.9210509035,0,3.4323658044
3.038062,908130,1373,0,0,0,1.9667921549
-1.424221,909735,1373,0,0,14.449119202,1.9784991522
5.142651,910691,1373,0,0,0,2.2577327546
3.022606,910781,1373,1,4.8081334031,5.5312781323,2.1709069768
3.835433,924187,1373,1,4.7143561173,0,2.6533508085
3.569885,930082,1373,0,0,6.9632637271,2.0219194553
5.589552,1240127,1373,2,8.7835949774,0,3.6815714119
4.54835,1240174,1373,1,4.2286055327,0,1.931980783
3.416131045,907000,1032,0,0,0,2.0060246273
4.0611458918,907051,1032,2,8.9210509035,0,3.4323658044
4.4719742723,908130,1032,0,0,0,1.9667921549
0.7273640195,909735,1032,0,0,14.449119202,1.9784991522
3.8636610011,910691,1032,0,0,0,2.2577327546
4.1116680708,910781,1032,1,4.8081334031,5.5312781323,2.1709069768
2.1599555689,924187,1032,1,4.7143561173,0,2.6533508085
1.0231112838,930082,1032,0,0,6.9632637271,2.0219194553
3.8412005916,1240127,1032,2,8.7835949774,0,3.6815714119
1.830654,1240174,1032,1,4.2286055327,0,1.931980783
2.039456574,907000,1014,0,0,0,2.0060246273
3.5394945718,907051,1014,2,8.9210509035,0,3.4323658044
1.8224412432,908130,1014,0,0,0,1.9667921549
1.9861751214,909735,1014,0,0,14.449119202,1.9784991522
4.0408189677,910691,1014,0,0,0,2.2577327546
2.11867,910781,1014,1,4.8081334031,5.5312781323,2.1709069768
3.3244305064,924187,1014,1,4.7143561173,0,2.6533508085
-0.01506,930082,1014,0,0,6.9632637271,2.0219194553
3.782432,1240127,1014,2,8.7835949774,0,3.6815714119
1.7350854836,1240174,1014,1,4.2286055327,0,1.931980783
