IC50,Cancer,Drug,GO_0032212_EXP,CLS_NCI_code_C9384,EXP_ICK
3.446312,753558,1,0,0,3.2457378881
1.069785,753577,1,3.415194526,0,3.1804375719
3.87406,905978,1,0,0,3.2633714671
-0.268727,905980,1,0,0,3.1820242677
-0.391755,909250,1,0,0,3.225613825
2.258333,909730,1,0,0,3.5364402489
1.976789,909974,1,0,0,3.5545443966
1.627274,753558,5,0,0,3.2457378881
0.1453,753577,5,3.415194526,0,3.1804375719
5.853587,905948,5,0,1,3.5730919102
1.761192,905978,5,0,0,3.2633714671
2.05513,905980,5,0,0,3.1820242677
1.726487,909250,5,0,0,3.225613825
1.063258,909730,5,0,0,3.5364402489
5.904683,909974,5,0,0,3.5545443966
2.503407,910920,5,0,0,3.4809743515
3.399236,753558,6,0,0,3.2457378881
1.72108,753577,6,3.415194526,0,3.1804375719
1.164934,905948,6,0,1,3.5730919102
4.008914,905978,6,0,0,3.2633714671
3.723316,905980,6,0,0,3.1820242677
4.163585,909250,6,0,0,3.225613825
1.642266,909730,6,0,0,3.5364402489
3.451657,909974,6,0,0,3.5545443966
2.762239,910920,6,0,0,3.4809743515
4.242077,753558,29,0,0,3.2457378881
2.259604,753577,29,3.415194526,0,3.1804375719
3.246751,905978,29,0,0,3.2633714671
1.639034,905980,29,0,0,3.1820242677
3.230076,909250,29,0,0,3.225613825
-0.688578,909730,29,0,0,3.5364402489
5.187751,909974,29,0,0,3.5545443966
4.06074,753558,30,0,0,3.2457378881
3.284716,753577,30,3.415194526,0,3.1804375719
4.704922,905948,30,0,1,3.5730919102
4.28946,905978,30,0,0,3.2633714671
2.308788,905980,30,0,0,3.1820242677
1.959091,909250,30,0,0,3.225613825
0.719533,909730,30,0,0,3.5364402489
4.966354,909974,30,0,0,3.5545443966
0.416271,753558,32,0,0,3.2457378881
0.36382,753577,32,3.415194526,0,3.1804375719
4.466958,905948,32,0,1,3.5730919102
2.21062,905978,32,0,0,3.2633714671
0.553449,905980,32,0,0,3.1820242677
1.114365,909250,32,0,0,3.225613825
-0.648327,909730,32,0,0,3.5364402489
4.681002,909974,32,0,0,3.5545443966
2.010558,910920,32,0,0,3.4809743515
3.502996,753558,34,0,0,3.2457378881
2.112364,753577,34,3.415194526,0,3.1804375719
1.146829,905948,34,0,1,3.5730919102
3.955462,905978,34,0,0,3.2633714671
3.774081,905980,34,0,0,3.1820242677
4.104994,909250,34,0,0,3.225613825
1.956767,909730,34,0,0,3.5364402489
5.180696,909974,34,0,0,3.5545443966
3.046734,910920,34,0,0,3.4809743515
0.947999,753558,35,0,0,3.2457378881
-0.236628,753577,35,3.415194526,0,3.1804375719
2.58894,905948,35,0,1,3.5730919102
-0.487017,905978,35,0,0,3.2633714671
0.189839,905980,35,0,0,3.1820242677
0.348693,909250,35,0,0,3.225613825
-1.366291,909730,35,0,0,3.5364402489
1.740542,909974,35,0,0,3.5545443966
-0.325131,910920,35,0,0,3.4809743515
3.266319,753558,37,0,0,3.2457378881
2.826137,753577,37,3.415194526,0,3.1804375719
1.82756,905948,37,0,1,3.5730919102
3.476145,905978,37,0,0,3.2633714671
3.380266,905980,37,0,0,3.1820242677
3.438006,909250,37,0,0,3.225613825
1.50256,909730,37,0,0,3.5364402489
3.637515,909974,37,0,0,3.5545443966
2.999357,910920,37,0,0,3.4809743515
0.424594,753558,38,0,0,3.2457378881
-0.297771,753577,38,3.415194526,0,3.1804375719
4.423821,905948,38,0,1,3.5730919102
0.483544,905978,38,0,0,3.2633714671
0.284115,905980,38,0,0,3.1820242677
0.660579,909250,38,0,0,3.225613825
2.330754,909730,38,0,0,3.5364402489
3.206482,909974,38,0,0,3.5545443966
-0.059173,910920,38,0,0,3.4809743515
-3.156899,753558,51,0,0,3.2457378881
-4.232277,753577,51,3.415194526,0,3.1804375719
-2.405666,905948,51,0,1,3.5730919102
-3.633819,905978,51,0,0,3.2633714671
-4.263795,905980,51,0,0,3.1820242677
-3.603747,909250,51,0,0,3.225613825
0.627821,909730,51,0,0,3.5364402489
-0.270654,909974,51,0,0,3.5545443966
-3.455038,910920,51,0,0,3.4809743515
2.162564,753558,52,0,0,3.2457378881
2.698468,753577,52,3.415194526,0,3.1804375719
1.200244,905948,52,0,1,3.5730919102
3.175048,905978,52,0,0,3.2633714671
3.002936,905980,52,0,0,3.1820242677
3.338156,909250,52,0,0,3.225613825
2.201988,909730,52,0,0,3.5364402489
1.820578,909974,52,0,0,3.5545443966
2.013099,910920,52,0,0,3.4809743515
-2.403061,753558,53,0,0,3.2457378881
-3.686142,753577,53,3.415194526,0,3.1804375719
-1.8924,905948,53,0,1,3.5730919102
-3.782513,905978,53,0,0,3.2633714671
-2.827856,905980,53,0,0,3.1820242677
-2.966317,909250,53,0,0,3.225613825
-2.658096,909730,53,0,0,3.5364402489
-2.139449,909974,53,0,0,3.5545443966
-1.887501,910920,53,0,0,3.4809743515
1.265024,753558,54,0,0,3.2457378881
1.613763,753577,54,3.415194526,0,3.1804375719
2.756503,905948,54,0,1,3.5730919102
3.875516,905978,54,0,0,3.2633714671
2.072629,905980,54,0,0,3.1820242677
3.809949,909250,54,0,0,3.225613825
2.337951,909730,54,0,0,3.5364402489
2.759467,909974,54,0,0,3.5545443966
3.325101,910920,54,0,0,3.4809743515
0.214248,753558,55,0,0,3.2457378881
-2.164288,753577,55,3.415194526,0,3.1804375719
4.820383,905948,55,0,1,3.5730919102
-0.152138,905978,55,0,0,3.2633714671
-0.423076,905980,55,0,0,3.1820242677
-0.46996,909250,55,0,0,3.225613825
1.726869,909730,55,0,0,3.5364402489
2.800419,909974,55,0,0,3.5545443966
0.120964,910920,55,0,0,3.4809743515
1.635233,753558,56,0,0,3.2457378881
-2.216694,753577,56,3.415194526,0,3.1804375719
-1.93286,905948,56,0,1,3.5730919102
-2.588901,905978,56,0,0,3.2633714671
0.07224,905980,56,0,0,3.1820242677
-1.792364,909250,56,0,0,3.225613825
2.238523,909730,56,0,0,3.5364402489
-1.579293,909974,56,0,0,3.5545443966
-3.850027,910920,56,0,0,3.4809743515
3.405646,753558,59,0,0,3.2457378881
3.2108,753577,59,3.415194526,0,3.1804375719
5.951275,905948,59,0,1,3.5730919102
4.678108,905978,59,0,0,3.2633714671
3.797016,905980,59,0,0,3.1820242677
3.478585,909250,59,0,0,3.225613825
3.89692,909730,59,0,0,3.5364402489
4.165099,909974,59,0,0,3.5545443966
3.101059,910920,59,0,0,3.4809743515
-2.08139,753558,60,0,0,3.2457378881
-2.355047,753577,60,3.415194526,0,3.1804375719
1.230525,905948,60,0,1,3.5730919102
-2.48426,905978,60,0,0,3.2633714671
-2.255751,905980,60,0,0,3.1820242677
-1.169805,909250,60,0,0,3.225613825
-3.392045,909730,60,0,0,3.5364402489
1.097006,909974,60,0,0,3.5545443966
-0.329973,910920,60,0,0,3.4809743515
2.240481,753558,63,0,0,3.2457378881
2.806471,753577,63,3.415194526,0,3.1804375719
5.860662,905948,63,0,1,3.5730919102
2.85912,905978,63,0,0,3.2633714671
3.495199,905980,63,0,0,3.1820242677
2.10954,909250,63,0,0,3.225613825
3.15276,909730,63,0,0,3.5364402489
2.987881,909974,63,0,0,3.5545443966
3.472006,910920,63,0,0,3.4809743515
1.424546,753558,64,0,0,3.2457378881
0.816847,753577,64,3.415194526,0,3.1804375719
4.789766,905948,64,0,1,3.5730919102
1.729296,905978,64,0,0,3.2633714671
0.550826,905980,64,0,0,3.1820242677
1.915827,909250,64,0,0,3.225613825
2.762829,909730,64,0,0,3.5364402489
2.521523,909974,64,0,0,3.5545443966
1.170338,910920,64,0,0,3.4809743515
-4.325063,753558,83,0,0,3.2457378881
3.956467,905948,83,0,1,3.5730919102
-3.259996,905978,83,0,0,3.2633714671
-3.07917,905980,83,0,0,3.1820242677
-4.279909,909250,83,0,0,3.225613825
-1.810638,909730,83,0,0,3.5364402489
1.346793,909974,83,0,0,3.5545443966
-2.713871,910920,83,0,0,3.4809743515
-0.790816,753558,86,0,0,3.2457378881
-1.700848,753577,86,3.415194526,0,3.1804375719
3.7718,905948,86,0,1,3.5730919102
-1.326706,905978,86,0,0,3.2633714671
-1.463472,905980,86,0,0,3.1820242677
-1.525733,909250,86,0,0,3.225613825
-0.609712,909730,86,0,0,3.5364402489
1.717619,909974,86,0,0,3.5545443966
-1.734393,910920,86,0,0,3.4809743515
-3.076749,753558,87,0,0,3.2457378881
-3.122012,753577,87,3.415194526,0,3.1804375719
-0.175346,905948,87,0,1,3.5730919102
-2.757179,905978,87,0,0,3.2633714671
-2.579472,905980,87,0,0,3.1820242677
-1.914865,909250,87,0,0,3.225613825
-3.965266,909730,87,0,0,3.5364402489
1.016917,909974,87,0,0,3.5545443966
-0.308864,910920,87,0,0,3.4809743515
4.416799,753558,91,0,0,3.2457378881
4.266252,753577,91,3.415194526,0,3.1804375719
5.365134,905948,91,0,1,3.5730919102
4.967128,905978,91,0,0,3.2633714671
4.255223,905980,91,0,0,3.1820242677
4.427506,909250,91,0,0,3.225613825
2.758166,909730,91,0,0,3.5364402489
5.984702,909974,91,0,0,3.5545443966
2.068022,753558,106,0,0,3.2457378881
3.137188,753577,106,3.415194526,0,3.1804375719
1.977408,905948,106,0,1,3.5730919102
3.320125,905978,106,0,0,3.2633714671
2.671943,905980,106,0,0,3.1820242677
2.577336,909250,106,0,0,3.225613825
2.474873,909730,106,0,0,3.5364402489
2.125831,909974,106,0,0,3.5545443966
3.906525,753558,110,0,0,3.2457378881
3.877696,753577,110,3.415194526,0,3.1804375719
4.747914,905978,110,0,0,3.2633714671
4.146243,905980,110,0,0,3.1820242677
2.816644,909250,110,0,0,3.225613825
3.48383,909730,110,0,0,3.5364402489
5.261863,909974,110,0,0,3.5545443966
3.128671,753558,119,0,0,3.2457378881
0.75723,753577,119,3.415194526,0,3.1804375719
3.209711,905978,119,0,0,3.2633714671
0.518784,905980,119,0,0,3.1820242677
0.359509,909250,119,0,0,3.225613825
2.248243,909730,119,0,0,3.5364402489
2.51934,909974,119,0,0,3.5545443966
2.877321,753558,152,0,0,3.2457378881
1.987168,753577,152,3.415194526,0,3.1804375719
2.149124,905947,152,5.0797408842,0,3.1031822318
3.720743,905948,152,0,1,3.5730919102
2.359057,905950,152,0,0,3.1682549476
1.577891,905963,152,0,0,3.2175274635
2.670171,905978,152,0,0,3.2633714671
3.89937,905979,152,0,0,4.0333226952
2.743062,905980,152,0,0,3.1820242677
1.98561,905981,152,0,0,3.2667360281
3.048784,909250,152,0,0,3.225613825
1.733866,909730,152,0,0,3.5364402489
1.952488,909781,152,0,0,3.7135480026
5.139899,909974,152,0,0,3.5545443966
3.427642,910698,152,0,1,3.3979326776
3.489653,910920,152,0,0,3.4809743515
1.877461,910922,152,0,0,3.1973917272
2.295554,910952,152,0,0,3.199250554
3.948016,1298168,152,0,1,3.3979952227
5.1282,1298169,152,0,1,3.2868382091
2.656726,1524414,152,0,0,3.2750857306
1.478562,1524415,152,0,0,3.2198379292
1.285964,1524416,152,0,0,3.1700142245
-0.757857,753558,153,0,0,3.2457378881
-1.9057,753577,153,3.415194526,0,3.1804375719
-1.213338,905947,153,5.0797408842,0,3.1031822318
-1.622389,905948,153,0,1,3.5730919102
-0.846141,905950,153,0,0,3.1682549476
-1.430237,905963,153,0,0,3.2175274635
-0.746083,905978,153,0,0,3.2633714671
0.4635,905979,153,0,0,4.0333226952
-1.039468,905980,153,0,0,3.1820242677
-1.43466,905981,153,0,0,3.2667360281
-0.854919,909250,153,0,0,3.225613825
-0.164613,909730,153,0,0,3.5364402489
-0.752126,909781,153,0,0,3.7135480026
0.699056,909974,153,0,0,3.5545443966
-1.11555,910698,153,0,1,3.3979326776
-0.786564,910920,153,0,0,3.4809743515
-1.905447,910922,153,0,0,3.1973917272
-1.405784,910952,153,0,0,3.199250554
-0.810776,1298168,153,0,1,3.3979952227
-2.599129,1298169,153,0,1,3.2868382091
2.208979,753558,155,0,0,3.2457378881
-0.832056,753577,155,3.415194526,0,3.1804375719
-1.190467,905947,155,5.0797408842,0,3.1031822318
0.875649,905948,155,0,1,3.5730919102
-0.887978,905950,155,0,0,3.1682549476
-0.940156,905963,155,0,0,3.2175274635
1.429928,905978,155,0,0,3.2633714671
0.13485,905979,155,0,0,4.0333226952
1.960514,905980,155,0,0,3.1820242677
1.023477,905981,155,0,0,3.2667360281
-0.156173,909250,155,0,0,3.225613825
0.533299,909730,155,0,0,3.5364402489
-0.330199,909781,155,0,0,3.7135480026
1.61795,909974,155,0,0,3.5545443966
1.200824,910698,155,0,1,3.3979326776
0.13635,910920,155,0,0,3.4809743515
-0.06992,910922,155,0,0,3.1973917272
0.180098,910952,155,0,0,3.199250554
2.219175,1298168,155,0,1,3.3979952227
1.358213,1298169,155,0,1,3.2868382091
-0.410479,753558,157,0,0,3.2457378881
-1.121606,753577,157,3.415194526,0,3.1804375719
-1.174413,905947,157,5.0797408842,0,3.1031822318
-1.431966,905948,157,0,1,3.5730919102
-1.13267,905950,157,0,0,3.1682549476
-1.012352,905963,157,0,0,3.2175274635
-2.583962,905978,157,0,0,3.2633714671
-0.037282,905979,157,0,0,4.0333226952
0.11467,905980,157,0,0,3.1820242677
-1.103469,905981,157,0,0,3.2667360281
-1.299191,909250,157,0,0,3.225613825
-0.451988,909730,157,0,0,3.5364402489
-0.803599,909781,157,0,0,3.7135480026
0.206082,909974,157,0,0,3.5545443966
-0.774842,910698,157,0,1,3.3979326776
-0.692734,910920,157,0,0,3.4809743515
-0.837647,910922,157,0,0,3.1973917272
-0.339676,910952,157,0,0,3.199250554
-0.522263,1298168,157,0,1,3.3979952227
1.525455,1298169,157,0,1,3.2868382091
3.026958,753558,158,0,0,3.2457378881
1.127235,753577,158,3.415194526,0,3.1804375719
0.83504,905947,158,5.0797408842,0,3.1031822318
2.42389,905948,158,0,1,3.5730919102
1.387703,905950,158,0,0,3.1682549476
0.898077,905963,158,0,0,3.2175274635
1.290959,905978,158,0,0,3.2633714671
1.532018,905979,158,0,0,4.0333226952
1.71766,905980,158,0,0,3.1820242677
2.122306,905981,158,0,0,3.2667360281
1.701273,909250,158,0,0,3.225613825
1.518791,909730,158,0,0,3.5364402489
1.656623,909781,158,0,0,3.7135480026
1.050177,909974,158,0,0,3.5545443966
2.819621,910698,158,0,1,3.3979326776
1.351303,910922,158,0,0,3.1973917272
2.466908,910952,158,0,0,3.199250554
1.190076,1298168,158,0,1,3.3979952227
3.805517,1298169,158,0,1,3.2868382091
2.121656,753558,159,0,0,3.2457378881
0.076283,753577,159,3.415194526,0,3.1804375719
-1.257548,905947,159,5.0797408842,0,3.1031822318
-0.644575,905948,159,0,1,3.5730919102
-0.843802,905950,159,0,0,3.1682549476
-1.164081,905963,159,0,0,3.2175274635
-1.457892,905978,159,0,0,3.2633714671
0.889266,905979,159,0,0,4.0333226952
2.328006,905980,159,0,0,3.1820242677
0.6695,905981,159,0,0,3.2667360281
-0.294796,909250,159,0,0,3.225613825
0.922507,909730,159,0,0,3.5364402489
-0.788749,909781,159,0,0,3.7135480026
-0.10184,909974,159,0,0,3.5545443966
1.214884,910698,159,0,1,3.3979326776
0.218262,910920,159,0,0,3.4809743515
0.021338,910922,159,0,0,3.1973917272
-0.044642,910952,159,0,0,3.199250554
1.455539,1298168,159,0,1,3.3979952227
0.87371,1298169,159,0,1,3.2868382091
1.340338,753558,167,0,0,3.2457378881
1.777206,753577,167,3.415194526,0,3.1804375719
-0.597738,905947,167,5.0797408842,0,3.1031822318
5.541383,905948,167,0,1,3.5730919102
1.17558,905950,167,0,0,3.1682549476
3.017165,905963,167,0,0,3.2175274635
2.157488,905978,167,0,0,3.2633714671
2.724167,905979,167,0,0,4.0333226952
1.32051,905980,167,0,0,3.1820242677
1.779589,905981,167,0,0,3.2667360281
1.850806,909250,167,0,0,3.225613825
1.752637,909730,167,0,0,3.5364402489
1.30695,909781,167,0,0,3.7135480026
2.520661,909974,167,0,0,3.5545443966
1.278967,910698,167,0,1,3.3979326776
1.690795,910920,167,0,0,3.4809743515
0.864941,910922,167,0,0,3.1973917272
2.897566,910952,167,0,0,3.199250554
2.050709,1298168,167,0,1,3.3979952227
1.751495,1298169,167,0,1,3.2868382091
6.242446,753558,176,0,0,3.2457378881
5.043898,753577,176,3.415194526,0,3.1804375719
1.032487,905947,176,5.0797408842,0,3.1031822318
6.853856,905948,176,0,1,3.5730919102
2.515011,905950,176,0,0,3.1682549476
6.962381,905963,176,0,0,3.2175274635
3.650163,905978,176,0,0,3.2633714671
6.436058,905979,176,0,0,4.0333226952
3.617524,905980,176,0,0,3.1820242677
2.540557,905981,176,0,0,3.2667360281
5.266186,909250,176,0,0,3.225613825
4.688895,909730,176,0,0,3.5364402489
2.617448,909781,176,0,0,3.7135480026
3.443785,909974,176,0,0,3.5545443966
5.706111,910698,176,0,1,3.3979326776
2.578719,910920,176,0,0,3.4809743515
2.532329,910922,176,0,0,3.1973917272
5.109871,910952,176,0,0,3.199250554
3.405925,1298168,176,0,1,3.3979952227
3.79732,753558,177,0,0,3.2457378881
1.376287,753577,177,3.415194526,0,3.1804375719
0.620767,905947,177,5.0797408842,0,3.1031822318
6.240293,905948,177,0,1,3.5730919102
2.098007,905950,177,0,0,3.1682549476
4.622285,905963,177,0,0,3.2175274635
4.620649,905978,177,0,0,3.2633714671
3.127558,905979,177,0,0,4.0333226952
3.511877,905980,177,0,0,3.1820242677
1.423086,905981,177,0,0,3.2667360281
3.502066,909250,177,0,0,3.225613825
2.989389,909730,177,0,0,3.5364402489
2.243984,909781,177,0,0,3.7135480026
6.844143,909974,177,0,0,3.5545443966
2.09862,910698,177,0,1,3.3979326776
2.818182,910920,177,0,0,3.4809743515
1.479921,910922,177,0,0,3.1973917272
5.784683,910952,177,0,0,3.199250554
5.413005,1298168,177,0,1,3.3979952227
3.721341,1298169,177,0,1,3.2868382091
3.054734,753558,178,0,0,3.2457378881
-0.31672,753577,178,3.415194526,0,3.1804375719
0.348882,905947,178,5.0797408842,0,3.1031822318
5.704551,905948,178,0,1,3.5730919102
0.390184,905950,178,0,0,3.1682549476
1.002522,905963,178,0,0,3.2175274635
1.691246,905978,178,0,0,3.2633714671
4.372434,905979,178,0,0,4.0333226952
1.572163,905980,178,0,0,3.1820242677
1.610747,905981,178,0,0,3.2667360281
0.341936,909250,178,0,0,3.225613825
1.263741,909730,178,0,0,3.5364402489
1.63799,909781,178,0,0,3.7135480026
3.159037,909974,178,0,0,3.5545443966
3.087515,910698,178,0,1,3.3979326776
3.957234,910920,178,0,0,3.4809743515
-0.127397,910922,178,0,0,3.1973917272
2.867112,910952,178,0,0,3.199250554
3.602416,1298168,178,0,1,3.3979952227
0.062641,753558,184,0,0,3.2457378881
-0.434604,753577,184,3.415194526,0,3.1804375719
0.042707,905947,184,5.0797408842,0,3.1031822318
1.868742,905948,184,0,1,3.5730919102
0.858056,905950,184,0,0,3.1682549476
0.269578,905963,184,0,0,3.2175274635
0.279795,905978,184,0,0,3.2633714671
1.538356,905979,184,0,0,4.0333226952
0.378069,905980,184,0,0,3.1820242677
1.028695,905981,184,0,0,3.2667360281
0.267352,909250,184,0,0,3.225613825
-1.438838,909730,184,0,0,3.5364402489
0.636583,909781,184,0,0,3.7135480026
1.644873,909974,184,0,0,3.5545443966
1.040473,910698,184,0,1,3.3979326776
0.950705,910920,184,0,0,3.4809743515
-0.115431,910922,184,0,0,3.1973917272
1.573306,910952,184,0,0,3.199250554
1.499466,1298168,184,0,1,3.3979952227
1.537233,1298169,184,0,1,3.2868382091
0.549672,753558,185,0,0,3.2457378881
0.331616,753577,185,3.415194526,0,3.1804375719
1.719489,905947,185,5.0797408842,0,3.1031822318
2.573596,905948,185,0,1,3.5730919102
3.855392,905950,185,0,0,3.1682549476
1.745968,905963,185,0,0,3.2175274635
1.979115,905978,185,0,0,3.2633714671
2.387906,905979,185,0,0,4.0333226952
2.042773,905980,185,0,0,3.1820242677
1.969264,905981,185,0,0,3.2667360281
3.112349,909250,185,0,0,3.225613825
-0.228269,909730,185,0,0,3.5364402489
3.107692,909781,185,0,0,3.7135480026
0.844312,909974,185,0,0,3.5545443966
2.499421,910698,185,0,1,3.3979326776
2.596832,910920,185,0,0,3.4809743515
2.441155,910922,185,0,0,3.1973917272
1.6809,910952,185,0,0,3.199250554
3.24229,1298168,185,0,1,3.3979952227
3.347394,1298169,185,0,1,3.2868382091
3.892466,753558,192,0,0,3.2457378881
3.163458,753577,192,3.415194526,0,3.1804375719
3.472888,905947,192,5.0797408842,0,3.1031822318
4.54575,905948,192,0,1,3.5730919102
4.959484,905950,192,0,0,3.1682549476
2.728497,905963,192,0,0,3.2175274635
5.495227,905978,192,0,0,3.2633714671
4.505373,905979,192,0,0,4.0333226952
4.053704,905980,192,0,0,3.1820242677
4.293097,905981,192,0,0,3.2667360281
4.745043,909250,192,0,0,3.225613825
4.631902,909730,192,0,0,3.5364402489
3.731048,909781,192,0,0,3.7135480026
3.804039,909974,192,0,0,3.5545443966
4.120657,910698,192,0,1,3.3979326776
2.918093,910920,192,0,0,3.4809743515
4.887188,910922,192,0,0,3.1973917272
2.580807,910952,192,0,0,3.199250554
4.677085,1298168,192,0,1,3.3979952227
3.986296,1298169,192,0,1,3.2868382091
5.47933,753558,193,0,0,3.2457378881
5.663268,753577,193,3.415194526,0,3.1804375719
4.477316,905947,193,5.0797408842,0,3.1031822318
6.108665,905948,193,0,1,3.5730919102
5.324104,905950,193,0,0,3.1682549476
5.8585,905963,193,0,0,3.2175274635
4.915964,905978,193,0,0,3.2633714671
5.586882,905979,193,0,0,4.0333226952
6.045079,905980,193,0,0,3.1820242677
5.139574,905981,193,0,0,3.2667360281
6.370989,909250,193,0,0,3.225613825
5.126851,909730,193,0,0,3.5364402489
4.942891,909781,193,0,0,3.7135480026
6.365677,909974,193,0,0,3.5545443966
5.414877,910698,193,0,1,3.3979326776
4.661494,910920,193,0,0,3.4809743515
4.522916,910922,193,0,0,3.1973917272
5.457986,910952,193,0,0,3.199250554
5.274862,1298168,193,0,1,3.3979952227
5.573659,1298169,193,0,1,3.2868382091
6.208194,1524414,193,0,0,3.2750857306
5.695043,1524415,193,0,0,3.2198379292
3.662436,1524416,193,0,0,3.1700142245
3.084894,753558,199,0,0,3.2457378881
0.976458,753577,199,3.415194526,0,3.1804375719
2.22312,905947,199,5.0797408842,0,3.1031822318
5.338541,905948,199,0,1,3.5730919102
2.280315,905950,199,0,0,3.1682549476
2.073928,905963,199,0,0,3.2175274635
2.374161,905978,199,0,0,3.2633714671
2.912476,905979,199,0,0,4.0333226952
2.667397,905980,199,0,0,3.1820242677
4.551251,905981,199,0,0,3.2667360281
2.468122,909250,199,0,0,3.225613825
3.299058,909730,199,0,0,3.5364402489
4.470187,909781,199,0,0,3.7135480026
4.333581,909974,199,0,0,3.5545443966
2.732005,910698,199,0,1,3.3979326776
0.23896,910920,199,0,0,3.4809743515
3.568954,910922,199,0,0,3.1973917272
1.701183,910952,199,0,0,3.199250554
2.426679,1298168,199,0,1,3.3979952227
3.083056,1298169,199,0,1,3.2868382091
2.646572,753558,202,0,0,3.2457378881
1.637158,753577,202,3.415194526,0,3.1804375719
0.939258,905947,202,5.0797408842,0,3.1031822318
2.923911,905948,202,0,1,3.5730919102
1.578957,905950,202,0,0,3.1682549476
1.684443,905963,202,0,0,3.2175274635
3.330509,905978,202,0,0,3.2633714671
2.721837,905979,202,0,0,4.0333226952
2.612804,905980,202,0,0,3.1820242677
1.654468,905981,202,0,0,3.2667360281
2.375396,909250,202,0,0,3.225613825
2.386456,909730,202,0,0,3.5364402489
2.961493,909781,202,0,0,3.7135480026
3.331466,909974,202,0,0,3.5545443966
2.56429,910698,202,0,1,3.3979326776
1.895661,910920,202,0,0,3.4809743515
2.200553,910922,202,0,0,3.1973917272
0.786826,910952,202,0,0,3.199250554
2.593447,1298168,202,0,1,3.3979952227
1.341534,1298169,202,0,1,3.2868382091
3.174779,753558,203,0,0,3.2457378881
2.610209,753577,203,3.415194526,0,3.1804375719
1.523954,905947,203,5.0797408842,0,3.1031822318
4.526325,905948,203,0,1,3.5730919102
3.22624,905950,203,0,0,3.1682549476
2.669729,905963,203,0,0,3.2175274635
3.661949,905978,203,0,0,3.2633714671
4.296795,905979,203,0,0,4.0333226952
3.488264,905980,203,0,0,3.1820242677
2.028137,905981,203,0,0,3.2667360281
3.186914,909250,203,0,0,3.225613825
2.46998,909730,203,0,0,3.5364402489
3.095344,909781,203,0,0,3.7135480026
4.548022,909974,203,0,0,3.5545443966
4.652076,910698,203,0,1,3.3979326776
4.535533,910920,203,0,0,3.4809743515
1.490687,910922,203,0,0,3.1973917272
4.228971,910952,203,0,0,3.199250554
5.151567,1298168,203,0,1,3.3979952227
5.245908,1298169,203,0,1,3.2868382091
3.651541,1524414,203,0,0,3.2750857306
2.742694,1524415,203,0,0,3.2198379292
2.909443,1524416,203,0,0,3.1700142245
4.496627,753558,206,0,0,3.2457378881
4.464818,753577,206,3.415194526,0,3.1804375719
3.71501,905947,206,5.0797408842,0,3.1031822318
4.926797,905948,206,0,1,3.5730919102
4.156472,905950,206,0,0,3.1682549476
5.184585,905963,206,0,0,3.2175274635
4.978875,905978,206,0,0,3.2633714671
4.65907,905979,206,0,0,4.0333226952
4.673504,905980,206,0,0,3.1820242677
3.836562,905981,206,0,0,3.2667360281
5.170869,909250,206,0,0,3.225613825
3.645462,909730,206,0,0,3.5364402489
4.273571,909781,206,0,0,3.7135480026
5.159548,909974,206,0,0,3.5545443966
4.210591,910698,206,0,1,3.3979326776
4.275006,910920,206,0,0,3.4809743515
3.550345,910922,206,0,0,3.1973917272
2.039075,910952,206,0,0,3.199250554
4.550087,1298168,206,0,1,3.3979952227
4.520317,1298169,206,0,1,3.2868382091
4.711518,1524414,206,0,0,3.2750857306
4.226746,1524415,206,0,0,3.2198379292
4.300899,1524416,206,0,0,3.1700142245
2.230269,753558,207,0,0,3.2457378881
0.477329,753577,207,3.415194526,0,3.1804375719
0.915803,905947,207,5.0797408842,0,3.1031822318
5.232316,905948,207,0,1,3.5730919102
0.844571,905950,207,0,0,3.1682549476
1.927822,905963,207,0,0,3.2175274635
1.828214,905978,207,0,0,3.2633714671
4.312835,905979,207,0,0,4.0333226952
1.484137,905980,207,0,0,3.1820242677
1.988504,905981,207,0,0,3.2667360281
1.749368,909250,207,0,0,3.225613825
2.286731,909730,207,0,0,3.5364402489
2.333605,909781,207,0,0,3.7135480026
2.688668,909974,207,0,0,3.5545443966
2.407586,910698,207,0,1,3.3979326776
1.991618,910920,207,0,0,3.4809743515
1.536206,910922,207,0,0,3.1973917272
2.815518,910952,207,0,0,3.199250554
3.646948,1298168,207,0,1,3.3979952227
3.747255,1298169,207,0,1,3.2868382091
2.417509,753558,219,0,0,3.2457378881
1.158132,753577,219,3.415194526,0,3.1804375719
-0.044089,905947,219,5.0797408842,0,3.1031822318
3.791497,905948,219,0,1,3.5730919102
2.369974,905950,219,0,0,3.1682549476
4.373522,905963,219,0,0,3.2175274635
0.046747,905978,219,0,0,3.2633714671
4.214251,905979,219,0,0,4.0333226952
1.478305,905980,219,0,0,3.1820242677
0.843718,905981,219,0,0,3.2667360281
1.74545,909250,219,0,0,3.225613825
1.379366,909730,219,0,0,3.5364402489
1.295131,909781,219,0,0,3.7135480026
4.158201,909974,219,0,0,3.5545443966
4.449362,910698,219,0,1,3.3979326776
4.942399,910920,219,0,0,3.4809743515
0.720708,910922,219,0,0,3.1973917272
3.849903,910952,219,0,0,3.199250554
4.852638,1298168,219,0,1,3.3979952227
4.837178,1298169,219,0,1,3.2868382091
4.527646,1524414,219,0,0,3.2750857306
1.165356,1524415,219,0,0,3.2198379292
-1.639504,1524416,219,0,0,3.1700142245
4.552404,753558,221,0,0,3.2457378881
3.356556,753577,221,3.415194526,0,3.1804375719
3.170778,905947,221,5.0797408842,0,3.1031822318
5.995765,905948,221,0,1,3.5730919102
3.014491,905950,221,0,0,3.1682549476
3.656869,905963,221,0,0,3.2175274635
5.043375,905978,221,0,0,3.2633714671
4.32423,905979,221,0,0,4.0333226952
4.109408,905980,221,0,0,3.1820242677
3.31444,905981,221,0,0,3.2667360281
4.177458,909250,221,0,0,3.225613825
4.819174,909730,221,0,0,3.5364402489
3.75685,909781,221,0,0,3.7135480026
7.069736,909974,221,0,0,3.5545443966
4.871103,910698,221,0,1,3.3979326776
5.44215,910920,221,0,0,3.4809743515
2.609489,910922,221,0,0,3.1973917272
6.031297,910952,221,0,0,3.199250554
5.26614,1298168,221,0,1,3.3979952227
5.355495,1298169,221,0,1,3.2868382091
4.168424,1524414,221,0,0,3.2750857306
2.757665,1524415,221,0,0,3.2198379292
3.497755,1524416,221,0,0,3.1700142245
2.810515,753558,222,0,0,3.2457378881
3.241349,753577,222,3.415194526,0,3.1804375719
2.593578,905947,222,5.0797408842,0,3.1031822318
5.056303,905948,222,0,1,3.5730919102
3.069638,905950,222,0,0,3.1682549476
5.55693,905963,222,0,0,3.2175274635
2.451035,905978,222,0,0,3.2633714671
2.44615,905979,222,0,0,4.0333226952
2.850216,905980,222,0,0,3.1820242677
2.572692,905981,222,0,0,3.2667360281
3.914542,909250,222,0,0,3.225613825
1.377973,909730,222,0,0,3.5364402489
2.252985,909781,222,0,0,3.7135480026
6.903129,909974,222,0,0,3.5545443966
3.048374,910698,222,0,1,3.3979326776
3.500754,910920,222,0,0,3.4809743515
3.157049,910922,222,0,0,3.1973917272
2.637647,910952,222,0,0,3.199250554
4.601609,1298168,222,0,1,3.3979952227
4.483356,1298169,222,0,1,3.2868382091
3.98105,1524414,222,0,0,3.2750857306
2.025607,1524415,222,0,0,3.2198379292
1.900015,1524416,222,0,0,3.1700142245
2.821994,753558,226,0,0,3.2457378881
3.707924,753577,226,3.415194526,0,3.1804375719
0.991735,905947,226,5.0797408842,0,3.1031822318
4.727468,905948,226,0,1,3.5730919102
2.564475,905950,226,0,0,3.1682549476
2.382965,905963,226,0,0,3.2175274635
1.406775,905978,226,0,0,3.2633714671
3.24136,905979,226,0,0,4.0333226952
2.240904,905980,226,0,0,3.1820242677
1.23121,905981,226,0,0,3.2667360281
2.634142,909250,226,0,0,3.225613825
-0.483737,909730,226,0,0,3.5364402489
0.980184,909781,226,0,0,3.7135480026
2.877167,909974,226,0,0,3.5545443966
3.825339,910698,226,0,1,3.3979326776
3.924555,910920,226,0,0,3.4809743515
0.775173,910922,226,0,0,3.1973917272
2.915708,910952,226,0,0,3.199250554
4.169094,1298168,226,0,1,3.3979952227
4.110433,1298169,226,0,1,3.2868382091
3.316996,1524414,226,0,0,3.2750857306
2.672378,1524415,226,0,0,3.2198379292
1.85551,1524416,226,0,0,3.1700142245
3.448662,753558,229,0,0,3.2457378881
0.567162,753577,229,3.415194526,0,3.1804375719
0.726972,905947,229,5.0797408842,0,3.1031822318
3.477532,905948,229,0,1,3.5730919102
3.249361,905950,229,0,0,3.1682549476
1.067912,905963,229,0,0,3.2175274635
1.250695,905978,229,0,0,3.2633714671
5.625118,905979,229,0,0,4.0333226952
1.258181,905980,229,0,0,3.1820242677
1.507221,905981,229,0,0,3.2667360281
2.923748,909250,229,0,0,3.225613825
5.004659,909730,229,0,0,3.5364402489
0.302055,909781,229,0,0,3.7135480026
7.072994,909974,229,0,0,3.5545443966
4.745413,910698,229,0,1,3.3979326776
3.806169,910920,229,0,0,3.4809743515
-0.667737,910922,229,0,0,3.1973917272
6.033456,910952,229,0,0,3.199250554
5.509541,1298168,229,0,1,3.3979952227
5.567473,1298169,229,0,1,3.2868382091
2.175746,1524414,229,0,0,3.2750857306
2.393471,1524415,229,0,0,3.2198379292
1.846054,1524416,229,0,0,3.1700142245
5.301926,753558,230,0,0,3.2457378881
5.415925,753577,230,3.415194526,0,3.1804375719
4.365321,905947,230,5.0797408842,0,3.1031822318
6.508575,905948,230,0,1,3.5730919102
5.110718,905950,230,0,0,3.1682549476
5.540378,905963,230,0,0,3.2175274635
3.589246,905978,230,0,0,3.2633714671
5.685582,905979,230,0,0,4.0333226952
5.846366,905980,230,0,0,3.1820242677
2.770422,905981,230,0,0,3.2667360281
5.2466,909250,230,0,0,3.225613825
3.45163,909730,230,0,0,3.5364402489
1.699929,909781,230,0,0,3.7135480026
5.03421,909974,230,0,0,3.5545443966
4.715132,910698,230,0,1,3.3979326776
3.006495,910920,230,0,0,3.4809743515
3.375617,910922,230,0,0,3.1973917272
4.739256,910952,230,0,0,3.199250554
5.805297,1298168,230,0,1,3.3979952227
5.149004,1298169,230,0,1,3.2868382091
5.949792,1524414,230,0,0,3.2750857306
1.796655,1524415,230,0,0,3.2198379292
3.568238,1524416,230,0,0,3.1700142245
5.744522,753558,231,0,0,3.2457378881
5.363935,753577,231,3.415194526,0,3.1804375719
4.319111,905947,231,5.0797408842,0,3.1031822318
4.443161,905950,231,0,0,3.1682549476
5.033203,905963,231,0,0,3.2175274635
5.107514,905978,231,0,0,3.2633714671
6.008252,905979,231,0,0,4.0333226952
4.921554,905980,231,0,0,3.1820242677
4.055918,905981,231,0,0,3.2667360281
5.811131,909250,231,0,0,3.225613825
5.625546,909781,231,0,0,3.7135480026
5.446338,909974,231,0,0,3.5545443966
5.553914,910698,231,0,1,3.3979326776
5.603795,910920,231,0,0,3.4809743515
4.512302,910922,231,0,0,3.1973917272
6.033346,910952,231,0,0,3.199250554
5.797251,1298168,231,0,1,3.3979952227
5.864429,1298169,231,0,1,3.2868382091
1.147813,753558,235,0,0,3.2457378881
0.386866,753577,235,3.415194526,0,3.1804375719
-2.030729,905947,235,5.0797408842,0,3.1031822318
2.444535,905948,235,0,1,3.5730919102
1.312056,905950,235,0,0,3.1682549476
0.486292,905963,235,0,0,3.2175274635
0.279245,905978,235,0,0,3.2633714671
2.646747,905979,235,0,0,4.0333226952
-0.657377,905980,235,0,0,3.1820242677
0.090178,905981,235,0,0,3.2667360281
1.051396,909250,235,0,0,3.225613825
2.10635,909730,235,0,0,3.5364402489
-1.174204,909781,235,0,0,3.7135480026
1.914279,909974,235,0,0,3.5545443966
1.815381,910698,235,0,1,3.3979326776
2.073844,910920,235,0,0,3.4809743515
-1.844392,910922,235,0,0,3.1973917272
2.047451,910952,235,0,0,3.199250554
4.793674,1298168,235,0,1,3.3979952227
2.667492,1298169,235,0,1,3.2868382091
1.96055,1524414,235,0,0,3.2750857306
0.007053,1524415,235,0,0,3.2198379292
-0.329195,1524416,235,0,0,3.1700142245
2.09746,753558,249,0,0,3.2457378881
1.308163,753577,249,3.415194526,0,3.1804375719
2.118085,905947,249,5.0797408842,0,3.1031822318
5.028671,905948,249,0,1,3.5730919102
2.79578,905950,249,0,0,3.1682549476
2.737009,905963,249,0,0,3.2175274635
1.756927,905978,249,0,0,3.2633714671
4.300026,905979,249,0,0,4.0333226952
2.672019,905980,249,0,0,3.1820242677
2.150434,905981,249,0,0,3.2667360281
2.815638,909250,249,0,0,3.225613825
2.755043,909730,249,0,0,3.5364402489
3.39551,909781,249,0,0,3.7135480026
1.726057,909974,249,0,0,3.5545443966
3.427934,910698,249,0,1,3.3979326776
2.282563,910920,249,0,0,3.4809743515
3.410918,910922,249,0,0,3.1973917272
1.557167,910952,249,0,0,3.199250554
3.41468,1298168,249,0,1,3.3979952227
4.229672,1298169,249,0,1,3.2868382091
2.99498,1524414,249,0,0,3.2750857306
2.909749,1524415,249,0,0,3.2198379292
2.653537,1524416,249,0,0,3.1700142245
1.879561,753558,252,0,0,3.2457378881
3.220542,753577,252,3.415194526,0,3.1804375719
-0.075632,905947,252,5.0797408842,0,3.1031822318
3.408126,905948,252,0,1,3.5730919102
3.189379,905950,252,0,0,3.1682549476
3.926099,905963,252,0,0,3.2175274635
-1.296338,905978,252,0,0,3.2633714671
2.183651,905979,252,0,0,4.0333226952
1.356245,905980,252,0,0,3.1820242677
2.756256,905981,252,0,0,3.2667360281
1.855113,909250,252,0,0,3.225613825
-1.534778,909730,252,0,0,3.5364402489
1.654944,909781,252,0,0,3.7135480026
4.363411,909974,252,0,0,3.5545443966
2.699399,910698,252,0,1,3.3979326776
3.517616,910920,252,0,0,3.4809743515
1.010815,910922,252,0,0,3.1973917272
1.634488,910952,252,0,0,3.199250554
3.458705,1298168,252,0,1,3.3979952227
3.477902,1298169,252,0,1,3.2868382091
3.798013,1524414,252,0,0,3.2750857306
1.41104,1524415,252,0,0,3.2198379292
-1.147002,1524416,252,0,0,3.1700142245
4.952519,753558,253,0,0,3.2457378881
4.231938,753577,253,3.415194526,0,3.1804375719
2.608459,905947,253,5.0797408842,0,3.1031822318
5.35184,905948,253,0,1,3.5730919102
4.801247,905950,253,0,0,3.1682549476
5.290153,905963,253,0,0,3.2175274635
3.137064,905978,253,0,0,3.2633714671
4.798288,905979,253,0,0,4.0333226952
5.035838,905980,253,0,0,3.1820242677
4.245683,905981,253,0,0,3.2667360281
5.336479,909250,253,0,0,3.225613825
3.176526,909730,253,0,0,3.5364402489
4.92103,909781,253,0,0,3.7135480026
5.860402,909974,253,0,0,3.5545443966
4.653292,910698,253,0,1,3.3979326776
4.945816,910920,253,0,0,3.4809743515
3.156162,910922,253,0,0,3.1973917272
5.279505,910952,253,0,0,3.199250554
5.164234,1298168,253,0,1,3.3979952227
4.755486,1298169,253,0,1,3.2868382091
4.949862,1524414,253,0,0,3.2750857306
5.004799,1524415,253,0,0,3.2198379292
3.452903,1524416,253,0,0,3.1700142245
2.87678,753558,254,0,0,3.2457378881
2.646154,753577,254,3.415194526,0,3.1804375719
2.215907,905947,254,5.0797408842,0,3.1031822318
3.722604,905948,254,0,1,3.5730919102
2.831138,905950,254,0,0,3.1682549476
3.569715,905963,254,0,0,3.2175274635
1.671335,905978,254,0,0,3.2633714671
3.036236,905979,254,0,0,4.0333226952
3.066394,905980,254,0,0,3.1820242677
2.511256,905981,254,0,0,3.2667360281
3.490848,909250,254,0,0,3.225613825
1.912397,909730,254,0,0,3.5364402489
2.81052,909781,254,0,0,3.7135480026
4.579172,909974,254,0,0,3.5545443966
2.282013,910698,254,0,1,3.3979326776
2.645122,910920,254,0,0,3.4809743515
2.736158,910922,254,0,0,3.1973917272
2.276239,910952,254,0,0,3.199250554
2.928058,1298168,254,0,1,3.3979952227
2.847967,1298169,254,0,1,3.2868382091
3.022164,1524414,254,0,0,3.2750857306
2.521791,1524415,254,0,0,3.2198379292
2.358938,1524416,254,0,0,3.1700142245
4.43689,753558,255,0,0,3.2457378881
3.500411,753577,255,3.415194526,0,3.1804375719
3.565149,905947,255,5.0797408842,0,3.1031822318
5.752654,905948,255,0,1,3.5730919102
3.6895,905950,255,0,0,3.1682549476
4.436607,905963,255,0,0,3.2175274635
4.24441,905978,255,0,0,3.2633714671
4.476107,905979,255,0,0,4.0333226952
3.981469,905980,255,0,0,3.1820242677
4.114072,905981,255,0,0,3.2667360281
5.227995,909250,255,0,0,3.225613825
4.449744,909730,255,0,0,3.5364402489
4.894949,909781,255,0,0,3.7135480026
5.915117,909974,255,0,0,3.5545443966
4.333136,910698,255,0,1,3.3979326776
4.949022,910920,255,0,0,3.4809743515
3.08972,910922,255,0,0,3.1973917272
5.360977,910952,255,0,0,3.199250554
5.171323,1298168,255,0,1,3.3979952227
4.935556,1298169,255,0,1,3.2868382091
5.426899,1524414,255,0,0,3.2750857306
3.678284,1524415,255,0,0,3.2198379292
3.186519,1524416,255,0,0,3.1700142245
2.265161,753558,256,0,0,3.2457378881
1.630915,753577,256,3.415194526,0,3.1804375719
-0.693578,905947,256,5.0797408842,0,3.1031822318
2.364011,905948,256,0,1,3.5730919102
2.298179,905950,256,0,0,3.1682549476
-0.006353,905963,256,0,0,3.2175274635
-0.117193,905978,256,0,0,3.2633714671
2.170339,905979,256,0,0,4.0333226952
2.005665,905980,256,0,0,3.1820242677
1.805981,905981,256,0,0,3.2667360281
1.695631,909250,256,0,0,3.225613825
0.881844,909730,256,0,0,3.5364402489
0.296344,909781,256,0,0,3.7135480026
2.034368,909974,256,0,0,3.5545443966
2.183708,910698,256,0,1,3.3979326776
2.369616,910920,256,0,0,3.4809743515
-0.894319,910922,256,0,0,3.1973917272
2.138555,910952,256,0,0,3.199250554
2.253781,1298168,256,0,1,3.3979952227
2.43875,1298169,256,0,1,3.2868382091
0.347158,1524414,256,0,0,3.2750857306
-0.706463,1524415,256,0,0,3.2198379292
-1.73271,1524416,256,0,0,3.1700142245
3.312159,753558,257,0,0,3.2457378881
4.927358,753577,257,3.415194526,0,3.1804375719
3.191323,905947,257,5.0797408842,0,3.1031822318
6.054362,905948,257,0,1,3.5730919102
4.268862,905950,257,0,0,3.1682549476
5.603232,905963,257,0,0,3.2175274635
2.748983,905978,257,0,0,3.2633714671
4.17736,905979,257,0,0,4.0333226952
3.831063,905980,257,0,0,3.1820242677
4.454295,905981,257,0,0,3.2667360281
5.584784,909250,257,0,0,3.225613825
0.896118,909730,257,0,0,3.5364402489
2.943884,909781,257,0,0,3.7135480026
6.226543,909974,257,0,0,3.5545443966
4.073192,910698,257,0,1,3.3979326776
3.243578,910920,257,0,0,3.4809743515
3.26346,910922,257,0,0,3.1973917272
3.121096,910952,257,0,0,3.199250554
5.230643,1298168,257,0,1,3.3979952227
4.818532,1298169,257,0,1,3.2868382091
4.025642,1524414,257,0,0,3.2750857306
3.128833,1524415,257,0,0,3.2198379292
4.008658,1524416,257,0,0,3.1700142245
1.810991,753558,260,0,0,3.2457378881
1.316762,753577,260,3.415194526,0,3.1804375719
2.039506,905947,260,5.0797408842,0,3.1031822318
5.634986,905948,260,0,1,3.5730919102
2.448697,905950,260,0,0,3.1682549476
2.465999,905963,260,0,0,3.2175274635
0.881934,905978,260,0,0,3.2633714671
5.320269,905979,260,0,0,4.0333226952
1.297932,905980,260,0,0,3.1820242677
4.698493,905981,260,0,0,3.2667360281
2.104755,909250,260,0,0,3.225613825
2.452593,909730,260,0,0,3.5364402489
2.345986,909781,260,0,0,3.7135480026
2.156021,909974,260,0,0,3.5545443966
4.229928,910698,260,0,1,3.3979326776
1.01081,910920,260,0,0,3.4809743515
2.187227,910922,260,0,0,3.1973917272
1.981727,910952,260,0,0,3.199250554
3.803019,1298168,260,0,1,3.3979952227
3.854446,1298169,260,0,1,3.2868382091
2.330877,1524414,260,0,0,3.2750857306
2.316909,1524415,260,0,0,3.2198379292
2.815178,1524416,260,0,0,3.1700142245
3.235971,753558,262,0,0,3.2457378881
2.969598,753577,262,3.415194526,0,3.1804375719
1.59026,905947,262,5.0797408842,0,3.1031822318
5.137421,905948,262,0,1,3.5730919102
3.004597,905950,262,0,0,3.1682549476
4.048413,905963,262,0,0,3.2175274635
1.831766,905978,262,0,0,3.2633714671
4.494171,905979,262,0,0,4.0333226952
1.238501,905980,262,0,0,3.1820242677
2.385187,905981,262,0,0,3.2667360281
3.970665,909250,262,0,0,3.225613825
3.706128,909730,262,0,0,3.5364402489
3.588256,909781,262,0,0,3.7135480026
3.874745,909974,262,0,0,3.5545443966
3.58231,910698,262,0,1,3.3979326776
2.441488,910920,262,0,0,3.4809743515
1.217216,910922,262,0,0,3.1973917272
1.724832,910952,262,0,0,3.199250554
2.04404,1298168,262,0,1,3.3979952227
4.492217,1298169,262,0,1,3.2868382091
3.786345,1524414,262,0,0,3.2750857306
2.571041,1524415,262,0,0,3.2198379292
4.26496,1524416,262,0,0,3.1700142245
4.65896,753558,263,0,0,3.2457378881
5.32362,753577,263,3.415194526,0,3.1804375719
4.569856,905947,263,5.0797408842,0,3.1031822318
6.342635,905948,263,0,1,3.5730919102
4.27638,905950,263,0,0,3.1682549476
5.325348,905963,263,0,0,3.2175274635
5.824307,905978,263,0,0,3.2633714671
5.459988,905979,263,0,0,4.0333226952
3.773873,905980,263,0,0,3.1820242677
4.733348,905981,263,0,0,3.2667360281
6.051126,909250,263,0,0,3.225613825
4.05535,909730,263,0,0,3.5364402489
5.463214,909781,263,0,0,3.7135480026
5.623624,909974,263,0,0,3.5545443966
5.263204,910698,263,0,1,3.3979326776
5.264555,910920,263,0,0,3.4809743515
5.359222,910922,263,0,0,3.1973917272
5.85832,910952,263,0,0,3.199250554
5.898388,1298168,263,0,1,3.3979952227
5.85572,1298169,263,0,1,3.2868382091
4.996815,1524414,263,0,0,3.2750857306
4.467206,1524415,263,0,0,3.2198379292
4.473694,1524416,263,0,0,3.1700142245
4.050339,753558,273,0,0,3.2457378881
-0.700176,753577,273,3.415194526,0,3.1804375719
-0.983681,905947,273,5.0797408842,0,3.1031822318
4.108536,905948,273,0,1,3.5730919102
0.326049,905950,273,0,0,3.1682549476
0.328234,905963,273,0,0,3.2175274635
-1.603898,905978,273,0,0,3.2633714671
0.313894,905979,273,0,0,4.0333226952
4.187346,905980,273,0,0,3.1820242677
1.63645,905981,273,0,0,3.2667360281
1.828545,909250,273,0,0,3.225613825
-2.404297,909730,273,0,0,3.5364402489
1.222103,909781,273,0,0,3.7135480026
2.531621,909974,273,0,0,3.5545443966
0.382658,910698,273,0,1,3.3979326776
-0.094228,910922,273,0,0,3.1973917272
-0.41813,910952,273,0,0,3.199250554
-0.510528,1298168,273,0,1,3.3979952227
4.349903,1298169,273,0,1,3.2868382091
1.483552,1524414,273,0,0,3.2750857306
-0.809995,1524415,273,0,0,3.2198379292
-0.571779,1524416,273,0,0,3.1700142245
5.701205,753558,275,0,0,3.2457378881
5.657246,753577,275,3.415194526,0,3.1804375719
3.143269,905947,275,5.0797408842,0,3.1031822318
6.570146,905948,275,0,1,3.5730919102
3.349661,905950,275,0,0,3.1682549476
4.513095,905963,275,0,0,3.2175274635
6.240983,905978,275,0,0,3.2633714671
5.290842,905979,275,0,0,4.0333226952
5.999355,905980,275,0,0,3.1820242677
4.073276,905981,275,0,0,3.2667360281
6.412632,909250,275,0,0,3.225613825
3.297239,909730,275,0,0,3.5364402489
5.138412,909781,275,0,0,3.7135480026
6.523804,909974,275,0,0,3.5545443966
5.553914,910698,275,0,1,3.3979326776
3.614488,910922,275,0,0,3.1973917272
3.489331,910952,275,0,0,3.199250554
3.89952,1298168,275,0,1,3.3979952227
5.822859,1298169,275,0,1,3.2868382091
5.642349,1524414,275,0,0,3.2750857306
3.729969,1524415,275,0,0,3.2198379292
4.695304,1524416,275,0,0,3.1700142245
2.546848,753558,277,0,0,3.2457378881
1.785156,753577,277,3.415194526,0,3.1804375719
1.486692,905947,277,5.0797408842,0,3.1031822318
3.223178,905948,277,0,1,3.5730919102
2.6847,905950,277,0,0,3.1682549476
2.76094,905963,277,0,0,3.2175274635
2.793056,905978,277,0,0,3.2633714671
3.036063,905979,277,0,0,4.0333226952
2.935575,905980,277,0,0,3.1820242677
2.296753,905981,277,0,0,3.2667360281
3.395185,909250,277,0,0,3.225613825
2.410078,909730,277,0,0,3.5364402489
2.008873,909781,277,0,0,3.7135480026
4.377728,909974,277,0,0,3.5545443966
2.348348,910698,277,0,1,3.3979326776
2.646333,910920,277,0,0,3.4809743515
2.035304,910922,277,0,0,3.1973917272
2.516902,910952,277,0,0,3.199250554
2.529369,1298168,277,0,1,3.3979952227
2.486035,1298169,277,0,1,3.2868382091
2.822665,1524414,277,0,0,3.2750857306
2.468466,1524415,277,0,0,3.2198379292
1.684916,1524416,277,0,0,3.1700142245
3.046076,753558,279,0,0,3.2457378881
3.947588,753577,279,3.415194526,0,3.1804375719
3.057319,905947,279,5.0797408842,0,3.1031822318
6.286379,905948,279,0,1,3.5730919102
3.184633,905950,279,0,0,3.1682549476
4.481046,905963,279,0,0,3.2175274635
3.031936,905978,279,0,0,3.2633714671
5.847961,905979,279,0,0,4.0333226952
3.480712,905980,279,0,0,3.1820242677
5.391383,905981,279,0,0,3.2667360281
4.295266,909250,279,0,0,3.225613825
3.354661,909730,279,0,0,3.5364402489
4.445236,909781,279,0,0,3.7135480026
3.492876,909974,279,0,0,3.5545443966
5.32607,910698,279,0,1,3.3979326776
3.399648,910920,279,0,0,3.4809743515
4.15444,910922,279,0,0,3.1973917272
4.580485,910952,279,0,0,3.199250554
4.964486,1298168,279,0,1,3.3979952227
5.644147,1298169,279,0,1,3.2868382091
3.924921,1524414,279,0,0,3.2750857306
3.566079,1524415,279,0,0,3.2198379292
4.38187,1524416,279,0,0,3.1700142245
4.510034,753558,281,0,0,3.2457378881
4.029023,753577,281,3.415194526,0,3.1804375719
3.658526,905947,281,5.0797408842,0,3.1031822318
3.829889,905948,281,0,1,3.5730919102
3.88891,905950,281,0,0,3.1682549476
4.499893,905963,281,0,0,3.2175274635
2.649893,905978,281,0,0,3.2633714671
4.638693,905979,281,0,0,4.0333226952
4.116514,905980,281,0,0,3.1820242677
3.92907,905981,281,0,0,3.2667360281
4.081036,909250,281,0,0,3.225613825
3.490998,909730,281,0,0,3.5364402489
1.971832,909781,281,0,0,3.7135480026
6.220263,909974,281,0,0,3.5545443966
4.138021,910698,281,0,1,3.3979326776
3.738801,910920,281,0,0,3.4809743515
4.173882,910922,281,0,0,3.1973917272
4.662463,910952,281,0,0,3.199250554
4.384462,1298168,281,0,1,3.3979952227
4.347907,1298169,281,0,1,3.2868382091
4.208184,1524414,281,0,0,3.2750857306
3.283702,1524415,281,0,0,3.2198379292
1.638844,1524416,281,0,0,3.1700142245
1.725878,753558,282,0,0,3.2457378881
0.124784,753577,282,3.415194526,0,3.1804375719
0.242197,905947,282,5.0797408842,0,3.1031822318
4.444894,905948,282,0,1,3.5730919102
0.471565,905950,282,0,0,3.1682549476
-0.026328,905963,282,0,0,3.2175274635
1.721727,905978,282,0,0,3.2633714671
2.667136,905979,282,0,0,4.0333226952
1.03299,905980,282,0,0,3.1820242677
1.366135,905981,282,0,0,3.2667360281
1.5465,909250,282,0,0,3.225613825
0.909232,909730,282,0,0,3.5364402489
0.87222,909781,282,0,0,3.7135480026
2.661483,909974,282,0,0,3.5545443966
3.972841,910698,282,0,1,3.3979326776
4.192952,910920,282,0,0,3.4809743515
-2.210398,910922,282,0,0,3.1973917272
2.042781,910952,282,0,0,3.199250554
3.596133,1298168,282,0,1,3.3979952227
3.815082,1298169,282,0,1,3.2868382091
1.243411,1524414,282,0,0,3.2750857306
-1.704057,1524415,282,0,0,3.2198379292
-0.312434,1524416,282,0,0,3.1700142245
-2.514239,753558,283,0,0,3.2457378881
-4.100309,753577,283,3.415194526,0,3.1804375719
-3.163325,905947,283,5.0797408842,0,3.1031822318
-0.215727,905948,283,0,1,3.5730919102
-2.455962,905950,283,0,0,3.1682549476
-3.136554,905963,283,0,0,3.2175274635
-2.610593,905978,283,0,0,3.2633714671
-0.681035,905979,283,0,0,4.0333226952
-3.443988,905980,283,0,0,3.1820242677
-3.357958,905981,283,0,0,3.2667360281
-3.781445,909250,283,0,0,3.225613825
-4.138813,909730,283,0,0,3.5364402489
-2.665458,909781,283,0,0,3.7135480026
-0.462867,909974,283,0,0,3.5545443966
-0.50458,910698,283,0,1,3.3979326776
-0.151491,910920,283,0,0,3.4809743515
-3.083822,910922,283,0,0,3.1973917272
-0.743176,910952,283,0,0,3.199250554
0.432816,1298168,283,0,1,3.3979952227
-0.222903,1298169,283,0,1,3.2868382091
-2.737977,1524414,283,0,0,3.2750857306
-4.136227,1524415,283,0,0,3.2198379292
-5.156671,1524416,283,0,0,3.1700142245
2.604621,753558,287,0,0,3.2457378881
3.078627,753577,287,3.415194526,0,3.1804375719
2.760537,905947,287,5.0797408842,0,3.1031822318
6.285733,905948,287,0,1,3.5730919102
3.19634,905950,287,0,0,3.1682549476
4.188145,905963,287,0,0,3.2175274635
2.855855,905978,287,0,0,3.2633714671
5.433005,905979,287,0,0,4.0333226952
2.140624,905980,287,0,0,3.1820242677
4.969603,905981,287,0,0,3.2667360281
3.455484,909250,287,0,0,3.225613825
2.94208,909730,287,0,0,3.5364402489
3.141434,909781,287,0,0,3.7135480026
3.843855,909974,287,0,0,3.5545443966
3.999122,910698,287,0,1,3.3979326776
3.839877,910920,287,0,0,3.4809743515
3.102627,910922,287,0,0,3.1973917272
3.754236,910952,287,0,0,3.199250554
3.425418,1298168,287,0,1,3.3979952227
5.253225,1298169,287,0,1,3.2868382091
4.189697,1524414,287,0,0,3.2750857306
3.362676,1524415,287,0,0,3.2198379292
3.281981,1524416,287,0,0,3.1700142245
3.633323,753558,288,0,0,3.2457378881
3.755441,753577,288,3.415194526,0,3.1804375719
2.950209,905947,288,5.0797408842,0,3.1031822318
5.630104,905948,288,0,1,3.5730919102
3.135009,905950,288,0,0,3.1682549476
3.735388,905963,288,0,0,3.2175274635
4.727575,905978,288,0,0,3.2633714671
5.245733,905979,288,0,0,4.0333226952
2.781164,905980,288,0,0,3.1820242677
3.51115,905981,288,0,0,3.2667360281
5.315089,909250,288,0,0,3.225613825
3.002271,909730,288,0,0,3.5364402489
4.3051,909781,288,0,0,3.7135480026
4.698936,909974,288,0,0,3.5545443966
4.143357,910698,288,0,1,3.3979326776
4.476752,910920,288,0,0,3.4809743515
1.583658,910922,288,0,0,3.1973917272
4.583371,910952,288,0,0,3.199250554
5.230573,1298168,288,0,1,3.3979952227
5.194975,1298169,288,0,1,3.2868382091
4.667312,1524414,288,0,0,3.2750857306
2.485301,1524415,288,0,0,3.2198379292
3.438654,1524416,288,0,0,3.1700142245
4.744576,753558,290,0,0,3.2457378881
4.904202,753577,290,3.415194526,0,3.1804375719
4.776888,905947,290,5.0797408842,0,3.1031822318
6.612734,905948,290,0,1,3.5730919102
5.098306,905950,290,0,0,3.1682549476
5.338934,905963,290,0,0,3.2175274635
3.77652,905978,290,0,0,3.2633714671
5.957112,905979,290,0,0,4.0333226952
3.801025,905980,290,0,0,3.1820242677
5.555802,905981,290,0,0,3.2667360281
5.932702,909250,290,0,0,3.225613825
4.300932,909730,290,0,0,3.5364402489
5.277182,909781,290,0,0,3.7135480026
5.783671,909974,290,0,0,3.5545443966
4.808885,910698,290,0,1,3.3979326776
4.718165,910920,290,0,0,3.4809743515
4.460903,910922,290,0,0,3.1973917272
4.507305,910952,290,0,0,3.199250554
5.753668,1298168,290,0,1,3.3979952227
5.84748,1298169,290,0,1,3.2868382091
5.430608,1524414,290,0,0,3.2750857306
4.64665,1524415,290,0,0,3.2198379292
4.26203,1524416,290,0,0,3.1700142245
2.608563,753558,291,0,0,3.2457378881
3.245616,753577,291,3.415194526,0,3.1804375719
2.819316,905947,291,5.0797408842,0,3.1031822318
5.942376,905948,291,0,1,3.5730919102
3.400225,905950,291,0,0,3.1682549476
3.516008,905963,291,0,0,3.2175274635
2.644416,905978,291,0,0,3.2633714671
5.965112,905979,291,0,0,4.0333226952
2.587166,905980,291,0,0,3.1820242677
3.011268,905981,291,0,0,3.2667360281
2.913354,909250,291,0,0,3.225613825
2.859579,909730,291,0,0,3.5364402489
3.506357,909781,291,0,0,3.7135480026
3.487989,909974,291,0,0,3.5545443966
3.397492,910698,291,0,1,3.3979326776
2.802778,910920,291,0,0,3.4809743515
3.080488,910922,291,0,0,3.1973917272
5.427188,910952,291,0,0,3.199250554
2.464491,1298168,291,0,1,3.3979952227
3.621009,1298169,291,0,1,3.2868382091
3.25517,1524414,291,0,0,3.2750857306
2.892057,1524415,291,0,0,3.2198379292
2.855912,1524416,291,0,0,3.1700142245
3.538541,753558,292,0,0,3.2457378881
3.158081,753577,292,3.415194526,0,3.1804375719
1.813763,905947,292,5.0797408842,0,3.1031822318
3.600839,905948,292,0,1,3.5730919102
4.707801,905950,292,0,0,3.1682549476
4.026453,905963,292,0,0,3.2175274635
2.839408,905978,292,0,0,3.2633714671
4.942289,905979,292,0,0,4.0333226952
3.609921,905980,292,0,0,3.1820242677
4.16586,905981,292,0,0,3.2667360281
3.442185,909250,292,0,0,3.225613825
3.195609,909730,292,0,0,3.5364402489
3.245698,909781,292,0,0,3.7135480026
4.432198,909974,292,0,0,3.5545443966
4.915754,910698,292,0,1,3.3979326776
3.138856,910920,292,0,0,3.4809743515
2.001951,910922,292,0,0,3.1973917272
5.438498,910952,292,0,0,3.199250554
5.420255,1298168,292,0,1,3.3979952227
3.749832,1298169,292,0,1,3.2868382091
2.70006,1524414,292,0,0,3.2750857306
2.209275,1524415,292,0,0,3.2198379292
2.753554,1524416,292,0,0,3.1700142245
3.57582,753558,293,0,0,3.2457378881
3.451126,753577,293,3.415194526,0,3.1804375719
3.848091,905947,293,5.0797408842,0,3.1031822318
5.516764,905948,293,0,1,3.5730919102
3.796834,905950,293,0,0,3.1682549476
-0.332658,905963,293,0,0,3.2175274635
4.549696,905978,293,0,0,3.2633714671
3.010807,905979,293,0,0,4.0333226952
4.444509,905980,293,0,0,3.1820242677
4.251861,905981,293,0,0,3.2667360281
4.344062,909250,293,0,0,3.225613825
3.513649,909730,293,0,0,3.5364402489
4.017702,909781,293,0,0,3.7135480026
5.3838,909974,293,0,0,3.5545443966
4.340202,910698,293,0,1,3.3979326776
3.242616,910920,293,0,0,3.4809743515
3.588083,910922,293,0,0,3.1973917272
6.033708,910952,293,0,0,3.199250554
5.097375,1298168,293,0,1,3.3979952227
4.41533,1298169,293,0,1,3.2868382091
4.484727,1524414,293,0,0,3.2750857306
2.011297,1524415,293,0,0,3.2198379292
0.207713,1524416,293,0,0,3.1700142245
3.237576,753558,294,0,0,3.2457378881
3.884431,753577,294,3.415194526,0,3.1804375719
2.885428,905947,294,5.0797408842,0,3.1031822318
6.581142,905948,294,0,1,3.5730919102
4.593528,905950,294,0,0,3.1682549476
5.586731,905963,294,0,0,3.2175274635
3.026324,905978,294,0,0,3.2633714671
6.008252,905979,294,0,0,4.0333226952
2.930682,905980,294,0,0,3.1820242677
2.727335,905981,294,0,0,3.2667360281
5.212358,909250,294,0,0,3.225613825
2.969255,909730,294,0,0,3.5364402489
4.861119,909781,294,0,0,3.7135480026
4.881984,909974,294,0,0,3.5545443966
4.882324,910698,294,0,1,3.3979326776
5.400408,910920,294,0,0,3.4809743515
3.337144,910922,294,0,0,3.1973917272
4.714737,910952,294,0,0,3.199250554
5.638259,1298168,294,0,1,3.3979952227
5.860881,1298169,294,0,1,3.2868382091
5.208214,1524414,294,0,0,3.2750857306
3.449276,1524415,294,0,0,3.2198379292
5.463988,1524416,294,0,0,3.1700142245
1.914933,753558,295,0,0,3.2457378881
2.395342,753577,295,3.415194526,0,3.1804375719
2.804554,905947,295,5.0797408842,0,3.1031822318
6.040393,905948,295,0,1,3.5730919102
2.995133,905950,295,0,0,3.1682549476
3.870652,905963,295,0,0,3.2175274635
2.235714,905978,295,0,0,3.2633714671
5.338821,905979,295,0,0,4.0333226952
2.513501,905980,295,0,0,3.1820242677
3.194951,905981,295,0,0,3.2667360281
3.321908,909250,295,0,0,3.225613825
3.372728,909730,295,0,0,3.5364402489
3.567896,909781,295,0,0,3.7135480026
5.084864,909974,295,0,0,3.5545443966
4.595681,910698,295,0,1,3.3979326776
2.565978,910920,295,0,0,3.4809743515
2.873838,910922,295,0,0,3.1973917272
2.5415,910952,295,0,0,3.199250554
3.809688,1298168,295,0,1,3.3979952227
4.512505,1298169,295,0,1,3.2868382091
3.949193,1524414,295,0,0,3.2750857306
4.032993,1524415,295,0,0,3.2198379292
3.411936,1524416,295,0,0,3.1700142245
4.981379,753558,298,0,0,3.2457378881
4.365536,753577,298,3.415194526,0,3.1804375719
3.807284,905947,298,5.0797408842,0,3.1031822318
5.524058,905948,298,0,1,3.5730919102
4.691911,905950,298,0,0,3.1682549476
5.912724,905963,298,0,0,3.2175274635
4.592219,905978,298,0,0,3.2633714671
4.390644,905979,298,0,0,4.0333226952
5.179296,905980,298,0,0,3.1820242677
4.421469,905981,298,0,0,3.2667360281
5.681916,909250,298,0,0,3.225613825
3.809913,909730,298,0,0,3.5364402489
4.520358,909781,298,0,0,3.7135480026
6.465151,909974,298,0,0,3.5545443966
4.14665,910698,298,0,1,3.3979326776
4.611764,910920,298,0,0,3.4809743515
4.943873,910922,298,0,0,3.1973917272
5.363695,910952,298,0,0,3.199250554
4.315704,1298168,298,0,1,3.3979952227
4.569697,1298169,298,0,1,3.2868382091
5.316849,1524414,298,0,0,3.2750857306
4.378687,1524415,298,0,0,3.2198379292
3.651188,1524416,298,0,0,3.1700142245
1.601716,753558,299,0,0,3.2457378881
-0.094494,753577,299,3.415194526,0,3.1804375719
-1.218091,905947,299,5.0797408842,0,3.1031822318
2.84587,905948,299,0,1,3.5730919102
2.219912,905950,299,0,0,3.1682549476
-0.824422,905963,299,0,0,3.2175274635
1.437094,905978,299,0,0,3.2633714671
4.10779,905979,299,0,0,4.0333226952
0.344178,905980,299,0,0,3.1820242677
0.956623,905981,299,0,0,3.2667360281
1.304891,909250,299,0,0,3.225613825
-0.953283,909730,299,0,0,3.5364402489
-1.128751,909781,299,0,0,3.7135480026
2.461412,909974,299,0,0,3.5545443966
4.271492,910698,299,0,1,3.3979326776
3.817692,910920,299,0,0,3.4809743515
-0.072051,910922,299,0,0,3.1973917272
3.073419,910952,299,0,0,3.199250554
3.095971,1298168,299,0,1,3.3979952227
4.416014,1298169,299,0,1,3.2868382091
-0.094758,1524414,299,0,0,3.2750857306
-1.408979,1524415,299,0,0,3.2198379292
-2.430005,1524416,299,0,0,3.1700142245
4.043133,753558,301,0,0,3.2457378881
3.590237,753577,301,3.415194526,0,3.1804375719
0.921847,905947,301,5.0797408842,0,3.1031822318
4.798607,905948,301,0,1,3.5730919102
3.908784,905950,301,0,0,3.1682549476
4.207899,905963,301,0,0,3.2175274635
1.465335,905978,301,0,0,3.2633714671
5.338821,905979,301,0,0,4.0333226952
3.494548,905980,301,0,0,3.1820242677
3.057839,905981,301,0,0,3.2667360281
3.820533,909250,301,0,0,3.225613825
1.1264,909730,301,0,0,3.5364402489
3.338668,909781,301,0,0,3.7135480026
6.824142,909974,301,0,0,3.5545443966
4.884484,910698,301,0,1,3.3979326776
4.946011,910920,301,0,0,3.4809743515
1.24475,910922,301,0,0,3.1973917272
4.906968,910952,301,0,0,3.199250554
5.230643,1298168,301,0,1,3.3979952227
5.195186,1298169,301,0,1,3.2868382091
5.409165,1524414,301,0,0,3.2750857306
1.798531,1524415,301,0,0,3.2198379292
-0.0952,1524416,301,0,0,3.1700142245
4.69398,753558,302,0,0,3.2457378881
2.876186,753577,302,3.415194526,0,3.1804375719
-1.945284,905947,302,5.0797408842,0,3.1031822318
5.949914,905948,302,0,1,3.5730919102
0.432445,905950,302,0,0,3.1682549476
1.061005,905963,302,0,0,3.2175274635
-1.135027,905978,302,0,0,3.2633714671
3.238885,905979,302,0,0,4.0333226952
2.648803,905980,302,0,0,3.1820242677
-0.666018,905981,302,0,0,3.2667360281
3.176405,909250,302,0,0,3.225613825
-1.130898,909730,302,0,0,3.5364402489
2.507333,909781,302,0,0,3.7135480026
2.054862,909974,302,0,0,3.5545443966
2.553755,910698,302,0,1,3.3979326776
4.948488,910920,302,0,0,3.4809743515
-0.701582,910922,302,0,0,3.1973917272
4.006492,910952,302,0,0,3.199250554
4.125303,1298168,302,0,1,3.3979952227
5.183685,1298169,302,0,1,3.2868382091
2.727776,1524414,302,0,0,3.2750857306
-0.585698,1524415,302,0,0,3.2198379292
-2.996565,1524416,302,0,0,3.1700142245
4.861407,753558,304,0,0,3.2457378881
5.356199,753577,304,3.415194526,0,3.1804375719
4.44193,905947,304,5.0797408842,0,3.1031822318
6.709493,905948,304,0,1,3.5730919102
4.285,905950,304,0,0,3.1682549476
4.892658,905963,304,0,0,3.2175274635
3.771444,905978,304,0,0,3.2633714671
4.837218,905979,304,0,0,4.0333226952
5.168118,905980,304,0,0,3.1820242677
5.43655,905981,304,0,0,3.2667360281
4.258915,909250,304,0,0,3.225613825
3.784332,909730,304,0,0,3.5364402489
5.620229,909781,304,0,0,3.7135480026
4.510466,909974,304,0,0,3.5545443966
5.550826,910698,304,0,1,3.3979326776
4.93801,910920,304,0,0,3.4809743515
3.101462,910922,304,0,0,3.1973917272
5.647099,910952,304,0,0,3.199250554
5.381858,1298168,304,0,1,3.3979952227
5.443071,1298169,304,0,1,3.2868382091
6.019006,1524414,304,0,0,3.2750857306
2.824676,1524415,304,0,0,3.2198379292
4.976843,1524416,304,0,0,3.1700142245
1.855235,753558,305,0,0,3.2457378881
1.918343,753577,305,3.415194526,0,3.1804375719
2.396788,905947,305,5.0797408842,0,3.1031822318
5.953663,905948,305,0,1,3.5730919102
2.538015,905950,305,0,0,3.1682549476
2.276839,905963,305,0,0,3.2175274635
3.119697,905978,305,0,0,3.2633714671
4.386222,905979,305,0,0,4.0333226952
1.581927,905980,305,0,0,3.1820242677
2.51824,905981,305,0,0,3.2667360281
3.685732,909250,305,0,0,3.225613825
1.940424,909730,305,0,0,3.5364402489
3.254994,909781,305,0,0,3.7135480026
2.682359,909974,305,0,0,3.5545443966
4.444318,910698,305,0,1,3.3979326776
2.90499,910920,305,0,0,3.4809743515
2.646576,910922,305,0,0,3.1973917272
1.503211,910952,305,0,0,3.199250554
4.897207,1298168,305,0,1,3.3979952227
4.756874,1298169,305,0,1,3.2868382091
2.936539,1524414,305,0,0,3.2750857306
2.541022,1524415,305,0,0,3.2198379292
3.452982,1524416,305,0,0,3.1700142245
2.2689,753558,306,0,0,3.2457378881
2.225024,753577,306,3.415194526,0,3.1804375719
0.632469,905947,306,5.0797408842,0,3.1031822318
2.898069,905948,306,0,1,3.5730919102
1.654435,905950,306,0,0,3.1682549476
1.576003,905963,306,0,0,3.2175274635
0.461467,905978,306,0,0,3.2633714671
3.796954,905979,306,0,0,4.0333226952
1.715114,905980,306,0,0,3.1820242677
1.889587,905981,306,0,0,3.2667360281
2.151222,909250,306,0,0,3.225613825
0.752734,909730,306,0,0,3.5364402489
2.487654,909781,306,0,0,3.7135480026
5.047998,909974,306,0,0,3.5545443966
3.835544,910698,306,0,1,3.3979326776
2.370505,910920,306,0,0,3.4809743515
1.291381,910922,306,0,0,3.1973917272
2.244936,910952,306,0,0,3.199250554
3.32343,1298168,306,0,1,3.3979952227
3.141407,1298169,306,0,1,3.2868382091
1.217385,1524414,306,0,0,3.2750857306
0.887589,1524415,306,0,0,3.2198379292
0.655974,1524416,306,0,0,3.1700142245
-0.56051,753558,308,0,0,3.2457378881
-0.857898,753577,308,3.415194526,0,3.1804375719
-0.780951,905947,308,5.0797408842,0,3.1031822318
4.95066,905948,308,0,1,3.5730919102
-0.081269,905950,308,0,0,3.1682549476
-0.800399,905963,308,0,0,3.2175274635
-0.890297,905978,308,0,0,3.2633714671
2.245477,905979,308,0,0,4.0333226952
0.677265,905981,308,0,0,3.2667360281
-0.327092,909250,308,0,0,3.225613825
-0.607731,909730,308,0,0,3.5364402489
0.050776,909781,308,0,0,3.7135480026
1.836348,909974,308,0,0,3.5545443966
1.136806,910698,308,0,1,3.3979326776
-0.470805,910920,308,0,0,3.4809743515
-0.385677,910922,308,0,0,3.1973917272
-0.305447,910952,308,0,0,3.199250554
0.446654,1298168,308,0,1,3.3979952227
0.765697,1298169,308,0,1,3.2868382091
-0.301626,1524414,308,0,0,3.2750857306
-0.207617,1524415,308,0,0,3.2198379292
0.067238,1524416,308,0,0,3.1700142245
4.619502,753558,309,0,0,3.2457378881
5.010219,753577,309,3.415194526,0,3.1804375719
3.46381,905947,309,5.0797408842,0,3.1031822318
6.522991,905948,309,0,1,3.5730919102
4.607426,905950,309,0,0,3.1682549476
4.897543,905963,309,0,0,3.2175274635
2.157913,905978,309,0,0,3.2633714671
5.64091,905979,309,0,0,4.0333226952
3.802272,905980,309,0,0,3.1820242677
3.208358,905981,309,0,0,3.2667360281
4.56711,909250,309,0,0,3.225613825
3.775134,909730,309,0,0,3.5364402489
2.891165,909781,309,0,0,3.7135480026
4.001539,909974,309,0,0,3.5545443966
4.79727,910698,309,0,1,3.3979326776
3.274199,910920,309,0,0,3.4809743515
3.021078,910922,309,0,0,3.1973917272
5.299702,910952,309,0,0,3.199250554
4.683086,1298168,309,0,1,3.3979952227
4.892143,1298169,309,0,1,3.2868382091
4.875346,1524414,309,0,0,3.2750857306
1.650496,1524415,309,0,0,3.2198379292
3.457923,1524416,309,0,0,3.1700142245
0.819635,753558,312,0,0,3.2457378881
0.420573,753577,312,3.415194526,0,3.1804375719
-0.271136,905947,312,5.0797408842,0,3.1031822318
1.711679,905948,312,0,1,3.5730919102
0.619725,905950,312,0,0,3.1682549476
1.041864,905963,312,0,0,3.2175274635
1.103036,905978,312,0,0,3.2633714671
0.956214,905979,312,0,0,4.0333226952
0.782907,905980,312,0,0,3.1820242677
0.315861,905981,312,0,0,3.2667360281
1.221862,909250,312,0,0,3.225613825
0.350044,909730,312,0,0,3.5364402489
0.981739,909781,312,0,0,3.7135480026
2.405325,909974,312,0,0,3.5545443966
0.494275,910698,312,0,1,3.3979326776
0.465579,910920,312,0,0,3.4809743515
0.050123,910922,312,0,0,3.1973917272
0.829421,910952,312,0,0,3.199250554
0.848617,1298168,312,0,1,3.3979952227
0.762652,1298169,312,0,1,3.2868382091
0.961949,1524414,312,0,0,3.2750857306
0.689649,1524415,312,0,0,3.2198379292
0.552859,1524416,312,0,0,3.1700142245
5.053042,753558,326,0,0,3.2457378881
4.591613,753577,326,3.415194526,0,3.1804375719
0.192596,905947,326,5.0797408842,0,3.1031822318
5.145745,905948,326,0,1,3.5730919102
4.114445,905950,326,0,0,3.1682549476
4.761366,905963,326,0,0,3.2175274635
2.06089,905978,326,0,0,3.2633714671
5.338821,905979,326,0,0,4.0333226952
2.451504,905980,326,0,0,3.1820242677
3.558873,905981,326,0,0,3.2667360281
2.587438,909250,326,0,0,3.225613825
2.86487,909730,326,0,0,3.5364402489
4.572555,909781,326,0,0,3.7135480026
6.909764,909974,326,0,0,3.5545443966
4.884484,910698,326,0,1,3.3979326776
4.883242,910920,326,0,0,3.4809743515
3.902532,910922,326,0,0,3.1973917272
5.340832,910952,326,0,0,3.199250554
5.225652,1298168,326,0,1,3.3979952227
5.195186,1298169,326,0,1,3.2868382091
2.848034,1524414,326,0,0,3.2750857306
2.994955,1524415,326,0,0,3.2198379292
1.789196,1524416,326,0,0,3.1700142245
3.819936,753558,329,0,0,3.2457378881
3.033673,753577,329,3.415194526,0,3.1804375719
2.533776,905947,329,5.0797408842,0,3.1031822318
5.279631,905948,329,0,1,3.5730919102
4.381748,905950,329,0,0,3.1682549476
4.380734,905963,329,0,0,3.2175274635
2.518776,905978,329,0,0,3.2633714671
5.338821,905979,329,0,0,4.0333226952
4.236124,905980,329,0,0,3.1820242677
4.28541,905981,329,0,0,3.2667360281
4.500743,909250,329,0,0,3.225613825
3.760357,909730,329,0,0,3.5364402489
2.854942,909781,329,0,0,3.7135480026
5.928167,909974,329,0,0,3.5545443966
4.829403,910698,329,0,1,3.3979326776
3.548316,910920,329,0,0,3.4809743515
2.79472,910922,329,0,0,3.1973917272
5.337112,910952,329,0,0,3.199250554
5.230643,1298168,329,0,1,3.3979952227
5.143361,1298169,329,0,1,3.2868382091
4.022944,1524414,329,0,0,3.2750857306
2.416195,1524415,329,0,0,3.2198379292
1.719669,1524416,329,0,0,3.1700142245
4.124262,753558,330,0,0,3.2457378881
4.308554,753577,330,3.415194526,0,3.1804375719
1.954281,905947,330,5.0797408842,0,3.1031822318
5.492636,905948,330,0,1,3.5730919102
3.745312,905950,330,0,0,3.1682549476
4.462804,905963,330,0,0,3.2175274635
2.129023,905978,330,0,0,3.2633714671
4.792738,905979,330,0,0,4.0333226952
3.650567,905980,330,0,0,3.1820242677
3.436049,905981,330,0,0,3.2667360281
4.470925,909250,330,0,0,3.225613825
2.879838,909730,330,0,0,3.5364402489
3.669882,909781,330,0,0,3.7135480026
6.592576,909974,330,0,0,3.5545443966
4.884484,910698,330,0,1,3.3979326776
4.947706,910920,330,0,0,3.4809743515
4.476249,910922,330,0,0,3.1973917272
4.639823,910952,330,0,0,3.199250554
4.698382,1298168,330,0,1,3.3979952227
4.946377,1298169,330,0,1,3.2868382091
4.298822,1524414,330,0,0,3.2750857306
3.94652,1524415,330,0,0,3.2198379292
2.63894,1524416,330,0,0,3.1700142245
2.744742,753558,331,0,0,3.2457378881
1.510852,753577,331,3.415194526,0,3.1804375719
-0.339843,905947,331,5.0797408842,0,3.1031822318
3.082013,905948,331,0,1,3.5730919102
2.533998,905950,331,0,0,3.1682549476
2.221115,905963,331,0,0,3.2175274635
0.438425,905978,331,0,0,3.2633714671
2.810492,905979,331,0,0,4.0333226952
1.093172,905980,331,0,0,3.1820242677
1.304169,905981,331,0,0,3.2667360281
1.116956,909250,331,0,0,3.225613825
1.03504,909730,331,0,0,3.5364402489
0.796515,909781,331,0,0,3.7135480026
3.846439,909974,331,0,0,3.5545443966
2.794995,910698,331,0,1,3.3979326776
4.613093,910920,331,0,0,3.4809743515
-0.134015,910922,331,0,0,3.1973917272
3.368506,910952,331,0,0,3.199250554
2.759295,1298168,331,0,1,3.3979952227
4.069199,1298169,331,0,1,3.2868382091
1.788829,1524414,331,0,0,3.2750857306
-0.720388,1524415,331,0,0,3.2198379292
-2.607258,1524416,331,0,0,3.1700142245
4.072876,753558,345,0,0,3.2457378881
5.258837,753577,345,3.415194526,0,3.1804375719
4.313,905947,345,5.0797408842,0,3.1031822318
6.517158,905948,345,0,1,3.5730919102
5.506826,905950,345,0,0,3.1682549476
5.686796,905963,345,0,0,3.2175274635
4.656114,905978,345,0,0,3.2633714671
4.78315,905979,345,0,0,4.0333226952
4.475368,905980,345,0,0,3.1820242677
5.378847,905981,345,0,0,3.2667360281
6.13392,909250,345,0,0,3.225613825
4.980607,909730,345,0,0,3.5364402489
5.62995,909781,345,0,0,3.7135480026
6.616167,909974,345,0,0,3.5545443966
4.521128,910698,345,0,1,3.3979326776
3.412096,910920,345,0,0,3.4809743515
4.919746,910922,345,0,0,3.1973917272
5.123109,910952,345,0,0,3.199250554
3.465175,1298168,345,0,1,3.3979952227
5.278898,1298169,345,0,1,3.2868382091
5.651993,1524414,345,0,0,3.2750857306
5.228649,1524415,345,0,0,3.2198379292
4.583942,1524416,345,0,0,3.1700142245
1.654688,753558,1010,0,0,3.2457378881
-0.672718,753577,1010,3.415194526,0,3.1804375719
0.786272,905948,1010,0,1,3.5730919102
-1.382951,905950,1010,0,0,3.1682549476
1.130589,905963,1010,0,0,3.2175274635
1.196139,905978,1010,0,0,3.2633714671
-0.414871,905980,1010,0,0,3.1820242677
0.082899,909250,1010,0,0,3.225613825
0.731865,909730,1010,0,0,3.5364402489
1.967731,909781,1010,0,0,3.7135480026
3.095039,909974,1010,0,0,3.5545443966
1.902319,910920,1010,0,0,3.4809743515
1.75219,1298168,1010,0,1,3.3979952227
-0.111123,1298169,1010,0,1,3.2868382091
1.957458,1509073,1010,0,1,3.4093605237
0.445538,1524414,1010,0,0,3.2750857306
-1.116459,1524415,1010,0,0,3.2198379292
0.473827,1524416,1010,0,0,3.1700142245
4.266457,905948,1013,0,1,3.5730919102
1.7937,905950,1013,0,0,3.1682549476
3.976339,905963,1013,0,0,3.2175274635
2.136466,905978,1013,0,0,3.2633714671
3.33114,905980,1013,0,0,3.1820242677
3.07296,909250,1013,0,0,3.225613825
1.754267,909730,1013,0,0,3.5364402489
3.630727,909781,1013,0,0,3.7135480026
4.738022,909974,1013,0,0,3.5545443966
3.591717,1298168,1013,0,1,3.3979952227
2.888359,1298169,1013,0,1,3.2868382091
3.545529,1509073,1013,0,1,3.4093605237
3.454749,1524414,1013,0,0,3.2750857306
3.262406,1524415,1013,0,0,3.2198379292
3.33806,1524416,1013,0,0,3.1700142245
2.523014,753558,1015,0,0,3.2457378881
1.618868,753577,1015,3.415194526,0,3.1804375719
3.091399,905948,1015,0,1,3.5730919102
1.201202,905950,1015,0,0,3.1682549476
2.415311,905963,1015,0,0,3.2175274635
1.597602,905978,1015,0,0,3.2633714671
1.819556,905980,1015,0,0,3.1820242677
1.841379,909250,1015,0,0,3.225613825
3.686116,909730,1015,0,0,3.5364402489
2.693093,909781,1015,0,0,3.7135480026
4.39764,909974,1015,0,0,3.5545443966
2.906718,910920,1015,0,0,3.4809743515
2.60815,1298168,1015,0,1,3.3979952227
2.044711,1298169,1015,0,1,3.2868382091
2.905904,1509073,1015,0,1,3.4093605237
2.61322,1524414,1015,0,0,3.2750857306
0.368763,1524415,1015,0,0,3.2198379292
2.516329,1524416,1015,0,0,3.1700142245
2.044357,753558,1019,0,0,3.2457378881
0.241489,753577,1019,3.415194526,0,3.1804375719
0.641392,905948,1019,0,1,3.5730919102
-0.616536,905950,1019,0,0,3.1682549476
1.45362,905963,1019,0,0,3.2175274635
1.613524,905978,1019,0,0,3.2633714671
0.980286,905980,1019,0,0,3.1820242677
1.131542,909250,1019,0,0,3.225613825
1.020554,909730,1019,0,0,3.5364402489
1.79057,909781,1019,0,0,3.7135480026
2.834652,909974,1019,0,0,3.5545443966
1.593404,910920,1019,0,0,3.4809743515
3.354599,1298168,1019,0,1,3.3979952227
1.83788,1298169,1019,0,1,3.2868382091
1.650865,1509073,1019,0,1,3.4093605237
1.010809,1524414,1019,0,0,3.2750857306
-0.645741,1524415,1019,0,0,3.2198379292
1.117321,1524416,1019,0,0,3.1700142245
2.200979,753558,1021,0,0,3.2457378881
1.189134,753577,1021,3.415194526,0,3.1804375719
3.036489,905948,1021,0,1,3.5730919102
2.565135,905950,1021,0,0,3.1682549476
2.956753,905963,1021,0,0,3.2175274635
1.546931,905978,1021,0,0,3.2633714671
3.786832,905980,1021,0,0,3.1820242677
2.226222,909250,1021,0,0,3.225613825
1.193746,909730,1021,0,0,3.5364402489
2.062572,909781,1021,0,0,3.7135480026
4.699224,909974,1021,0,0,3.5545443966
1.517557,910920,1021,0,0,3.4809743515
2.240535,1298168,1021,0,1,3.3979952227
2.800247,1298169,1021,0,1,3.2868382091
2.20377,1509073,1021,0,1,3.4093605237
1.868209,1524414,1021,0,0,3.2750857306
1.335368,1524415,1021,0,0,3.2198379292
1.803852,1524416,1021,0,0,3.1700142245
-0.571137,753558,1022,0,0,3.2457378881
-2.622473,753577,1022,3.415194526,0,3.1804375719
0.881939,905948,1022,0,1,3.5730919102
-1.948354,905950,1022,0,0,3.1682549476
-0.997619,905963,1022,0,0,3.2175274635
-1.699351,905978,1022,0,0,3.2633714671
-0.903166,905980,1022,0,0,3.1820242677
-0.559317,909250,1022,0,0,3.225613825
-0.507932,909730,1022,0,0,3.5364402489
0.083405,909781,1022,0,0,3.7135480026
3.272842,909974,1022,0,0,3.5545443966
-0.63432,910920,1022,0,0,3.4809743515
-0.040444,1298168,1022,0,1,3.3979952227
-1.229187,1298169,1022,0,1,3.2868382091
-1.117489,1509073,1022,0,1,3.4093605237
-0.492308,1524414,1022,0,0,3.2750857306
-1.731256,1524415,1022,0,0,3.2198379292
-0.378508,1524416,1022,0,0,3.1700142245
0.633216,753558,1023,0,0,3.2457378881
0.694066,753577,1023,3.415194526,0,3.1804375719
1.797546,905948,1023,0,1,3.5730919102
2.462668,905950,1023,0,0,3.1682549476
3.281778,905963,1023,0,0,3.2175274635
2.159298,905978,1023,0,0,3.2633714671
2.772841,905980,1023,0,0,3.1820242677
1.611719,909250,1023,0,0,3.225613825
2.762051,909730,1023,0,0,3.5364402489
3.684186,909781,1023,0,0,3.7135480026
4.992068,909974,1023,0,0,3.5545443966
1.696483,910920,1023,0,0,3.4809743515
3.493978,1298168,1023,0,1,3.3979952227
3.510305,1298169,1023,0,1,3.2868382091
1.150552,1509073,1023,0,1,3.4093605237
0.915796,1524414,1023,0,0,3.2750857306
1.758671,1524415,1023,0,0,3.2198379292
1.047445,1524416,1023,0,0,3.1700142245
0.038034,753558,1024,0,0,3.2457378881
-2.369388,753577,1024,3.415194526,0,3.1804375719
-1.507127,905948,1024,0,1,3.5730919102
-2.443785,905950,1024,0,0,3.1682549476
-1.843491,905963,1024,0,0,3.2175274635
-0.142165,905978,1024,0,0,3.2633714671
-1.127423,905980,1024,0,0,3.1820242677
-0.960379,909250,1024,0,0,3.225613825
-1.951819,909730,1024,0,0,3.5364402489
-2.16619,909781,1024,0,0,3.7135480026
1.311888,909974,1024,0,0,3.5545443966
-0.389798,910920,1024,0,0,3.4809743515
0.95119,1298168,1024,0,1,3.3979952227
-0.896612,1298169,1024,0,1,3.2868382091
-0.764192,1509073,1024,0,1,3.4093605237
-1.447117,1524414,1024,0,0,3.2750857306
-2.539169,1524415,1024,0,0,3.2198379292
-1.23417,1524416,1024,0,0,3.1700142245
5.180995,753558,1025,0,0,3.2457378881
4.738403,753577,1025,3.415194526,0,3.1804375719
3.228513,905948,1025,0,1,3.5730919102
5.174402,905950,1025,0,0,3.1682549476
5.041598,905963,1025,0,0,3.2175274635
4.007966,905980,1025,0,0,3.1820242677
4.098445,909250,1025,0,0,3.225613825
4.29494,909730,1025,0,0,3.5364402489
4.474082,909781,1025,0,0,3.7135480026
5.81514,909974,1025,0,0,3.5545443966
3.081714,1298168,1025,0,1,3.3979952227
4.807241,1298169,1025,0,1,3.2868382091
4.955174,1524414,1025,0,0,3.2750857306
4.717189,1524415,1025,0,0,3.2198379292
4.893218,1524416,1025,0,0,3.1700142245
3.509994,753558,1028,0,0,3.2457378881
3.520649,753577,1028,3.415194526,0,3.1804375719
4.451274,905948,1028,0,1,3.5730919102
3.171972,905950,1028,0,0,3.1682549476
2.971722,905963,1028,0,0,3.2175274635
3.490909,905978,1028,0,0,3.2633714671
3.316361,905980,1028,0,0,3.1820242677
3.439205,909250,1028,0,0,3.225613825
2.354636,909730,1028,0,0,3.5364402489
2.355492,909781,1028,0,0,3.7135480026
4.211991,909974,1028,0,0,3.5545443966
3.288911,910920,1028,0,0,3.4809743515
3.259157,1298168,1028,0,1,3.3979952227
3.136148,1298169,1028,0,1,3.2868382091
3.558396,1509073,1028,0,1,3.4093605237
2.984642,1524414,1028,0,0,3.2750857306
1.833396,1524415,1028,0,0,3.2198379292
3.33806,1524416,1028,0,0,3.1700142245
2.324291,753558,1029,0,0,3.2457378881
0.22076,753577,1029,3.415194526,0,3.1804375719
2.234016,905947,1029,5.0797408842,0,3.1031822318
4.346236,905948,1029,0,1,3.5730919102
2.848463,905978,1029,0,0,3.2633714671
3.655405,905980,1029,0,0,3.1820242677
3.258557,905981,1029,0,0,3.2667360281
2.432974,909250,1029,0,0,3.225613825
2.903985,909730,1029,0,0,3.5364402489
3.733443,909781,1029,0,0,3.7135480026
5.106729,909974,1029,0,0,3.5545443966
2.452717,910920,1029,0,0,3.4809743515
3.713488,910952,1029,0,0,3.199250554
3.591926,1298168,1029,0,1,3.3979952227
2.321457,1298169,1029,0,1,3.2868382091
1.267237,1509073,1029,0,1,3.4093605237
1.06441,1524414,1029,0,0,3.2750857306
2.314126,1524415,1029,0,0,3.2198379292
0.395954,1524416,1029,0,0,3.1700142245
3.363991,753558,1030,0,0,3.2457378881
2.962088,753577,1030,3.415194526,0,3.1804375719
3.505254,905947,1030,5.0797408842,0,3.1031822318
5.163312,905948,1030,0,1,3.5730919102
4.243531,905978,1030,0,0,3.2633714671
3.960132,905980,1030,0,0,3.1820242677
2.842888,905981,1030,0,0,3.2667360281
5.390207,909250,1030,0,0,3.225613825
4.013276,909730,1030,0,0,3.5364402489
4.279843,909781,1030,0,0,3.7135480026
6.046397,909974,1030,0,0,3.5545443966
2.828585,910920,1030,0,0,3.4809743515
2.800982,910952,1030,0,0,3.199250554
5.073709,1298168,1030,0,1,3.3979952227
3.48661,1298169,1030,0,1,3.2868382091
3.818224,1509073,1030,0,1,3.4093605237
2.282663,1524414,1030,0,0,3.2750857306
3.199952,1524415,1030,0,0,3.2198379292
3.434005,1524416,1030,0,0,3.1700142245
1.49503,753558,1037,0,0,3.2457378881
0.324159,753577,1037,3.415194526,0,3.1804375719
1.65837,905947,1037,5.0797408842,0,3.1031822318
2.148343,905948,1037,0,1,3.5730919102
1.907579,905978,1037,0,0,3.2633714671
1.928745,905980,1037,0,0,3.1820242677
2.524903,905981,1037,0,0,3.2667360281
3.536668,909250,1037,0,0,3.225613825
0.501174,909730,1037,0,0,3.5364402489
1.378312,909781,1037,0,0,3.7135480026
4.324236,909974,1037,0,0,3.5545443966
1.437593,910920,1037,0,0,3.4809743515
3.30423,910952,1037,0,0,3.199250554
2.424301,1298168,1037,0,1,3.3979952227
1.174062,1298169,1037,0,1,3.2868382091
1.335079,1509073,1037,0,1,3.4093605237
1.8418,1524414,1037,0,0,3.2750857306
0.647171,1524415,1037,0,0,3.2198379292
1.279848,1524416,1037,0,0,3.1700142245
2.532254,753558,1038,0,0,3.2457378881
1.413353,753577,1038,3.415194526,0,3.1804375719
1.346752,905947,1038,5.0797408842,0,3.1031822318
4.243779,905948,1038,0,1,3.5730919102
3.565289,905978,1038,0,0,3.2633714671
2.09977,905980,1038,0,0,3.1820242677
0.945695,905981,1038,0,0,3.2667360281
1.852132,909250,1038,0,0,3.225613825
1.886199,909730,1038,0,0,3.5364402489
1.620042,909781,1038,0,0,3.7135480026
3.502586,909974,1038,0,0,3.5545443966
1.040432,910920,1038,0,0,3.4809743515
1.868978,910952,1038,0,0,3.199250554
3.144753,1298168,1038,0,1,3.3979952227
1.979985,1298169,1038,0,1,3.2868382091
2.60799,1509073,1038,0,1,3.4093605237
0.643827,1524414,1038,0,0,3.2750857306
1.457567,1524415,1038,0,0,3.2198379292
1.41051,1524416,1038,0,0,3.1700142245
5.180995,753558,1039,0,0,3.2457378881
5.110598,753577,1039,3.415194526,0,3.1804375719
3.89206,905947,1039,5.0797408842,0,3.1031822318
5.722755,905948,1039,0,1,3.5730919102
5.645593,905978,1039,0,0,3.2633714671
4.024747,905980,1039,0,0,3.1820242677
4.105766,905981,1039,0,0,3.2667360281
3.365037,909250,1039,0,0,3.225613825
4.176171,909730,1039,0,0,3.5364402489
5.130007,909781,1039,0,0,3.7135480026
6.232103,909974,1039,0,0,3.5545443966
4.914418,910920,1039,0,0,3.4809743515
3.310815,910952,1039,0,0,3.199250554
4.524457,1298168,1039,0,1,3.3979952227
3.696278,1298169,1039,0,1,3.2868382091
5.167834,1509073,1039,0,1,3.4093605237
4.941491,1524414,1039,0,0,3.2750857306
5.027994,1524415,1039,0,0,3.2198379292
4.947498,1524416,1039,0,0,3.1700142245
3.934118,753558,1042,0,0,3.2457378881
2.741906,753577,1042,3.415194526,0,3.1804375719
3.909063,905947,1042,5.0797408842,0,3.1031822318
6.056155,905948,1042,0,1,3.5730919102
3.960266,905978,1042,0,0,3.2633714671
5.27295,905980,1042,0,0,3.1820242677
4.909289,905981,1042,0,0,3.2667360281
3.812678,909250,1042,0,0,3.225613825
3.945948,909730,1042,0,0,3.5364402489
5.181831,909781,1042,0,0,3.7135480026
5.455567,909974,1042,0,0,3.5545443966
4.398094,910920,1042,0,0,3.4809743515
4.068557,910952,1042,0,0,3.199250554
4.754004,1298168,1042,0,1,3.3979952227
5.164861,1298169,1042,0,1,3.2868382091
2.670395,1509073,1042,0,1,3.4093605237
3.128629,1524414,1042,0,0,3.2750857306
2.524654,1524415,1042,0,0,3.2198379292
4.332153,1524416,1042,0,0,3.1700142245
4.083698,753558,1043,0,0,3.2457378881
2.888865,753577,1043,3.415194526,0,3.1804375719
3.965434,905947,1043,5.0797408842,0,3.1031822318
5.999084,905948,1043,0,1,3.5730919102
4.778798,905978,1043,0,0,3.2633714671
4.85553,905980,1043,0,0,3.1820242677
4.290535,905981,1043,0,0,3.2667360281
5.262971,909250,1043,0,0,3.225613825
4.266106,909730,1043,0,0,3.5364402489
5.346854,909781,1043,0,0,3.7135480026
6.660993,909974,1043,0,0,3.5545443966
4.892046,910920,1043,0,0,3.4809743515
4.26979,910952,1043,0,0,3.199250554
4.579034,1298168,1043,0,1,3.3979952227
4.92091,1298169,1043,0,1,3.2868382091
3.289815,1509073,1043,0,1,3.4093605237
2.715872,1524414,1043,0,0,3.2750857306
3.651737,1524415,1043,0,0,3.2198379292
2.864065,1524416,1043,0,0,3.1700142245
1.217996,905947,1046,5.0797408842,0,3.1031822318
3.528785,905948,1046,0,1,3.5730919102
2.865423,905978,1046,0,0,3.2633714671
2.222358,905980,1046,0,0,3.1820242677
1.630141,905981,1046,0,0,3.2667360281
2.329611,909250,1046,0,0,3.225613825
1.79651,909730,1046,0,0,3.5364402489
2.556599,909781,1046,0,0,3.7135480026
1.763342,909974,1046,0,0,3.5545443966
0.824337,910952,1046,0,0,3.199250554
2.904237,1298168,1046,0,1,3.3979952227
0.8747,1298169,1046,0,1,3.2868382091
2.997919,1509073,1046,0,1,3.4093605237
3.381831,753558,1049,0,0,3.2457378881
1.861571,753577,1049,3.415194526,0,3.1804375719
2.507395,905947,1049,5.0797408842,0,3.1031822318
4.303253,905948,1049,0,1,3.5730919102
2.267221,905978,1049,0,0,3.2633714671
2.466234,905980,1049,0,0,3.1820242677
1.926775,905981,1049,0,0,3.2667360281
2.102426,909250,1049,0,0,3.225613825
2.0936,909730,1049,0,0,3.5364402489
2.445149,909781,1049,0,0,3.7135480026
5.163438,909974,1049,0,0,3.5545443966
0.983928,910920,1049,0,0,3.4809743515
3.001316,910952,1049,0,0,3.199250554
1.975804,1298168,1049,0,1,3.3979952227
2.535679,1298169,1049,0,1,3.2868382091
3.558396,1509073,1049,0,1,3.4093605237
2.044457,1524414,1049,0,0,3.2750857306
3.488107,1524415,1049,0,0,3.2198379292
3.17511,1524416,1049,0,0,3.1700142245
1.956263,905947,1050,5.0797408842,0,3.1031822318
1.45753,905948,1050,0,1,3.5730919102
1.703896,905978,1050,0,0,3.2633714671
3.028163,905980,1050,0,0,3.1820242677
1.742977,905981,1050,0,0,3.2667360281
1.972,909250,1050,0,0,3.225613825
0.455783,909730,1050,0,0,3.5364402489
4.318076,909781,1050,0,0,3.7135480026
5.736967,909974,1050,0,0,3.5545443966
2.085454,910952,1050,0,0,3.199250554
2.433222,1298168,1050,0,1,3.3979952227
2.723334,1298169,1050,0,1,3.2868382091
2.287658,1509073,1050,0,1,3.4093605237
2.661463,1524414,1050,0,0,3.2750857306
2.364726,1524415,1050,0,0,3.2198379292
2.500712,1524416,1050,0,0,3.1700142245
2.715973,753558,1052,0,0,3.2457378881
1.298506,753577,1052,3.415194526,0,3.1804375719
2.656462,905947,1052,5.0797408842,0,3.1031822318
3.601942,905948,1052,0,1,3.5730919102
3.342387,905978,1052,0,0,3.2633714671
3.998947,905980,1052,0,0,3.1820242677
2.537667,905981,1052,0,0,3.2667360281
4.153049,909250,1052,0,0,3.225613825
3.816807,909730,1052,0,0,3.5364402489
3.971898,909781,1052,0,0,3.7135480026
3.731585,909974,1052,0,0,3.5545443966
2.24223,910920,1052,0,0,3.4809743515
4.647414,910952,1052,0,0,3.199250554
4.435778,1298168,1052,0,1,3.3979952227
4.141486,1298169,1052,0,1,3.2868382091
1.908718,1509073,1052,0,1,3.4093605237
4.053847,1524414,1052,0,0,3.2750857306
2.60498,1524415,1052,0,0,3.2198379292
3.744849,1524416,1052,0,0,3.1700142245
0.400529,753558,1053,0,0,3.2457378881
0.571359,753577,1053,3.415194526,0,3.1804375719
1.333366,905947,1053,5.0797408842,0,3.1031822318
2.168393,905948,1053,0,1,3.5730919102
0.532863,905978,1053,0,0,3.2633714671
1.93298,905980,1053,0,0,3.1820242677
0.354009,909250,1053,0,0,3.225613825
0.717607,909730,1053,0,0,3.5364402489
1.352028,909781,1053,0,0,3.7135480026
4.001378,909974,1053,0,0,3.5545443966
0.999861,910920,1053,0,0,3.4809743515
-0.132122,910952,1053,0,0,3.199250554
2.294598,1298168,1053,0,1,3.3979952227
2.107912,1298169,1053,0,1,3.2868382091
1.313238,1509073,1053,0,1,3.4093605237
-1.138498,1524414,1053,0,0,3.2750857306
-0.020591,1524415,1053,0,0,3.2198379292
-0.069364,1524416,1053,0,0,3.1700142245
0.742834,753558,1054,0,0,3.2457378881
-0.446045,753577,1054,3.415194526,0,3.1804375719
0.265472,905947,1054,5.0797408842,0,3.1031822318
3.652861,905948,1054,0,1,3.5730919102
0.249181,905978,1054,0,0,3.2633714671
0.853069,905980,1054,0,0,3.1820242677
-0.540701,909250,1054,0,0,3.225613825
0.237064,909730,1054,0,0,3.5364402489
0.357416,909781,1054,0,0,3.7135480026
2.710495,909974,1054,0,0,3.5545443966
2.664682,910920,1054,0,0,3.4809743515
0.557907,910952,1054,0,0,3.199250554
1.422622,1298168,1054,0,1,3.3979952227
1.267283,1298169,1054,0,1,3.2868382091
0.563603,1509073,1054,0,1,3.4093605237
0.769454,1524414,1054,0,0,3.2750857306
-0.86849,1524415,1054,0,0,3.2198379292
0.217068,1524416,1054,0,0,3.1700142245
-3.556587,753558,1057,0,0,3.2457378881
-3.098634,753577,1057,3.415194526,0,3.1804375719
-3.466825,905947,1057,5.0797408842,0,3.1031822318
-2.444016,905948,1057,0,1,3.5730919102
-3.266203,905978,1057,0,0,3.2633714671
-2.161811,905980,1057,0,0,3.1820242677
-2.453716,905981,1057,0,0,3.2667360281
-3.991426,909250,1057,0,0,3.225613825
-3.285317,909730,1057,0,0,3.5364402489
-3.803173,909781,1057,0,0,3.7135480026
-1.418747,909974,1057,0,0,3.5545443966
-2.864969,910920,1057,0,0,3.4809743515
-1.964269,910952,1057,0,0,3.199250554
-2.901018,1298168,1057,0,1,3.3979952227
-3.09879,1298169,1057,0,1,3.2868382091
-2.659416,1509073,1057,0,1,3.4093605237
-3.654824,1524414,1057,0,0,3.2750857306
-4.212025,1524415,1057,0,0,3.2198379292
-5.193526,1524416,1057,0,0,3.1700142245
-0.703082,753558,1059,0,0,3.2457378881
-0.992109,753577,1059,3.415194526,0,3.1804375719
0.119043,905947,1059,5.0797408842,0,3.1031822318
1.962521,905948,1059,0,1,3.5730919102
0.102071,905978,1059,0,0,3.2633714671
0.248568,905980,1059,0,0,3.1820242677
0.825593,905981,1059,0,0,3.2667360281
0.146146,909250,1059,0,0,3.225613825
-1.28299,909730,1059,0,0,3.5364402489
0.009868,909781,1059,0,0,3.7135480026
1.053206,909974,1059,0,0,3.5545443966
-0.394104,910920,1059,0,0,3.4809743515
0.44697,910952,1059,0,0,3.199250554
1.370368,1298168,1059,0,1,3.3979952227
0.684947,1298169,1059,0,1,3.2868382091
0.621524,1509073,1059,0,1,3.4093605237
0.295349,1524414,1059,0,0,3.2750857306
-0.696126,1524415,1059,0,0,3.2198379292
-0.072076,1524416,1059,0,0,3.1700142245
-2.14773,753558,1060,0,0,3.2457378881
-2.97085,753577,1060,3.415194526,0,3.1804375719
-1.565664,905947,1060,5.0797408842,0,3.1031822318
-1.717823,905948,1060,0,1,3.5730919102
-2.477058,905978,1060,0,0,3.2633714671
-1.076546,905980,1060,0,0,3.1820242677
1.589758,905981,1060,0,0,3.2667360281
-2.509851,909250,1060,0,0,3.225613825
1.514615,909730,1060,0,0,3.5364402489
0.177199,909781,1060,0,0,3.7135480026
0.610796,909974,1060,0,0,3.5545443966
-0.752744,910920,1060,0,0,3.4809743515
-0.084038,910952,1060,0,0,3.199250554
-0.905926,1298168,1060,0,1,3.3979952227
0.29185,1298169,1060,0,1,3.2868382091
-1.698584,1509073,1060,0,1,3.4093605237
-2.193425,1524414,1060,0,0,3.2750857306
-3.951081,1524415,1060,0,0,3.2198379292
-2.14255,1524416,1060,0,0,3.1700142245
3.305661,753558,1061,0,0,3.2457378881
4.43694,753577,1061,3.415194526,0,3.1804375719
3.032609,905947,1061,5.0797408842,0,3.1031822318
5.293211,905948,1061,0,1,3.5730919102
4.989527,905978,1061,0,0,3.2633714671
4.584296,905980,1061,0,0,3.1820242677
3.978356,905981,1061,0,0,3.2667360281
4.892215,909250,1061,0,0,3.225613825
3.283475,909730,1061,0,0,3.5364402489
4.649259,909781,1061,0,0,3.7135480026
6.197018,909974,1061,0,0,3.5545443966
4.193584,910920,1061,0,0,3.4809743515
4.577687,910952,1061,0,0,3.199250554
4.505172,1298168,1061,0,1,3.3979952227
4.380749,1298169,1061,0,1,3.2868382091
4.474139,1509073,1061,0,1,3.4093605237
4.890614,1524414,1061,0,0,3.2750857306
4.456761,1524415,1061,0,0,3.2198379292
4.254351,1524416,1061,0,0,3.1700142245
3.879929,753558,1129,0,0,3.2457378881
3.523198,753577,1129,3.415194526,0,3.1804375719
1.421169,905947,1129,5.0797408842,0,3.1031822318
4.553943,905948,1129,0,1,3.5730919102
3.327811,905950,1129,0,0,3.1682549476
3.734753,905963,1129,0,0,3.2175274635
4.297916,905978,1129,0,0,3.2633714671
4.613347,905979,1129,0,0,4.0333226952
4.398579,905980,1129,0,0,3.1820242677
3.000533,905981,1129,0,0,3.2667360281
4.719133,909250,1129,0,0,3.225613825
3.084185,909781,1129,0,0,3.7135480026
5.251163,909974,1129,0,0,3.5545443966
4.166248,910698,1129,0,1,3.3979326776
3.902717,910952,1129,0,0,3.199250554
3.662596,1298168,1129,0,1,3.3979952227
4.638511,1298169,1129,0,1,3.2868382091
5.071047,1509073,1129,0,1,3.4093605237
4.134136,1524414,1129,0,0,3.2750857306
4.349208,1524415,1129,0,0,3.2198379292
4.374787,1524416,1129,0,0,3.1700142245
0.321392,753577,1142,3.415194526,0,3.1804375719
1.057388,905948,1142,0,1,3.5730919102
2.18117,905978,1142,0,0,3.2633714671
1.463425,905980,1142,0,0,3.1820242677
1.462091,909250,1142,0,0,3.225613825
1.957813,909781,1142,0,0,3.7135480026
1.711015,910920,1142,0,0,3.4809743515
2.338149,1298169,1142,0,1,3.2868382091
1.42688,1509073,1142,0,1,3.4093605237
2.121508,1524414,1142,0,0,3.2750857306
1.320927,1524415,1142,0,0,3.2198379292
1.272142,1524416,1142,0,0,3.1700142245
2.503118,753577,1143,3.415194526,0,3.1804375719
4.90079,905948,1143,0,1,3.5730919102
3.9438,905978,1143,0,0,3.2633714671
3.78124,905980,1143,0,0,3.1820242677
2.793798,909250,1143,0,0,3.225613825
4.84838,909781,1143,0,0,3.7135480026
3.484492,910920,1143,0,0,3.4809743515
4.629122,1298169,1143,0,1,3.2868382091
3.773726,1509073,1143,0,1,3.4093605237
4.465652,1524414,1143,0,0,3.2750857306
4.651065,1524415,1143,0,0,3.2198379292
4.499399,1524416,1143,0,0,3.1700142245
3.322378,753577,1158,3.415194526,0,3.1804375719
4.186333,905948,1158,0,1,3.5730919102
5.451363,905978,1158,0,0,3.2633714671
3.722118,905980,1158,0,0,3.1820242677
3.911285,909250,1158,0,0,3.225613825
5.074443,909781,1158,0,0,3.7135480026
3.700853,910920,1158,0,0,3.4809743515
4.660907,1298169,1158,0,1,3.2868382091
4.905396,1509073,1158,0,1,3.4093605237
4.807285,1524414,1158,0,0,3.2750857306
4.953441,1524415,1158,0,0,3.2198379292
3.982264,1524416,1158,0,0,3.1700142245
0.797132,753577,1161,3.415194526,0,3.1804375719
1.65303,905948,1161,0,1,3.5730919102
0.59006,905978,1161,0,0,3.2633714671
1.193026,905980,1161,0,0,3.1820242677
1.732734,909250,1161,0,0,3.225613825
1.454354,909781,1161,0,0,3.7135480026
1.421886,910920,1161,0,0,3.4809743515
2.631896,1298169,1161,0,1,3.2868382091
1.86586,1509073,1161,0,1,3.4093605237
1.880957,1524414,1161,0,0,3.2750857306
0.860794,1524415,1161,0,0,3.2198379292
0.583511,1524416,1161,0,0,3.1700142245
2.753004,753577,1164,3.415194526,0,3.1804375719
5.852778,905948,1164,0,1,3.5730919102
4.814444,905978,1164,0,0,3.2633714671
2.500997,905980,1164,0,0,3.1820242677
5.621799,909250,1164,0,0,3.225613825
3.513363,909781,1164,0,0,3.7135480026
2.940824,910920,1164,0,0,3.4809743515
3.87762,1298169,1164,0,1,3.2868382091
4.046592,1509073,1164,0,1,3.4093605237
4.562853,1524414,1164,0,0,3.2750857306
3.404091,1524415,1164,0,0,3.2198379292
2.815686,1524416,1164,0,0,3.1700142245
4.01674,753558,1194,0,0,3.2457378881
3.399821,753577,1194,3.415194526,0,3.1804375719
3.933757,905947,1194,5.0797408842,0,3.1031822318
4.52861,905948,1194,0,1,3.5730919102
5.005326,905950,1194,0,0,3.1682549476
5.682365,905963,1194,0,0,3.2175274635
3.744665,905978,1194,0,0,3.2633714671
4.630962,905979,1194,0,0,4.0333226952
4.105287,905980,1194,0,0,3.1820242677
4.783924,905981,1194,0,0,3.2667360281
4.389036,909250,1194,0,0,3.225613825
3.546404,909730,1194,0,0,3.5364402489
5.089433,909781,1194,0,0,3.7135480026
3.288155,910698,1194,0,1,3.3979326776
3.616565,910920,1194,0,0,3.4809743515
3.534673,910922,1194,0,0,3.1973917272
2.956608,910952,1194,0,0,3.199250554
4.102901,1298168,1194,0,1,3.3979952227
5.067094,1298169,1194,0,1,3.2868382091
5.02635,1509073,1194,0,1,3.4093605237
3.227035,1524414,1194,0,0,3.2750857306
3.159577,1524415,1194,0,0,3.2198379292
4.435021,1524416,1194,0,0,3.1700142245
3.623122,753577,1203,3.415194526,0,3.1804375719
5.418977,905948,1203,0,1,3.5730919102
3.994512,905978,1203,0,0,3.2633714671
1.749001,905980,1203,0,0,3.1820242677
5.621799,909250,1203,0,0,3.225613825
3.60826,909781,1203,0,0,3.7135480026
4.513805,910920,1203,0,0,3.4809743515
4.658981,1298169,1203,0,1,3.2868382091
4.705663,1509073,1203,0,1,3.4093605237
5.389376,1524414,1203,0,0,3.2750857306
4.45465,1524415,1203,0,0,3.2198379292
0.686767,1524416,1203,0,0,3.1700142245
2.595167,753558,1219,0,0,3.2457378881
1.779646,753577,1219,3.415194526,0,3.1804375719
2.037078,905947,1219,5.0797408842,0,3.1031822318
5.852778,905948,1219,0,1,3.5730919102
2.845543,905950,1219,0,0,3.1682549476
1.847383,905963,1219,0,0,3.2175274635
4.966034,905978,1219,0,0,3.2633714671
3.187692,905979,1219,0,0,4.0333226952
2.68284,905980,1219,0,0,3.1820242677
-0.142762,905981,1219,0,0,3.2667360281
5.453363,909250,1219,0,0,3.225613825
2.302044,909730,1219,0,0,3.5364402489
4.021689,909781,1219,0,0,3.7135480026
2.553547,910698,1219,0,1,3.3979326776
2.966994,910920,1219,0,0,3.4809743515
2.845649,910922,1219,0,0,3.1973917272
1.622692,910952,1219,0,0,3.199250554
3.261583,1298168,1219,0,1,3.3979952227
3.611332,1298169,1219,0,1,3.2868382091
4.427374,1509073,1219,0,1,3.4093605237
3.691812,1524414,1219,0,0,3.2750857306
3.594457,1524415,1219,0,0,3.2198379292
2.647475,1524416,1219,0,0,3.1700142245
1.151659,753558,1242,0,0,3.2457378881
-0.484266,753577,1242,3.415194526,0,3.1804375719
0.765914,905947,1242,5.0797408842,0,3.1031822318
-0.709917,905948,1242,0,1,3.5730919102
0.691727,905950,1242,0,0,3.1682549476
0.877589,905963,1242,0,0,3.2175274635
0.75638,905978,1242,0,0,3.2633714671
0.474146,905979,1242,0,0,4.0333226952
-0.433257,905980,1242,0,0,3.1820242677
-0.501239,905981,1242,0,0,3.2667360281
1.730303,909250,1242,0,0,3.225613825
1.471214,909730,1242,0,0,3.5364402489
0.5717,909781,1242,0,0,3.7135480026
-0.11229,910698,1242,0,1,3.3979326776
0.949054,910920,1242,0,0,3.4809743515
0.61128,910922,1242,0,0,3.1973917272
0.093929,910952,1242,0,0,3.199250554
-0.0172,1298168,1242,0,1,3.3979952227
2.473494,1298169,1242,0,1,3.2868382091
1.613731,1509073,1242,0,1,3.4093605237
1.6736,1524414,1242,0,0,3.2750857306
0.101927,1524415,1242,0,0,3.2198379292
-1.150457,1524416,1242,0,0,3.1700142245
-0.501661,753558,1372,0,0,3.2457378881
-2.879109,753577,1372,3.415194526,0,3.1804375719
-1.306008,905947,1372,5.0797408842,0,3.1031822318
-0.939774,905948,1372,0,1,3.5730919102
-2.693174,905950,1372,0,0,3.1682549476
-1.130813,905963,1372,0,0,3.2175274635
-3.551847,905978,1372,0,0,3.2633714671
-1.96947,905979,1372,0,0,4.0333226952
-2.417311,905980,1372,0,0,3.1820242677
-3.001027,905981,1372,0,0,3.2667360281
0.197284,909250,1372,0,0,3.225613825
2.087878,909730,1372,0,0,3.5364402489
0.663111,909781,1372,0,0,3.7135480026
-0.182868,909974,1372,0,0,3.5545443966
-0.996645,910698,1372,0,1,3.3979326776
-0.141043,910920,1372,0,0,3.4809743515
-2.81701,910922,1372,0,0,3.1973917272
-0.325004,910952,1372,0,0,3.199250554
0.056762,1298169,1372,0,1,3.2868382091
0.179721,1509073,1372,0,1,3.4093605237
-1.374389,1524414,1372,0,0,3.2750857306
-2.796439,1524415,1372,0,0,3.2198379292
-0.589189,1524416,1372,0,0,3.1700142245
1.543187,753558,1373,0,0,3.2457378881
-0.404952,753577,1373,3.415194526,0,3.1804375719
3.316477,905947,1373,5.0797408842,0,3.1031822318
4.956479,905948,1373,0,1,3.5730919102
0.714572,905950,1373,0,0,3.1682549476
2.819477,905963,1373,0,0,3.2175274635
2.140941,905978,1373,0,0,3.2633714671
2.432959,905979,1373,0,0,4.0333226952
2.667192,905980,1373,0,0,3.1820242677
1.519934,905981,1373,0,0,3.2667360281
4.853675,909250,1373,0,0,3.225613825
3.44182,909730,1373,0,0,3.5364402489
2.258954,909781,1373,0,0,3.7135480026
5.53521,909974,1373,0,0,3.5545443966
4.139969,910698,1373,0,1,3.3979326776
3.125789,910920,1373,0,0,3.4809743515
2.282692,910922,1373,0,0,3.1973917272
4.207868,910952,1373,0,0,3.199250554
3.143689,1298169,1373,0,1,3.2868382091
2.831824,1509073,1373,0,1,3.4093605237
1.529708,1524414,1373,0,0,3.2750857306
1.080417,1524415,1373,0,0,3.2198379292
3.034741,1524416,1373,0,0,3.1700142245
1.3499785667,753558,1032,0,0,3.2457378881
-0.134148551,753577,1032,3.415194526,0,3.1804375719
3.230017,905947,1032,5.0797408842,0,3.1031822318
1.5679480202,905948,1032,0,1,3.5730919102
-1.596431001,905950,1032,0,0,3.1682549476
0.704785436,905963,1032,0,0,3.2175274635
2.4910680313,905978,1032,0,0,3.2633714671
2.845071,905979,1032,0,0,4.0333226952
-1.591353828,905980,1032,0,0,3.1820242677
2.457363,905981,1032,0,0,3.2667360281
4.0743472118,909250,1032,0,0,3.225613825
3.3913341825,909730,1032,0,0,3.5364402489
3.739284168,909781,1032,0,0,3.7135480026
2.1244516722,909974,1032,0,0,3.5545443966
2.539132,910698,1032,0,1,3.3979326776
2.5306568707,910920,1032,0,0,3.4809743515
0.188483,910922,1032,0,0,3.1973917272
2.554223,910952,1032,0,0,3.199250554
1.580645,1298168,1032,0,1,3.3979952227
3.2229328575,1298169,1032,0,1,3.2868382091
1.7680980388,1509073,1032,0,1,3.4093605237
2.3372519343,1524414,1032,0,0,3.2750857306
-0.4906842,1524415,1032,0,0,3.2198379292
0.6406680771,1524416,1032,0,0,3.1700142245
2.5606138652,753558,1014,0,0,3.2457378881
0.1464285413,753577,1014,3.415194526,0,3.1804375719
0.7951665222,905947,1014,5.0797408842,0,3.1031822318
1.2258456911,905948,1014,0,1,3.5730919102
0.670249,905950,1014,0,0,3.1682549476
0.936092,905963,1014,0,0,3.2175274635
0.306057309,905978,1014,0,0,3.2633714671
1.096903,905979,1014,0,0,4.0333226952
0.4369144535,905980,1014,0,0,3.1820242677
3.9774224492,905981,1014,0,0,3.2667360281
1.9975859315,909250,1014,0,0,3.225613825
3.6078842613,909730,1014,0,0,3.5364402489
2.0325998994,909781,1014,0,0,3.7135480026
2.603596,909974,1014,0,0,3.5545443966
2.300717,910698,1014,0,1,3.3979326776
1.5214495634,910920,1014,0,0,3.4809743515
1.313521,910922,1014,0,0,3.1973917272
1.2010504531,910952,1014,0,0,3.199250554
1.2296673966,1298168,1014,0,1,3.3979952227
2.2967969669,1298169,1014,0,1,3.2868382091
2.579871653,1509073,1014,0,1,3.4093605237
1.8738425672,1524414,1014,0,0,3.2750857306
0.0495817277,1524415,1014,0,0,3.2198379292
1.429088242,1524416,1014,0,0,3.1700142245
