IC50,Cancer,Drug,EXP_PLK3_X_EXP_PTEN,EXP_PRKCG_X_EXP_TRPV4,PWY_R_HSA_2682334_X_PWY_R_HSA_416476,Predicted IC50,Validation
3.015268,910568,1,40.251729322,11.005225277,0,1.9393259422,7
3.133641,924238,1,44.100411177,11.264831987,0,2.1925591996,9
-2.649341,910568,5,40.251729322,11.005225277,0,1.9393259422,8
2.132354,924238,5,44.100411177,11.264831987,0,2.1925591996,10
2.566877,910568,6,40.251729322,11.005225277,0,1.9393259422,6
3.11055,924238,6,44.100411177,11.264831987,0,2.1925591996,8
-1.995556,910568,29,40.251729322,11.005225277,0,1.9393259422,4
-2.030435,924238,29,44.100411177,11.264831987,0,2.1925591996,2
-1.590963,910568,30,40.251729322,11.005225277,0,1.9393259422,8
2.74816,924238,30,44.100411177,11.264831987,0,2.1925591996,5
3.054886,910568,32,40.251729322,11.005225277,0,1.9393259422,6
0.019325,924238,32,44.100411177,11.264831987,0,2.1925591996,4
-1.469164,910568,34,40.251729322,11.005225277,0,1.9393259422,1
2.958832,924238,34,44.100411177,11.264831987,0,2.1925591996,8
0.60073,910568,35,40.251729322,11.005225277,0,1.9393259422,6
-0.240399,924238,35,44.100411177,11.264831987,0,2.1925591996,6
1.58458,910568,37,40.251729322,11.005225277,0,1.9393259422,7
3.038614,924238,37,44.100411177,11.264831987,0,2.1925591996,4
1.338999,910568,38,40.251729322,11.005225277,0,1.9393259422,10
2.126412,924238,38,44.100411177,11.264831987,0,2.1925591996,1
-3.243719,910568,51,40.251729322,11.005225277,0,1.9393259422,4
-1.883244,924238,51,44.100411177,11.264831987,0,2.1925591996,7
2.19139,910568,52,40.251729322,11.005225277,0,1.9393259422,8
2.585193,924238,52,44.100411177,11.264831987,0,2.1925591996,1
-2.631211,910568,53,40.251729322,11.005225277,0,1.9393259422,5
-3.461163,924238,53,44.100411177,11.264831987,0,2.1925591996,7
2.992879,910568,54,40.251729322,11.005225277,0,1.9393259422,4
3.403407,924238,54,44.100411177,11.264831987,0,2.1925591996,7
3.54956,910568,55,40.251729322,11.005225277,0,1.9393259422,10
1.636691,924238,55,44.100411177,11.264831987,0,2.1925591996,3
3.696247,910568,56,40.251729322,11.005225277,0,1.9393259422,10
2.252645,924238,56,44.100411177,11.264831987,0,2.1925591996,10
3.11134,910568,59,40.251729322,11.005225277,0,1.9393259422,2
4.412003,924238,59,44.100411177,11.264831987,0,2.1925591996,8
-1.130827,910568,60,40.251729322,11.005225277,0,1.9393259422,2
-1.58592,924238,60,44.100411177,11.264831987,0,2.1925591996,6
3.959067,910568,63,40.251729322,11.005225277,0,1.9393259422,10
3.840773,924238,63,44.100411177,11.264831987,0,2.1925591996,9
3.494108,910568,64,40.251729322,11.005225277,0,1.9393259422,5
2.198689,924238,64,44.100411177,11.264831987,0,2.1925591996,1
-2.024292,910568,83,40.251729322,11.005225277,0,1.9393259422,10
-2.810043,924238,83,44.100411177,11.264831987,0,2.1925591996,9
-1.372612,910568,86,40.251729322,11.005225277,0,1.9393259422,7
-0.737148,924238,86,44.100411177,11.264831987,0,2.1925591996,9
-0.673961,910568,87,40.251729322,11.005225277,0,1.9393259422,4
-2.62267,924238,87,44.100411177,11.264831987,0,2.1925591996,9
4.142867,910568,91,40.251729322,11.005225277,0,1.9393259422,2
4.046198,924238,91,44.100411177,11.264831987,0,2.1925591996,1
1.965375,910568,106,40.251729322,11.005225277,0,1.9393259422,10
2.641485,924238,106,44.100411177,11.264831987,0,2.1925591996,5
3.452381,910568,110,40.251729322,11.005225277,0,1.9393259422,5
3.223269,924238,110,44.100411177,11.264831987,0,2.1925591996,6
3.227415,910568,119,40.251729322,11.005225277,0,1.9393259422,8
2.813427,924238,119,44.100411177,11.264831987,0,2.1925591996,5
1.931293,906696,152,42.354548904,10.419057199,0,1.8980325721,10
3.781149,906795,152,31.249486693,11.385247385,1,3.1481737972,1
5.766515,906864,152,31.426247528,9.9042337231,1,3.4656583945,1
2.815844,910568,152,40.251729322,11.005225277,0,1.9393259422,10
2.878706,924102,152,35.555315983,10.896537704,0,2.1752440175,6
2.806307,924104,152,43.836712018,13.043405975,0,1.7690055661,2
1.195084,924151,152,38.194925505,12.92785556,0,2.1775363433,1
2.429953,924238,152,44.100411177,11.264831987,0,2.1925591996,2
5.464797,930299,152,34.050387313,9.5638449173,2,4.1218157319,8
2.223387,1240154,152,41.910201759,11.793711053,0,1.6580485278,8
1.854196,1240178,152,35.917913865,10.50479068,0,2.6552928241,6
5.104686,1240223,152,40.454954776,11.186232827,0,1.8548429292,1
3.209882,1290722,152,29.761514135,10.752885992,1,2.9436869386,5
0.201858,906696,153,42.354548904,10.419057199,0,1.8980325721,5
-0.36999,906795,153,31.249486693,11.385247385,1,3.1481737972,6
1.599012,906864,153,31.426247528,9.9042337231,1,3.4656583945,10
-3.159954,910568,153,40.251729322,11.005225277,0,1.9393259422,2
-1.245401,924102,153,35.555315983,10.896537704,0,2.1752440175,9
-1.337733,924104,153,43.836712018,13.043405975,0,1.7690055661,8
-0.056696,924151,153,38.194925505,12.92785556,0,2.1775363433,8
-1.196597,924238,153,44.100411177,11.264831987,0,2.1925591996,10
2.691812,930299,153,34.050387313,9.5638449173,2,4.1218157319,5
-1.861738,1240154,153,41.910201759,11.793711053,0,1.6580485278,6
-3.668303,1240178,153,35.917913865,10.50479068,0,2.6552928241,9
-2.129313,1240223,153,40.454954776,11.186232827,0,1.8548429292,7
-0.562958,1290722,153,29.761514135,10.752885992,1,2.9436869386,2
-0.134078,906696,155,42.354548904,10.419057199,0,1.8980325721,5
-0.475627,906795,155,31.249486693,11.385247385,1,3.1481737972,8
2.329767,906864,155,31.426247528,9.9042337231,1,3.4656583945,4
-5.635772,910568,155,40.251729322,11.005225277,0,1.9393259422,3
-0.050061,924102,155,35.555315983,10.896537704,0,2.1752440175,9
-1.052902,924104,155,43.836712018,13.043405975,0,1.7690055661,10
-0.317303,924151,155,38.194925505,12.92785556,0,2.1775363433,9
0.098684,924238,155,44.100411177,11.264831987,0,2.1925591996,9
2.801536,930299,155,34.050387313,9.5638449173,2,4.1218157319,3
-1.187794,1240154,155,41.910201759,11.793711053,0,1.6580485278,4
-0.917533,1240178,155,35.917913865,10.50479068,0,2.6552928241,2
-1.136702,1240223,155,40.454954776,11.186232827,0,1.8548429292,3
1.537584,1290722,155,29.761514135,10.752885992,1,2.9436869386,5
-0.571255,906696,157,42.354548904,10.419057199,0,1.8980325721,9
-0.722594,906795,157,31.249486693,11.385247385,1,3.1481737972,1
1.641069,906864,157,31.426247528,9.9042337231,1,3.4656583945,8
-2.357692,910568,157,40.251729322,11.005225277,0,1.9393259422,10
-0.521816,924102,157,35.555315983,10.896537704,0,2.1752440175,4
-0.797134,924104,157,43.836712018,13.043405975,0,1.7690055661,6
-0.039872,924151,157,38.194925505,12.92785556,0,2.1775363433,4
-0.437516,924238,157,44.100411177,11.264831987,0,2.1925591996,1
0.480145,930299,157,34.050387313,9.5638449173,2,4.1218157319,4
-2.090715,1240154,157,41.910201759,11.793711053,0,1.6580485278,2
-1.223098,1240178,157,35.917913865,10.50479068,0,2.6552928241,1
-1.544707,1240223,157,40.454954776,11.186232827,0,1.8548429292,4
-0.379609,1290722,157,29.761514135,10.752885992,1,2.9436869386,5
0.858883,906696,158,42.354548904,10.419057199,0,1.8980325721,3
0.044077,906795,158,31.249486693,11.385247385,1,3.1481737972,5
3.404831,906864,158,31.426247528,9.9042337231,1,3.4656583945,4
0.577491,910568,158,40.251729322,11.005225277,0,1.9393259422,1
1.216631,924102,158,35.555315983,10.896537704,0,2.1752440175,10
0.009875,924104,158,43.836712018,13.043405975,0,1.7690055661,9
1.258879,924151,158,38.194925505,12.92785556,0,2.1775363433,1
1.789383,924238,158,44.100411177,11.264831987,0,2.1925591996,6
4.280452,930299,158,34.050387313,9.5638449173,2,4.1218157319,2
0.667252,1240154,158,41.910201759,11.793711053,0,1.6580485278,5
0.801922,1240178,158,35.917913865,10.50479068,0,2.6552928241,9
0.340176,1240223,158,40.454954776,11.186232827,0,1.8548429292,2
0.729993,1290722,158,29.761514135,10.752885992,1,2.9436869386,5
2.036244,906696,159,42.354548904,10.419057199,0,1.8980325721,3
-0.925467,906795,159,31.249486693,11.385247385,1,3.1481737972,7
3.248477,906864,159,31.426247528,9.9042337231,1,3.4656583945,3
-3.924784,910568,159,40.251729322,11.005225277,0,1.9393259422,5
0.609788,924102,159,35.555315983,10.896537704,0,2.1752440175,5
-1.127989,924104,159,43.836712018,13.043405975,0,1.7690055661,8
-0.405024,924151,159,38.194925505,12.92785556,0,2.1775363433,9
0.374219,924238,159,44.100411177,11.264831987,0,2.1925591996,8
2.088359,930299,159,34.050387313,9.5638449173,2,4.1218157319,8
-0.700506,1240154,159,41.910201759,11.793711053,0,1.6580485278,2
-0.955998,1240178,159,35.917913865,10.50479068,0,2.6552928241,6
-2.033541,1240223,159,40.454954776,11.186232827,0,1.8548429292,8
1.975976,1290722,159,29.761514135,10.752885992,1,2.9436869386,9
2.426476,906696,167,42.354548904,10.419057199,0,1.8980325721,4
0.981749,906795,167,31.249486693,11.385247385,1,3.1481737972,7
3.375858,906864,167,31.426247528,9.9042337231,1,3.4656583945,6
1.405113,910568,167,40.251729322,11.005225277,0,1.9393259422,6
0.556005,924102,167,35.555315983,10.896537704,0,2.1752440175,7
1.658597,924104,167,43.836712018,13.043405975,0,1.7690055661,2
1.983981,924151,167,38.194925505,12.92785556,0,2.1775363433,7
2.222778,924238,167,44.100411177,11.264831987,0,2.1925591996,4
3.281021,930299,167,34.050387313,9.5638449173,2,4.1218157319,6
-0.34405,1240154,167,41.910201759,11.793711053,0,1.6580485278,8
1.053879,1240178,167,35.917913865,10.50479068,0,2.6552928241,9
-0.177722,1240223,167,40.454954776,11.186232827,0,1.8548429292,7
1.08831,1290722,167,29.761514135,10.752885992,1,2.9436869386,10
4.088939,906696,176,42.354548904,10.419057199,0,1.8980325721,8
2.073599,906795,176,31.249486693,11.385247385,1,3.1481737972,6
6.089907,906864,176,31.426247528,9.9042337231,1,3.4656583945,6
5.971107,910568,176,40.251729322,11.005225277,0,1.9393259422,7
2.315273,924102,176,35.555315983,10.896537704,0,2.1752440175,10
3.27382,924104,176,43.836712018,13.043405975,0,1.7690055661,1
3.412813,924151,176,38.194925505,12.92785556,0,2.1775363433,10
5.912437,924238,176,44.100411177,11.264831987,0,2.1925591996,10
7.221142,930299,176,34.050387313,9.5638449173,2,4.1218157319,1
0.910879,1240154,176,41.910201759,11.793711053,0,1.6580485278,8
2.061466,1240178,176,35.917913865,10.50479068,0,2.6552928241,2
2.257694,1240223,176,40.454954776,11.186232827,0,1.8548429292,7
1.782684,1290722,176,29.761514135,10.752885992,1,2.9436869386,1
2.959878,906696,177,42.354548904,10.419057199,0,1.8980325721,9
4.131215,906795,177,31.249486693,11.385247385,1,3.1481737972,8
5.551548,906864,177,31.426247528,9.9042337231,1,3.4656583945,3
0.665899,910568,177,40.251729322,11.005225277,0,1.9393259422,8
1.862023,924102,177,35.555315983,10.896537704,0,2.1752440175,9
1.688507,924104,177,43.836712018,13.043405975,0,1.7690055661,3
2.317606,924151,177,38.194925505,12.92785556,0,2.1775363433,5
3.175977,924238,177,44.100411177,11.264831987,0,2.1925591996,10
5.020146,930299,177,34.050387313,9.5638449173,2,4.1218157319,4
1.333983,1240154,177,41.910201759,11.793711053,0,1.6580485278,5
2.471972,1240178,177,35.917913865,10.50479068,0,2.6552928241,10
1.663598,1240223,177,40.454954776,11.186232827,0,1.8548429292,9
0.639265,1290722,177,29.761514135,10.752885992,1,2.9436869386,3
3.58207,906696,178,42.354548904,10.419057199,0,1.8980325721,7
0.959428,906795,178,31.249486693,11.385247385,1,3.1481737972,3
3.699933,906864,178,31.426247528,9.9042337231,1,3.4656583945,6
0.968587,910568,178,40.251729322,11.005225277,0,1.9393259422,1
0.648248,924102,178,35.555315983,10.896537704,0,2.1752440175,10
1.002259,924104,178,43.836712018,13.043405975,0,1.7690055661,10
2.591875,924151,178,38.194925505,12.92785556,0,2.1775363433,9
1.449654,924238,178,44.100411177,11.264831987,0,2.1925591996,5
4.185174,930299,178,34.050387313,9.5638449173,2,4.1218157319,9
-0.667619,1240154,178,41.910201759,11.793711053,0,1.6580485278,2
1.737911,1240178,178,35.917913865,10.50479068,0,2.6552928241,5
-0.073019,1240223,178,40.454954776,11.186232827,0,1.8548429292,10
-0.205326,1290722,178,29.761514135,10.752885992,1,2.9436869386,1
0.701849,906696,184,42.354548904,10.419057199,0,1.8980325721,4
-0.626923,906795,184,31.249486693,11.385247385,1,3.1481737972,10
1.798063,906864,184,31.426247528,9.9042337231,1,3.4656583945,1
1.785791,910568,184,40.251729322,11.005225277,0,1.9393259422,9
0.153608,924102,184,35.555315983,10.896537704,0,2.1752440175,7
-0.050573,924104,184,43.836712018,13.043405975,0,1.7690055661,7
0.517341,924151,184,38.194925505,12.92785556,0,2.1775363433,5
0.09455,924238,184,44.100411177,11.264831987,0,2.1925591996,2
3.769653,930299,184,34.050387313,9.5638449173,2,4.1218157319,8
0.33658,1240154,184,41.910201759,11.793711053,0,1.6580485278,10
-0.026145,1240178,184,35.917913865,10.50479068,0,2.6552928241,5
-1.65574,1240223,184,40.454954776,11.186232827,0,1.8548429292,5
0.383337,1290722,184,29.761514135,10.752885992,1,2.9436869386,7
1.70526,906696,185,42.354548904,10.419057199,0,1.8980325721,9
1.562848,906795,185,31.249486693,11.385247385,1,3.1481737972,1
2.486998,906864,185,31.426247528,9.9042337231,1,3.4656583945,7
3.471646,910568,185,40.251729322,11.005225277,0,1.9393259422,6
2.318494,924102,185,35.555315983,10.896537704,0,2.1752440175,7
1.96952,924104,185,43.836712018,13.043405975,0,1.7690055661,8
2.823885,924151,185,38.194925505,12.92785556,0,2.1775363433,6
2.049813,924238,185,44.100411177,11.264831987,0,2.1925591996,7
4.557072,930299,185,34.050387313,9.5638449173,2,4.1218157319,3
2.253877,1240154,185,41.910201759,11.793711053,0,1.6580485278,9
2.014074,1240178,185,35.917913865,10.50479068,0,2.6552928241,10
0.815897,1240223,185,40.454954776,11.186232827,0,1.8548429292,1
1.596413,1290722,185,29.761514135,10.752885992,1,2.9436869386,6
4.101015,906696,192,42.354548904,10.419057199,0,1.8980325721,4
5.372781,906795,192,31.249486693,11.385247385,1,3.1481737972,1
5.432866,906864,192,31.426247528,9.9042337231,1,3.4656583945,6
4.417015,910568,192,40.251729322,11.005225277,0,1.9393259422,3
4.081717,924102,192,35.555315983,10.896537704,0,2.1752440175,3
3.457362,924104,192,43.836712018,13.043405975,0,1.7690055661,9
4.50355,924151,192,38.194925505,12.92785556,0,2.1775363433,4
4.520923,924238,192,44.100411177,11.264831987,0,2.1925591996,6
6.159733,930299,192,34.050387313,9.5638449173,2,4.1218157319,9
3.799533,1240154,192,41.910201759,11.793711053,0,1.6580485278,2
3.146256,1240178,192,35.917913865,10.50479068,0,2.6552928241,3
4.185107,1240223,192,40.454954776,11.186232827,0,1.8548429292,10
2.712243,1290722,192,29.761514135,10.752885992,1,2.9436869386,9
5.424209,906696,193,42.354548904,10.419057199,0,1.8980325721,3
6.135845,906795,193,31.249486693,11.385247385,1,3.1481737972,2
5.553253,906864,193,31.426247528,9.9042337231,1,3.4656583945,1
5.333885,910568,193,40.251729322,11.005225277,0,1.9393259422,6
5.617692,924102,193,35.555315983,10.896537704,0,2.1752440175,8
4.680035,924104,193,43.836712018,13.043405975,0,1.7690055661,10
5.320115,924151,193,38.194925505,12.92785556,0,2.1775363433,7
5.254073,924238,193,44.100411177,11.264831987,0,2.1925591996,1
6.331755,930299,193,34.050387313,9.5638449173,2,4.1218157319,5
4.146678,1240154,193,41.910201759,11.793711053,0,1.6580485278,10
5.790638,1240178,193,35.917913865,10.50479068,0,2.6552928241,8
5.505637,1240223,193,40.454954776,11.186232827,0,1.8548429292,2
5.715313,1290722,193,29.761514135,10.752885992,1,2.9436869386,1
4.098972,906696,199,42.354548904,10.419057199,0,1.8980325721,2
3.575702,906795,199,31.249486693,11.385247385,1,3.1481737972,6
3.24953,906864,199,31.426247528,9.9042337231,1,3.4656583945,8
-2.310416,910568,199,40.251729322,11.005225277,0,1.9393259422,5
3.439877,924102,199,35.555315983,10.896537704,0,2.1752440175,3
2.506029,924104,199,43.836712018,13.043405975,0,1.7690055661,3
4.135451,924151,199,38.194925505,12.92785556,0,2.1775363433,1
3.866794,924238,199,44.100411177,11.264831987,0,2.1925591996,3
2.672624,930299,199,34.050387313,9.5638449173,2,4.1218157319,8
2.427633,1240154,199,41.910201759,11.793711053,0,1.6580485278,5
0.231048,1240178,199,35.917913865,10.50479068,0,2.6552928241,1
0.97829,1240223,199,40.454954776,11.186232827,0,1.8548429292,6
2.1014,1290722,199,29.761514135,10.752885992,1,2.9436869386,3
1.663007,906696,202,42.354548904,10.419057199,0,1.8980325721,1
1.397241,906795,202,31.249486693,11.385247385,1,3.1481737972,7
1.881008,906864,202,31.426247528,9.9042337231,1,3.4656583945,3
2.468041,910568,202,40.251729322,11.005225277,0,1.9393259422,2
1.507314,924102,202,35.555315983,10.896537704,0,2.1752440175,8
2.016688,924104,202,43.836712018,13.043405975,0,1.7690055661,2
2.463012,924151,202,38.194925505,12.92785556,0,2.1775363433,6
2.083519,924238,202,44.100411177,11.264831987,0,2.1925591996,3
2.086317,930299,202,34.050387313,9.5638449173,2,4.1218157319,7
1.684202,1240154,202,41.910201759,11.793711053,0,1.6580485278,8
0.447669,1240178,202,35.917913865,10.50479068,0,2.6552928241,3
2.25053,1240223,202,40.454954776,11.186232827,0,1.8548429292,5
2.585721,1290722,202,29.761514135,10.752885992,1,2.9436869386,7
2.852281,906696,203,42.354548904,10.419057199,0,1.8980325721,1
5.173295,906795,203,31.249486693,11.385247385,1,3.1481737972,5
5.478552,906864,203,31.426247528,9.9042337231,1,3.4656583945,9
4.033691,910568,203,40.251729322,11.005225277,0,1.9393259422,9
2.94768,924102,203,35.555315983,10.896537704,0,2.1752440175,5
2.754323,924104,203,43.836712018,13.043405975,0,1.7690055661,2
3.239531,924151,203,38.194925505,12.92785556,0,2.1775363433,10
3.258606,924238,203,44.100411177,11.264831987,0,2.1925591996,5
4.641744,930299,203,34.050387313,9.5638449173,2,4.1218157319,4
2.633926,1240154,203,41.910201759,11.793711053,0,1.6580485278,1
4.334064,1240178,203,35.917913865,10.50479068,0,2.6552928241,3
2.512138,1240223,203,40.454954776,11.186232827,0,1.8548429292,10
3.316785,1290722,203,29.761514135,10.752885992,1,2.9436869386,10
4.059656,906696,206,42.354548904,10.419057199,0,1.8980325721,5
5.054136,906795,206,31.249486693,11.385247385,1,3.1481737972,6
4.655863,906864,206,31.426247528,9.9042337231,1,3.4656583945,6
4.034356,910568,206,40.251729322,11.005225277,0,1.9393259422,1
3.427429,924102,206,35.555315983,10.896537704,0,2.1752440175,2
3.647524,924104,206,43.836712018,13.043405975,0,1.7690055661,2
4.526647,924151,206,38.194925505,12.92785556,0,2.1775363433,10
4.045982,924238,206,44.100411177,11.264831987,0,2.1925591996,2
5.411728,930299,206,34.050387313,9.5638449173,2,4.1218157319,2
3.470442,1240154,206,41.910201759,11.793711053,0,1.6580485278,1
4.687689,1240178,206,35.917913865,10.50479068,0,2.6552928241,9
4.341497,1240223,206,40.454954776,11.186232827,0,1.8548429292,2
4.374008,1290722,206,29.761514135,10.752885992,1,2.9436869386,9
1.743289,906696,207,42.354548904,10.419057199,0,1.8980325721,5
1.732232,906795,207,31.249486693,11.385247385,1,3.1481737972,7
3.808755,906864,207,31.426247528,9.9042337231,1,3.4656583945,2
1.691845,910568,207,40.251729322,11.005225277,0,1.9393259422,10
0.821569,924102,207,35.555315983,10.896537704,0,2.1752440175,8
1.262835,924104,207,43.836712018,13.043405975,0,1.7690055661,10
1.845301,924151,207,38.194925505,12.92785556,0,2.1775363433,10
2.02188,924238,207,44.100411177,11.264831987,0,2.1925591996,5
3.65027,930299,207,34.050387313,9.5638449173,2,4.1218157319,4
1.192051,1240154,207,41.910201759,11.793711053,0,1.6580485278,3
0.649182,1240178,207,35.917913865,10.50479068,0,2.6552928241,1
1.123078,1240223,207,40.454954776,11.186232827,0,1.8548429292,10
-0.033407,1290722,207,29.761514135,10.752885992,1,2.9436869386,10
3.166621,906696,219,42.354548904,10.419057199,0,1.8980325721,9
2.331065,906795,219,31.249486693,11.385247385,1,3.1481737972,7
5.317205,906864,219,31.426247528,9.9042337231,1,3.4656583945,3
3.219177,910568,219,40.251729322,11.005225277,0,1.9393259422,2
0.055017,924102,219,35.555315983,10.896537704,0,2.1752440175,6
0.160885,924104,219,43.836712018,13.043405975,0,1.7690055661,4
2.217989,924151,219,38.194925505,12.92785556,0,2.1775363433,2
1.664374,924238,219,44.100411177,11.264831987,0,2.1925591996,4
2.560321,930299,219,34.050387313,9.5638449173,2,4.1218157319,9
1.886089,1240178,219,35.917913865,10.50479068,0,2.6552928241,6
0.680002,1240223,219,40.454954776,11.186232827,0,1.8548429292,9
1.4136,1290722,219,29.761514135,10.752885992,1,2.9436869386,1
4.554163,906696,221,42.354548904,10.419057199,0,1.8980325721,4
6.075842,906795,221,31.249486693,11.385247385,1,3.1481737972,6
5.337634,906864,221,31.426247528,9.9042337231,1,3.4656583945,8
5.099989,910568,221,40.251729322,11.005225277,0,1.9393259422,7
4.524467,924102,221,35.555315983,10.896537704,0,2.1752440175,2
3.913233,924104,221,43.836712018,13.043405975,0,1.7690055661,4
4.508611,924151,221,38.194925505,12.92785556,0,2.1775363433,3
5.441804,924238,221,44.100411177,11.264831987,0,2.1925591996,9
5.402581,930299,221,34.050387313,9.5638449173,2,4.1218157319,4
3.079557,1240154,221,41.910201759,11.793711053,0,1.6580485278,9
6.041799,1240178,221,35.917913865,10.50479068,0,2.6552928241,1
4.845717,1240223,221,40.454954776,11.186232827,0,1.8548429292,1
5.673051,1290722,221,29.761514135,10.752885992,1,2.9436869386,1
3.574164,906696,222,42.354548904,10.419057199,0,1.8980325721,1
3.245273,906795,222,31.249486693,11.385247385,1,3.1481737972,7
5.322428,906864,222,31.426247528,9.9042337231,1,3.4656583945,10
1.144083,910568,222,40.251729322,11.005225277,0,1.9393259422,1
1.812587,924102,222,35.555315983,10.896537704,0,2.1752440175,2
2.043001,924104,222,43.836712018,13.043405975,0,1.7690055661,4
3.952975,924151,222,38.194925505,12.92785556,0,2.1775363433,7
2.978722,924238,222,44.100411177,11.264831987,0,2.1925591996,6
3.084141,930299,222,34.050387313,9.5638449173,2,4.1218157319,8
3.765719,1240154,222,41.910201759,11.793711053,0,1.6580485278,1
2.131345,1240178,222,35.917913865,10.50479068,0,2.6552928241,9
1.676745,1240223,222,40.454954776,11.186232827,0,1.8548429292,6
4.680509,1290722,222,29.761514135,10.752885992,1,2.9436869386,1
2.548997,906696,226,42.354548904,10.419057199,0,1.8980325721,2
3.377673,906795,226,31.249486693,11.385247385,1,3.1481737972,8
4.332602,906864,226,31.426247528,9.9042337231,1,3.4656583945,8
2.771977,910568,226,40.251729322,11.005225277,0,1.9393259422,10
1.167218,924102,226,35.555315983,10.896537704,0,2.1752440175,2
1.30966,924104,226,43.836712018,13.043405975,0,1.7690055661,4
2.620809,924151,226,38.194925505,12.92785556,0,2.1775363433,7
2.871268,924238,226,44.100411177,11.264831987,0,2.1925591996,8
5.176218,930299,226,34.050387313,9.5638449173,2,4.1218157319,4
1.557385,1240154,226,41.910201759,11.793711053,0,1.6580485278,10
2.044321,1240178,226,35.917913865,10.50479068,0,2.6552928241,9
4.023662,1290722,226,29.761514135,10.752885992,1,2.9436869386,3
5.298761,906696,229,42.354548904,10.419057199,0,1.8980325721,5
6.268033,906795,229,31.249486693,11.385247385,1,3.1481737972,10
5.499461,906864,229,31.426247528,9.9042337231,1,3.4656583945,5
3.286848,910568,229,40.251729322,11.005225277,0,1.9393259422,9
3.519074,924102,229,35.555315983,10.896537704,0,2.1752440175,3
2.189877,924104,229,43.836712018,13.043405975,0,1.7690055661,9
2.950169,924151,229,38.194925505,12.92785556,0,2.1775363433,9
3.778501,924238,229,44.100411177,11.264831987,0,2.1925591996,3
5.688555,930299,229,34.050387313,9.5638449173,2,4.1218157319,6
4.606573,1240154,229,41.910201759,11.793711053,0,1.6580485278,8
3.713372,1240178,229,35.917913865,10.50479068,0,2.6552928241,5
2.004034,1240223,229,40.454954776,11.186232827,0,1.8548429292,2
5.717387,1290722,229,29.761514135,10.752885992,1,2.9436869386,2
4.648903,906696,230,42.354548904,10.419057199,0,1.8980325721,5
6.039827,906795,230,31.249486693,11.385247385,1,3.1481737972,5
5.894326,906864,230,31.426247528,9.9042337231,1,3.4656583945,5
5.273567,910568,230,40.251729322,11.005225277,0,1.9393259422,2
4.370471,924102,230,35.555315983,10.896537704,0,2.1752440175,8
4.62087,924104,230,43.836712018,13.043405975,0,1.7690055661,10
3.714103,924151,230,38.194925505,12.92785556,0,2.1775363433,10
5.385384,924238,230,44.100411177,11.264831987,0,2.1925591996,1
6.749724,930299,230,34.050387313,9.5638449173,2,4.1218157319,1
4.809634,1240154,230,41.910201759,11.793711053,0,1.6580485278,8
5.452526,1240178,230,35.917913865,10.50479068,0,2.6552928241,5
3.576204,1240223,230,40.454954776,11.186232827,0,1.8548429292,5
5.678453,1290722,230,29.761514135,10.752885992,1,2.9436869386,3
5.246863,924102,231,35.555315983,10.896537704,0,2.1752440175,8
5.442434,924238,231,44.100411177,11.264831987,0,2.1925591996,10
6.751138,930299,231,34.050387313,9.5638449173,2,4.1218157319,10
4.8098,1240154,231,41.910201759,11.793711053,0,1.6580485278,6
3.570529,1240178,231,35.917913865,10.50479068,0,2.6552928241,4
5.053145,1240223,231,40.454954776,11.186232827,0,1.8548429292,5
5.209091,1290722,231,29.761514135,10.752885992,1,2.9436869386,10
0.421111,906696,235,42.354548904,10.419057199,0,1.8980325721,10
3.409549,906795,235,31.249486693,11.385247385,1,3.1481737972,8
5.320441,906864,235,31.426247528,9.9042337231,1,3.4656583945,5
2.748009,910568,235,40.251729322,11.005225277,0,1.9393259422,8
1.296566,924102,235,35.555315983,10.896537704,0,2.1752440175,3
1.050468,924104,235,43.836712018,13.043405975,0,1.7690055661,6
-0.019542,924151,235,38.194925505,12.92785556,0,2.1775363433,1
-0.298987,924238,235,44.100411177,11.264831987,0,2.1925591996,5
5.986667,930299,235,34.050387313,9.5638449173,2,4.1218157319,3
0.542006,1240154,235,41.910201759,11.793711053,0,1.6580485278,4
1.043083,1240178,235,35.917913865,10.50479068,0,2.6552928241,5
0.214597,1240223,235,40.454954776,11.186232827,0,1.8548429292,9
0.538418,1290722,235,29.761514135,10.752885992,1,2.9436869386,7
2.086951,906696,249,42.354548904,10.419057199,0,1.8980325721,4
3.349832,906795,249,31.249486693,11.385247385,1,3.1481737972,5
4.620692,906864,249,31.426247528,9.9042337231,1,3.4656583945,3
2.377997,910568,249,40.251729322,11.005225277,0,1.9393259422,4
2.653906,924102,249,35.555315983,10.896537704,0,2.1752440175,6
1.827561,924104,249,43.836712018,13.043405975,0,1.7690055661,4
2.008039,924151,249,38.194925505,12.92785556,0,2.1775363433,4
2.80355,924238,249,44.100411177,11.264831987,0,2.1925591996,2
4.050662,930299,249,34.050387313,9.5638449173,2,4.1218157319,3
3.427368,1240154,249,41.910201759,11.793711053,0,1.6580485278,6
2.276826,1240178,249,35.917913865,10.50479068,0,2.6552928241,1
3.644436,1240223,249,40.454954776,11.186232827,0,1.8548429292,1
4.349437,1290722,249,29.761514135,10.752885992,1,2.9436869386,1
2.985727,906696,252,42.354548904,10.419057199,0,1.8980325721,2
1.479384,906795,252,31.249486693,11.385247385,1,3.1481737972,8
3.572151,906864,252,31.426247528,9.9042337231,1,3.4656583945,9
0.208697,910568,252,40.251729322,11.005225277,0,1.9393259422,6
-0.787541,924102,252,35.555315983,10.896537704,0,2.1752440175,5
-1.259078,924104,252,43.836712018,13.043405975,0,1.7690055661,4
1.720848,924151,252,38.194925505,12.92785556,0,2.1775363433,6
3.109326,924238,252,44.100411177,11.264831987,0,2.1925591996,10
0.825283,930299,252,34.050387313,9.5638449173,2,4.1218157319,6
-0.806022,1240154,252,41.910201759,11.793711053,0,1.6580485278,4
0.773898,1240178,252,35.917913865,10.50479068,0,2.6552928241,3
-0.050504,1240223,252,40.454954776,11.186232827,0,1.8548429292,1
1.556547,1290722,252,29.761514135,10.752885992,1,2.9436869386,2
4.308389,906696,253,42.354548904,10.419057199,0,1.8980325721,2
5.15496,906795,253,31.249486693,11.385247385,1,3.1481737972,9
4.840095,906864,253,31.426247528,9.9042337231,1,3.4656583945,10
4.628811,910568,253,40.251729322,11.005225277,0,1.9393259422,6
4.925698,924102,253,35.555315983,10.896537704,0,2.1752440175,6
3.780452,924104,253,43.836712018,13.043405975,0,1.7690055661,6
4.394359,924151,253,38.194925505,12.92785556,0,2.1775363433,2
4.760464,924238,253,44.100411177,11.264831987,0,2.1925591996,5
6.035608,930299,253,34.050387313,9.5638449173,2,4.1218157319,10
3.95606,1240154,253,41.910201759,11.793711053,0,1.6580485278,8
5.423186,1240178,253,35.917913865,10.50479068,0,2.6552928241,1
4.526148,1240223,253,40.454954776,11.186232827,0,1.8548429292,5
4.774964,1290722,253,29.761514135,10.752885992,1,2.9436869386,8
2.471424,906696,254,42.354548904,10.419057199,0,1.8980325721,1
3.027495,906795,254,31.249486693,11.385247385,1,3.1481737972,3
3.010275,906864,254,31.426247528,9.9042337231,1,3.4656583945,5
-0.067343,910568,254,40.251729322,11.005225277,0,1.9393259422,6
2.448587,924102,254,35.555315983,10.896537704,0,2.1752440175,9
2.232279,924104,254,43.836712018,13.043405975,0,1.7690055661,2
2.495421,924151,254,38.194925505,12.92785556,0,2.1775363433,8
2.470048,924238,254,44.100411177,11.264831987,0,2.1925591996,5
3.719743,930299,254,34.050387313,9.5638449173,2,4.1218157319,4
1.837813,1240154,254,41.910201759,11.793711053,0,1.6580485278,3
2.94947,1240178,254,35.917913865,10.50479068,0,2.6552928241,4
2.802803,1240223,254,40.454954776,11.186232827,0,1.8548429292,6
2.69753,1290722,254,29.761514135,10.752885992,1,2.9436869386,10
4.268145,906696,255,42.354548904,10.419057199,0,1.8980325721,7
5.368445,906795,255,31.249486693,11.385247385,1,3.1481737972,4
3.999148,906864,255,31.426247528,9.9042337231,1,3.4656583945,1
4.011624,910568,255,40.251729322,11.005225277,0,1.9393259422,9
4.950481,924102,255,35.555315983,10.896537704,0,2.1752440175,7
4.497229,924104,255,43.836712018,13.043405975,0,1.7690055661,8
3.888381,924151,255,38.194925505,12.92785556,0,2.1775363433,9
4.707438,924238,255,44.100411177,11.264831987,0,2.1925591996,4
5.941256,930299,255,34.050387313,9.5638449173,2,4.1218157319,1
3.735107,1240154,255,41.910201759,11.793711053,0,1.6580485278,9
5.421955,1240178,255,35.917913865,10.50479068,0,2.6552928241,6
5.102152,1240223,255,40.454954776,11.186232827,0,1.8548429292,3
4.774553,1290722,255,29.761514135,10.752885992,1,2.9436869386,2
1.598806,906696,256,42.354548904,10.419057199,0,1.8980325721,2
2.822438,906795,256,31.249486693,11.385247385,1,3.1481737972,1
5.096966,906864,256,31.426247528,9.9042337231,1,3.4656583945,4
1.384162,910568,256,40.251729322,11.005225277,0,1.9393259422,6
1.456019,924102,256,35.555315983,10.896537704,0,2.1752440175,6
0.137497,924104,256,43.836712018,13.043405975,0,1.7690055661,3
0.819649,924151,256,38.194925505,12.92785556,0,2.1775363433,10
0.794721,924238,256,44.100411177,11.264831987,0,2.1925591996,1
5.498324,930299,256,34.050387313,9.5638449173,2,4.1218157319,10
1.682633,1240154,256,41.910201759,11.793711053,0,1.6580485278,5
1.898048,1240178,256,35.917913865,10.50479068,0,2.6552928241,2
1.884944,1240223,256,40.454954776,11.186232827,0,1.8548429292,5
2.307698,1290722,256,29.761514135,10.752885992,1,2.9436869386,6
3.979113,906696,257,42.354548904,10.419057199,0,1.8980325721,2
4.63802,906795,257,31.249486693,11.385247385,1,3.1481737972,8
5.325844,906864,257,31.426247528,9.9042337231,1,3.4656583945,8
4.862287,910568,257,40.251729322,11.005225277,0,1.9393259422,4
3.460022,924102,257,35.555315983,10.896537704,0,2.1752440175,7
2.385505,924104,257,43.836712018,13.043405975,0,1.7690055661,1
3.490281,924151,257,38.194925505,12.92785556,0,2.1775363433,8
4.21743,924238,257,44.100411177,11.264831987,0,2.1925591996,4
4.867023,930299,257,34.050387313,9.5638449173,2,4.1218157319,7
4.033469,1240154,257,41.910201759,11.793711053,0,1.6580485278,10
2.636106,1240178,257,35.917913865,10.50479068,0,2.6552928241,8
5.150252,1240223,257,40.454954776,11.186232827,0,1.8548429292,3
5.048409,1290722,257,29.761514135,10.752885992,1,2.9436869386,1
1.843024,906696,260,42.354548904,10.419057199,0,1.8980325721,1
4.509726,906795,260,31.249486693,11.385247385,1,3.1481737972,7
4.431259,906864,260,31.426247528,9.9042337231,1,3.4656583945,5
1.739321,910568,260,40.251729322,11.005225277,0,1.9393259422,7
1.993634,924102,260,35.555315983,10.896537704,0,2.1752440175,5
1.402972,924104,260,43.836712018,13.043405975,0,1.7690055661,2
2.100295,924151,260,38.194925505,12.92785556,0,2.1775363433,10
2.238462,924238,260,44.100411177,11.264831987,0,2.1925591996,10
5.330373,930299,260,34.050387313,9.5638449173,2,4.1218157319,9
1.911829,1240154,260,41.910201759,11.793711053,0,1.6580485278,1
2.700054,1240178,260,35.917913865,10.50479068,0,2.6552928241,4
1.922413,1240223,260,40.454954776,11.186232827,0,1.8548429292,7
5.046405,1290722,260,29.761514135,10.752885992,1,2.9436869386,10
-0.405337,906696,262,42.354548904,10.419057199,0,1.8980325721,6
3.335765,906795,262,31.249486693,11.385247385,1,3.1481737972,10
4.057475,906864,262,31.426247528,9.9042337231,1,3.4656583945,6
4.126277,910568,262,40.251729322,11.005225277,0,1.9393259422,9
1.427593,924102,262,35.555315983,10.896537704,0,2.1752440175,7
1.398219,924104,262,43.836712018,13.043405975,0,1.7690055661,8
0.888794,924151,262,38.194925505,12.92785556,0,2.1775363433,10
3.940945,924238,262,44.100411177,11.264831987,0,2.1925591996,7
4.708895,930299,262,34.050387313,9.5638449173,2,4.1218157319,7
1.457359,1240154,262,41.910201759,11.793711053,0,1.6580485278,4
3.897489,1240178,262,35.917913865,10.50479068,0,2.6552928241,5
1.412794,1240223,262,40.454954776,11.186232827,0,1.8548429292,9
4.3,1290722,262,29.761514135,10.752885992,1,2.9436869386,3
4.433262,906696,263,42.354548904,10.419057199,0,1.8980325721,2
5.044747,906795,263,31.249486693,11.385247385,1,3.1481737972,9
5.864877,906864,263,31.426247528,9.9042337231,1,3.4656583945,4
5.208916,910568,263,40.251729322,11.005225277,0,1.9393259422,1
4.949535,924102,263,35.555315983,10.896537704,0,2.1752440175,6
4.315194,924104,263,43.836712018,13.043405975,0,1.7690055661,1
4.385423,924151,263,38.194925505,12.92785556,0,2.1775363433,10
4.077487,924238,263,44.100411177,11.264831987,0,2.1925591996,10
6.749311,930299,263,34.050387313,9.5638449173,2,4.1218157319,9
4.489699,1240154,263,41.910201759,11.793711053,0,1.6580485278,5
5.379313,1240178,263,35.917913865,10.50479068,0,2.6552928241,3
5.155108,1240223,263,40.454954776,11.186232827,0,1.8548429292,8
5.715038,1290722,263,29.761514135,10.752885992,1,2.9436869386,4
-0.961398,906696,273,42.354548904,10.419057199,0,1.8980325721,2
5.03315,906795,273,31.249486693,11.385247385,1,3.1481737972,7
1.032907,906864,273,31.426247528,9.9042337231,1,3.4656583945,7
-0.142825,910568,273,40.251729322,11.005225277,0,1.9393259422,9
-0.956398,924102,273,35.555315983,10.896537704,0,2.1752440175,10
-1.26875,924104,273,43.836712018,13.043405975,0,1.7690055661,3
0.141665,924151,273,38.194925505,12.92785556,0,2.1775363433,7
-0.417927,924238,273,44.100411177,11.264831987,0,2.1925591996,4
3.282482,930299,273,34.050387313,9.5638449173,2,4.1218157319,1
-0.648994,1240154,273,41.910201759,11.793711053,0,1.6580485278,3
-1.108829,1240178,273,35.917913865,10.50479068,0,2.6552928241,6
-0.920011,1240223,273,40.454954776,11.186232827,0,1.8548429292,8
2.23277,1290722,273,29.761514135,10.752885992,1,2.9436869386,7
3.274006,906696,275,42.354548904,10.419057199,0,1.8980325721,7
6.395728,906795,275,31.249486693,11.385247385,1,3.1481737972,10
5.993601,906864,275,31.426247528,9.9042337231,1,3.4656583945,7
4.179972,910568,275,40.251729322,11.005225277,0,1.9393259422,7
3.011436,924102,275,35.555315983,10.896537704,0,2.1752440175,2
3.443759,924104,275,43.836712018,13.043405975,0,1.7690055661,8
2.060701,924151,275,38.194925505,12.92785556,0,2.1775363433,4
4.228836,924238,275,44.100411177,11.264831987,0,2.1925591996,3
6.53058,930299,275,34.050387313,9.5638449173,2,4.1218157319,7
4.256932,1240154,275,41.910201759,11.793711053,0,1.6580485278,10
4.288847,1240178,275,35.917913865,10.50479068,0,2.6552928241,8
3.188428,1240223,275,40.454954776,11.186232827,0,1.8548429292,2
5.717819,1290722,275,29.761514135,10.752885992,1,2.9436869386,10
2.090816,906696,277,42.354548904,10.419057199,0,1.8980325721,2
2.930866,906795,277,31.249486693,11.385247385,1,3.1481737972,2
3.003017,906864,277,31.426247528,9.9042337231,1,3.4656583945,10
-0.299484,910568,277,40.251729322,11.005225277,0,1.9393259422,7
2.726226,924102,277,35.555315983,10.896537704,0,2.1752440175,6
1.972157,924104,277,43.836712018,13.043405975,0,1.7690055661,6
2.338181,924151,277,38.194925505,12.92785556,0,2.1775363433,4
2.367857,924238,277,44.100411177,11.264831987,0,2.1925591996,6
3.672363,930299,277,34.050387313,9.5638449173,2,4.1218157319,3
1.837159,1240154,277,41.910201759,11.793711053,0,1.6580485278,8
3.043724,1240178,277,35.917913865,10.50479068,0,2.6552928241,10
2.355219,1240223,277,40.454954776,11.186232827,0,1.8548429292,1
2.337182,1290722,277,29.761514135,10.752885992,1,2.9436869386,6
5.052561,906696,279,42.354548904,10.419057199,0,1.8980325721,3
4.620051,906795,279,31.249486693,11.385247385,1,3.1481737972,7
5.995274,906864,279,31.426247528,9.9042337231,1,3.4656583945,8
3.247729,910568,279,40.251729322,11.005225277,0,1.9393259422,4
4.066848,924102,279,35.555315983,10.896537704,0,2.1752440175,7
3.697809,924104,279,43.836712018,13.043405975,0,1.7690055661,5
2.943606,924151,279,38.194925505,12.92785556,0,2.1775363433,2
4.049155,924238,279,44.100411177,11.264831987,0,2.1925591996,9
6.403445,930299,279,34.050387313,9.5638449173,2,4.1218157319,6
3.761366,1240154,279,41.910201759,11.793711053,0,1.6580485278,10
4.368888,1240178,279,35.917913865,10.50479068,0,2.6552928241,6
4.461489,1240223,279,40.454954776,11.186232827,0,1.8548429292,9
5.71784,1290722,279,29.761514135,10.752885992,1,2.9436869386,5
3.49415,906696,281,42.354548904,10.419057199,0,1.8980325721,7
4.240696,906795,281,31.249486693,11.385247385,1,3.1481737972,8
4.542799,906864,281,31.426247528,9.9042337231,1,3.4656583945,1
4.130588,910568,281,40.251729322,11.005225277,0,1.9393259422,5
3.690588,924102,281,35.555315983,10.896537704,0,2.1752440175,7
3.63439,924104,281,43.836712018,13.043405975,0,1.7690055661,6
3.310997,924151,281,38.194925505,12.92785556,0,2.1775363433,2
3.591066,924238,281,44.100411177,11.264831987,0,2.1925591996,6
5.146345,930299,281,34.050387313,9.5638449173,2,4.1218157319,4
3.446761,1240154,281,41.910201759,11.793711053,0,1.6580485278,2
4.389604,1240178,281,35.917913865,10.50479068,0,2.6552928241,5
3.809242,1240223,281,40.454954776,11.186232827,0,1.8548429292,8
4.161944,1290722,281,29.761514135,10.752885992,1,2.9436869386,4
3.66713,906696,282,42.354548904,10.419057199,0,1.8980325721,8
3.77963,906795,282,31.249486693,11.385247385,1,3.1481737972,5
4.591202,906864,282,31.426247528,9.9042337231,1,3.4656583945,2
2.139675,910568,282,40.251729322,11.005225277,0,1.9393259422,8
1.868265,924102,282,35.555315983,10.896537704,0,2.1752440175,10
1.355772,924104,282,43.836712018,13.043405975,0,1.7690055661,3
-0.151851,924151,282,38.194925505,12.92785556,0,2.1775363433,4
3.772511,924238,282,44.100411177,11.264831987,0,2.1925591996,3
5.399812,930299,282,34.050387313,9.5638449173,2,4.1218157319,10
1.783498,1240154,282,41.910201759,11.793711053,0,1.6580485278,10
0.842678,1240178,282,35.917913865,10.50479068,0,2.6552928241,7
1.015656,1240223,282,40.454954776,11.186232827,0,1.8548429292,4
3.775926,1290722,282,29.761514135,10.752885992,1,2.9436869386,7
-2.360989,906696,283,42.354548904,10.419057199,0,1.8980325721,3
-0.389502,906795,283,31.249486693,11.385247385,1,3.1481737972,10
-0.90698,906864,283,31.426247528,9.9042337231,1,3.4656583945,6
-4.483207,910568,283,40.251729322,11.005225277,0,1.9393259422,7
-2.63767,924102,283,35.555315983,10.896537704,0,2.1752440175,2
-3.169948,924104,283,43.836712018,13.043405975,0,1.7690055661,10
-2.682233,924151,283,38.194925505,12.92785556,0,2.1775363433,7
-3.809692,924238,283,44.100411177,11.264831987,0,2.1925591996,1
1.491042,930299,283,34.050387313,9.5638449173,2,4.1218157319,6
-2.261424,1240154,283,41.910201759,11.793711053,0,1.6580485278,8
-2.066305,1240178,283,35.917913865,10.50479068,0,2.6552928241,1
-2.227623,1240223,283,40.454954776,11.186232827,0,1.8548429292,9
-1.921601,1290722,283,29.761514135,10.752885992,1,2.9436869386,3
2.362469,906696,287,42.354548904,10.419057199,0,1.8980325721,3
4.544576,906795,287,31.249486693,11.385247385,1,3.1481737972,1
4.871564,906864,287,31.426247528,9.9042337231,1,3.4656583945,2
3.60199,910568,287,40.251729322,11.005225277,0,1.9393259422,3
2.530852,924102,287,35.555315983,10.896537704,0,2.1752440175,9
2.032425,924104,287,43.836712018,13.043405975,0,1.7690055661,6
2.245673,924151,287,38.194925505,12.92785556,0,2.1775363433,1
2.351572,924238,287,44.100411177,11.264831987,0,2.1925591996,10
5.670628,930299,287,34.050387313,9.5638449173,2,4.1218157319,7
2.582055,1240154,287,41.910201759,11.793711053,0,1.6580485278,2
3.810222,1240178,287,35.917913865,10.50479068,0,2.6552928241,3
4.79054,1240223,287,40.454954776,11.186232827,0,1.8548429292,3
4.70151,1290722,287,29.761514135,10.752885992,1,2.9436869386,10
4.743061,906696,288,42.354548904,10.419057199,0,1.8980325721,9
5.021123,906795,288,31.249486693,11.385247385,1,3.1481737972,3
5.14345,906864,288,31.426247528,9.9042337231,1,3.4656583945,10
4.306234,910568,288,40.251729322,11.005225277,0,1.9393259422,9
4.012782,924102,288,35.555315983,10.896537704,0,2.1752440175,6
4.53073,924104,288,43.836712018,13.043405975,0,1.7690055661,9
3.352208,924151,288,38.194925505,12.92785556,0,2.1775363433,2
4.213619,924238,288,44.100411177,11.264831987,0,2.1925591996,1
5.300678,930299,288,34.050387313,9.5638449173,2,4.1218157319,4
3.624599,1240154,288,41.910201759,11.793711053,0,1.6580485278,5
4.413937,1240178,288,35.917913865,10.50479068,0,2.6552928241,9
4.802153,1240223,288,40.454954776,11.186232827,0,1.8548429292,1
5.047035,1290722,288,29.761514135,10.752885992,1,2.9436869386,8
5.074788,906696,290,42.354548904,10.419057199,0,1.8980325721,10
5.754882,906795,290,31.249486693,11.385247385,1,3.1481737972,10
5.707669,906864,290,31.426247528,9.9042337231,1,3.4656583945,6
5.233222,910568,290,40.251729322,11.005225277,0,1.9393259422,9
4.30212,924102,290,35.555315983,10.896537704,0,2.1752440175,5
4.039332,924104,290,43.836712018,13.043405975,0,1.7690055661,8
5.227732,924151,290,38.194925505,12.92785556,0,2.1775363433,8
5.186985,924238,290,44.100411177,11.264831987,0,2.1925591996,2
6.578187,930299,290,34.050387313,9.5638449173,2,4.1218157319,8
4.801244,1240154,290,41.910201759,11.793711053,0,1.6580485278,7
5.592517,1240178,290,35.917913865,10.50479068,0,2.6552928241,9
5.772053,1240223,290,40.454954776,11.186232827,0,1.8548429292,4
5.717676,1290722,290,29.761514135,10.752885992,1,2.9436869386,8
2.803189,906696,291,42.354548904,10.419057199,0,1.8980325721,4
4.657289,906795,291,31.249486693,11.385247385,1,3.1481737972,2
5.363211,906864,291,31.426247528,9.9042337231,1,3.4656583945,9
2.934736,910568,291,40.251729322,11.005225277,0,1.9393259422,9
2.566025,924102,291,35.555315983,10.896537704,0,2.1752440175,8
2.021309,924104,291,43.836712018,13.043405975,0,1.7690055661,8
3.553304,924151,291,38.194925505,12.92785556,0,2.1775363433,8
2.694048,924238,291,44.100411177,11.264831987,0,2.1925591996,9
5.700158,930299,291,34.050387313,9.5638449173,2,4.1218157319,5
2.708412,1240154,291,41.910201759,11.793711053,0,1.6580485278,3
4.044821,1240178,291,35.917913865,10.50479068,0,2.6552928241,8
3.308127,1240223,291,40.454954776,11.186232827,0,1.8548429292,8
5.194983,1290722,291,29.761514135,10.752885992,1,2.9436869386,7
3.877034,906696,292,42.354548904,10.419057199,0,1.8980325721,1
5.836597,906795,292,31.249486693,11.385247385,1,3.1481737972,3
4.213576,906864,292,31.426247528,9.9042337231,1,3.4656583945,5
2.242158,910568,292,40.251729322,11.005225277,0,1.9393259422,9
3.552934,924102,292,35.555315983,10.896537704,0,2.1752440175,1
2.781747,924104,292,43.836712018,13.043405975,0,1.7690055661,8
3.566141,924151,292,38.194925505,12.92785556,0,2.1775363433,2
2.908935,924238,292,44.100411177,11.264831987,0,2.1925591996,10
6.242121,930299,292,34.050387313,9.5638449173,2,4.1218157319,1
2.905841,1240154,292,41.910201759,11.793711053,0,1.6580485278,5
3.913019,1240178,292,35.917913865,10.50479068,0,2.6552928241,6
3.780662,1240223,292,40.454954776,11.186232827,0,1.8548429292,8
5.344704,1290722,292,29.761514135,10.752885992,1,2.9436869386,7
3.821318,906696,293,42.354548904,10.419057199,0,1.8980325721,6
6.20188,906795,293,31.249486693,11.385247385,1,3.1481737972,7
-1.622303,906864,293,31.426247528,9.9042337231,1,3.4656583945,9
2.720386,910568,293,40.251729322,11.005225277,0,1.9393259422,7
4.53243,924102,293,35.555315983,10.896537704,0,2.1752440175,7
4.299825,924104,293,43.836712018,13.043405975,0,1.7690055661,1
3.675198,924151,293,38.194925505,12.92785556,0,2.1775363433,9
5.249568,924238,293,44.100411177,11.264831987,0,2.1925591996,3
3.933946,930299,293,34.050387313,9.5638449173,2,4.1218157319,5
3.570699,1240154,293,41.910201759,11.793711053,0,1.6580485278,7
4.69535,1240178,293,35.917913865,10.50479068,0,2.6552928241,6
4.552525,1240223,293,40.454954776,11.186232827,0,1.8548429292,6
5.234531,1290722,293,29.761514135,10.752885992,1,2.9436869386,6
2.920578,906696,294,42.354548904,10.419057199,0,1.8980325721,4
4.531407,906795,294,31.249486693,11.385247385,1,3.1481737972,3
5.748783,906864,294,31.426247528,9.9042337231,1,3.4656583945,9
5.053446,910568,294,40.251729322,11.005225277,0,1.9393259422,4
3.824254,924102,294,35.555315983,10.896537704,0,2.1752440175,10
1.998072,924104,294,43.836712018,13.043405975,0,1.7690055661,9
2.814739,924151,294,38.194925505,12.92785556,0,2.1775363433,8
4.415751,924238,294,44.100411177,11.264831987,0,2.1925591996,4
4.547681,930299,294,34.050387313,9.5638449173,2,4.1218157319,9
4.805385,1240154,294,41.910201759,11.793711053,0,1.6580485278,10
4.999833,1240178,294,35.917913865,10.50479068,0,2.6552928241,2
4.583405,1240223,294,40.454954776,11.186232827,0,1.8548429292,1
5.696793,1290722,294,29.761514135,10.752885992,1,2.9436869386,10
1.034565,906696,295,42.354548904,10.419057199,0,1.8980325721,2
4.480942,906795,295,31.249486693,11.385247385,1,3.1481737972,3
5.319972,906864,295,31.426247528,9.9042337231,1,3.4656583945,4
2.795239,910568,295,40.251729322,11.005225277,0,1.9393259422,1
1.905531,924102,295,35.555315983,10.896537704,0,2.1752440175,9
1.792151,924104,295,43.836712018,13.043405975,0,1.7690055661,9
2.029301,924151,295,38.194925505,12.92785556,0,2.1775363433,7
3.096992,924238,295,44.100411177,11.264831987,0,2.1925591996,5
5.470741,930299,295,34.050387313,9.5638449173,2,4.1218157319,2
2.533113,1240154,295,41.910201759,11.793711053,0,1.6580485278,7
4.851392,1240178,295,35.917913865,10.50479068,0,2.6552928241,3
2.556464,1240223,295,40.454954776,11.186232827,0,1.8548429292,1
5.015989,1290722,295,29.761514135,10.752885992,1,2.9436869386,5
4.532657,906696,298,42.354548904,10.419057199,0,1.8980325721,2
5.364014,906795,298,31.249486693,11.385247385,1,3.1481737972,10
4.718468,906864,298,31.426247528,9.9042337231,1,3.4656583945,5
3.221881,910568,298,40.251729322,11.005225277,0,1.9393259422,9
5.01574,924102,298,35.555315983,10.896537704,0,2.1752440175,2
3.268087,924104,298,43.836712018,13.043405975,0,1.7690055661,10
3.85873,924151,298,38.194925505,12.92785556,0,2.1775363433,4
4.482037,924238,298,44.100411177,11.264831987,0,2.1925591996,4
5.717573,930299,298,34.050387313,9.5638449173,2,4.1218157319,5
3.092347,1240154,298,41.910201759,11.793711053,0,1.6580485278,4
5.419373,1240178,298,35.917913865,10.50479068,0,2.6552928241,5
4.02526,1240223,298,40.454954776,11.186232827,0,1.8548429292,4
4.570449,1290722,298,29.761514135,10.752885992,1,2.9436869386,4
1.313599,906696,299,42.354548904,10.419057199,0,1.8980325721,7
3.297944,906795,299,31.249486693,11.385247385,1,3.1481737972,7
5.472485,906864,299,31.426247528,9.9042337231,1,3.4656583945,8
2.220139,910568,299,40.251729322,11.005225277,0,1.9393259422,6
0.536202,924102,299,35.555315983,10.896537704,0,2.1752440175,8
-1.414794,924104,299,43.836712018,13.043405975,0,1.7690055661,3
-2.346443,924151,299,38.194925505,12.92785556,0,2.1775363433,4
5.370415,930299,299,34.050387313,9.5638449173,2,4.1218157319,6
-0.371559,1240154,299,41.910201759,11.793711053,0,1.6580485278,10
2.143015,1240178,299,35.917913865,10.50479068,0,2.6552928241,4
1.273647,1240223,299,40.454954776,11.186232827,0,1.8548429292,6
3.051516,1290722,299,29.761514135,10.752885992,1,2.9436869386,1
4.950794,906696,301,42.354548904,10.419057199,0,1.8980325721,1
5.501623,906795,301,31.249486693,11.385247385,1,3.1481737972,7
5.160008,906864,301,31.426247528,9.9042337231,1,3.4656583945,7
2.31364,910568,301,40.251729322,11.005225277,0,1.9393259422,2
1.868578,924102,301,35.555315983,10.896537704,0,2.1752440175,1
1.597268,924104,301,43.836712018,13.043405975,0,1.7690055661,7
4.818993,924151,301,38.194925505,12.92785556,0,2.1775363433,2
4.556269,924238,301,44.100411177,11.264831987,0,2.1925591996,7
4.380809,930299,301,34.050387313,9.5638449173,2,4.1218157319,3
-0.676948,1240154,301,41.910201759,11.793711053,0,1.6580485278,9
5.416624,1240178,301,35.917913865,10.50479068,0,2.6552928241,7
2.139128,1240223,301,40.454954776,11.186232827,0,1.8548429292,1
4.947912,1290722,301,29.761514135,10.752885992,1,2.9436869386,10
2.333517,906696,302,42.354548904,10.419057199,0,1.8980325721,2
2.30526,906795,302,31.249486693,11.385247385,1,3.1481737972,8
1.890871,906864,302,31.426247528,9.9042337231,1,3.4656583945,7
-0.676705,910568,302,40.251729322,11.005225277,0,1.9393259422,1
0.093329,924102,302,35.555315983,10.896537704,0,2.1752440175,4
1.00931,924104,302,43.836712018,13.043405975,0,1.7690055661,9
-0.757251,924151,302,38.194925505,12.92785556,0,2.1775363433,10
3.787564,930299,302,34.050387313,9.5638449173,2,4.1218157319,4
-0.020316,1240154,302,41.910201759,11.793711053,0,1.6580485278,10
1.445054,1240178,302,35.917913865,10.50479068,0,2.6552928241,10
0.304907,1240223,302,40.454954776,11.186232827,0,1.8548429292,4
2.158136,1290722,302,29.761514135,10.752885992,1,2.9436869386,6
5.548444,906696,304,42.354548904,10.419057199,0,1.8980325721,4
6.395728,906795,304,31.249486693,11.385247385,1,3.1481737972,3
4.057001,906864,304,31.426247528,9.9042337231,1,3.4656583945,7
5.370687,910568,304,40.251729322,11.005225277,0,1.9393259422,2
3.37584,924102,304,35.555315983,10.896537704,0,2.1752440175,9
4.680536,924104,304,43.836712018,13.043405975,0,1.7690055661,7
2.566977,924151,304,38.194925505,12.92785556,0,2.1775363433,10
4.874923,924238,304,44.100411177,11.264831987,0,2.1925591996,9
6.251376,930299,304,34.050387313,9.5638449173,2,4.1218157319,3
3.747401,1240154,304,41.910201759,11.793711053,0,1.6580485278,2
5.843801,1240178,304,35.917913865,10.50479068,0,2.6552928241,6
5.170806,1240223,304,40.454954776,11.186232827,0,1.8548429292,3
5.714761,1290722,304,29.761514135,10.752885992,1,2.9436869386,3
2.25509,906696,305,42.354548904,10.419057199,0,1.8980325721,8
4.32041,906795,305,31.249486693,11.385247385,1,3.1481737972,7
5.935032,906864,305,31.426247528,9.9042337231,1,3.4656583945,2
3.128006,910568,305,40.251729322,11.005225277,0,1.9393259422,3
3.114003,924102,305,35.555315983,10.896537704,0,2.1752440175,1
2.16279,924104,305,43.836712018,13.043405975,0,1.7690055661,7
0.364898,924151,305,38.194925505,12.92785556,0,2.1775363433,2
3.74968,924238,305,44.100411177,11.264831987,0,2.1925591996,6
5.479117,930299,305,34.050387313,9.5638449173,2,4.1218157319,6
3.459741,1240154,305,41.910201759,11.793711053,0,1.6580485278,6
2.605063,1240178,305,35.917913865,10.50479068,0,2.6552928241,8
3.103919,1240223,305,40.454954776,11.186232827,0,1.8548429292,10
5.385112,1290722,305,29.761514135,10.752885992,1,2.9436869386,8
2.392539,906696,306,42.354548904,10.419057199,0,1.8980325721,2
2.298413,906795,306,31.249486693,11.385247385,1,3.1481737972,3
2.761462,906864,306,31.426247528,9.9042337231,1,3.4656583945,9
0.761463,910568,306,40.251729322,11.005225277,0,1.9393259422,7
1.856934,924102,306,35.555315983,10.896537704,0,2.1752440175,5
1.501116,924104,306,43.836712018,13.043405975,0,1.7690055661,2
1.637506,924151,306,38.194925505,12.92785556,0,2.1775363433,4
2.762693,924238,306,44.100411177,11.264831987,0,2.1925591996,7
2.703831,930299,306,34.050387313,9.5638449173,2,4.1218157319,3
2.701205,1240154,306,41.910201759,11.793711053,0,1.6580485278,7
1.727039,1240178,306,35.917913865,10.50479068,0,2.6552928241,4
1.741481,1240223,306,40.454954776,11.186232827,0,1.8548429292,4
4.504777,1290722,306,29.761514135,10.752885992,1,2.9436869386,10
-0.598536,906696,308,42.354548904,10.419057199,0,1.8980325721,5
2.161302,906795,308,31.249486693,11.385247385,1,3.1481737972,5
4.183295,906864,308,31.426247528,9.9042337231,1,3.4656583945,3
-0.771855,910568,308,40.251729322,11.005225277,0,1.9393259422,3
-0.012955,924102,308,35.555315983,10.896537704,0,2.1752440175,8
-0.996455,924104,308,43.836712018,13.043405975,0,1.7690055661,8
0.930933,924151,308,38.194925505,12.92785556,0,2.1775363433,2
0.092913,924238,308,44.100411177,11.264831987,0,2.1925591996,10
1.137359,930299,308,34.050387313,9.5638449173,2,4.1218157319,5
0.00222,1240154,308,41.910201759,11.793711053,0,1.6580485278,2
0.600139,1240178,308,35.917913865,10.50479068,0,2.6552928241,2
4.072623,1290722,308,29.761514135,10.752885992,1,2.9436869386,1
4.551586,906696,309,42.354548904,10.419057199,0,1.8980325721,10
6.363726,906795,309,31.249486693,11.385247385,1,3.1481737972,2
5.264369,906864,309,31.426247528,9.9042337231,1,3.4656583945,9
5.157557,910568,309,40.251729322,11.005225277,0,1.9393259422,5
4.776911,924102,309,35.555315983,10.896537704,0,2.1752440175,4
3.335449,924104,309,43.836712018,13.043405975,0,1.7690055661,4
3.840309,924151,309,38.194925505,12.92785556,0,2.1775363433,4
4.154733,924238,309,44.100411177,11.264831987,0,2.1925591996,2
6.722361,930299,309,34.050387313,9.5638449173,2,4.1218157319,4
4.77802,1240154,309,41.910201759,11.793711053,0,1.6580485278,6
5.870999,1240178,309,35.917913865,10.50479068,0,2.6552928241,8
4.973518,1240223,309,40.454954776,11.186232827,0,1.8548429292,5
5.717791,1290722,309,29.761514135,10.752885992,1,2.9436869386,9
0.562094,906696,312,42.354548904,10.419057199,0,1.8980325721,3
1.043486,906795,312,31.249486693,11.385247385,1,3.1481737972,3
0.71259,906864,312,31.426247528,9.9042337231,1,3.4656583945,10
-1.761982,910568,312,40.251729322,11.005225277,0,1.9393259422,10
0.318787,924102,312,35.555315983,10.896537704,0,2.1752440175,7
0.017537,924104,312,43.836712018,13.043405975,0,1.7690055661,6
0.79425,924151,312,38.194925505,12.92785556,0,2.1775363433,4
0.366868,924238,312,44.100411177,11.264831987,0,2.1925591996,3
1.660297,930299,312,34.050387313,9.5638449173,2,4.1218157319,7
-0.442548,1240154,312,41.910201759,11.793711053,0,1.6580485278,3
0.900845,1240178,312,35.917913865,10.50479068,0,2.6552928241,9
0.63347,1240223,312,40.454954776,11.186232827,0,1.8548429292,8
-0.032856,1290722,312,29.761514135,10.752885992,1,2.9436869386,2
4.826436,906696,326,42.354548904,10.419057199,0,1.8980325721,4
5.726297,906795,326,31.249486693,11.385247385,1,3.1481737972,2
5.066814,906864,326,31.426247528,9.9042337231,1,3.4656583945,6
4.545693,910568,326,40.251729322,11.005225277,0,1.9393259422,5
3.940555,924102,326,35.555315983,10.896537704,0,2.1752440175,2
4.418268,924104,326,43.836712018,13.043405975,0,1.7690055661,7
4.887273,924151,326,38.194925505,12.92785556,0,2.1775363433,1
3.788862,924238,326,44.100411177,11.264831987,0,2.1925591996,9
6.077609,930299,326,34.050387313,9.5638449173,2,4.1218157319,2
3.92883,1240154,326,41.910201759,11.793711053,0,1.6580485278,10
5.417636,1240178,326,35.917913865,10.50479068,0,2.6552928241,3
4.87717,1240223,326,40.454954776,11.186232827,0,1.8548429292,3
4.590894,1290722,326,29.761514135,10.752885992,1,2.9436869386,5
4.014914,906696,329,42.354548904,10.419057199,0,1.8980325721,2
5.704734,906795,329,31.249486693,11.385247385,1,3.1481737972,7
5.016701,906864,329,31.426247528,9.9042337231,1,3.4656583945,7
2.569607,910568,329,40.251729322,11.005225277,0,1.9393259422,7
3.848781,924102,329,35.555315983,10.896537704,0,2.1752440175,8
3.555264,924104,329,43.836712018,13.043405975,0,1.7690055661,5
2.942977,924151,329,38.194925505,12.92785556,0,2.1775363433,7
4.613055,924238,329,44.100411177,11.264831987,0,2.1925591996,9
6.077262,930299,329,34.050387313,9.5638449173,2,4.1218157319,4
2.703191,1240154,329,41.910201759,11.793711053,0,1.6580485278,1
4.242811,1240178,329,35.917913865,10.50479068,0,2.6552928241,9
3.870745,1240223,329,40.454954776,11.186232827,0,1.8548429292,7
5.038267,1290722,329,29.761514135,10.752885992,1,2.9436869386,2
4.012707,906696,330,42.354548904,10.419057199,0,1.8980325721,7
5.060468,906795,330,31.249486693,11.385247385,1,3.1481737972,1
5.101672,906864,330,31.426247528,9.9042337231,1,3.4656583945,2
3.314453,910568,330,40.251729322,11.005225277,0,1.9393259422,6
3.01839,924102,330,35.555315983,10.896537704,0,2.1752440175,6
2.088945,924104,330,43.836712018,13.043405975,0,1.7690055661,5
3.91515,924151,330,38.194925505,12.92785556,0,2.1775363433,6
3.621642,924238,330,44.100411177,11.264831987,0,2.1925591996,9
6.063001,930299,330,34.050387313,9.5638449173,2,4.1218157319,9
2.812471,1240154,330,41.910201759,11.793711053,0,1.6580485278,3
3.834758,1240178,330,35.917913865,10.50479068,0,2.6552928241,1
4.699613,1240223,330,40.454954776,11.186232827,0,1.8548429292,2
4.992059,1290722,330,29.761514135,10.752885992,1,2.9436869386,3
2.806676,906696,331,42.354548904,10.419057199,0,1.8980325721,7
2.9358,906795,331,31.249486693,11.385247385,1,3.1481737972,1
5.325844,906864,331,31.426247528,9.9042337231,1,3.4656583945,2
2.428418,910568,331,40.251729322,11.005225277,0,1.9393259422,10
0.649792,924102,331,35.555315983,10.896537704,0,2.1752440175,6
0.039704,924104,331,43.836712018,13.043405975,0,1.7690055661,7
1.135697,924151,331,38.194925505,12.92785556,0,2.1775363433,3
1.623477,924238,331,44.100411177,11.264831987,0,2.1925591996,8
5.449509,930299,331,34.050387313,9.5638449173,2,4.1218157319,7
0.298458,1240154,331,41.910201759,11.793711053,0,1.6580485278,5
1.845226,1240178,331,35.917913865,10.50479068,0,2.6552928241,2
1.362312,1240223,331,40.454954776,11.186232827,0,1.8548429292,1
2.154509,1290722,331,29.761514135,10.752885992,1,2.9436869386,2
4.382658,906696,345,42.354548904,10.419057199,0,1.8980325721,6
6.295678,906795,345,31.249486693,11.385247385,1,3.1481737972,8
4.37835,906864,345,31.426247528,9.9042337231,1,3.4656583945,10
5.021034,910568,345,40.251729322,11.005225277,0,1.9393259422,6
4.25131,924102,345,35.555315983,10.896537704,0,2.1752440175,7
4.255579,924104,345,43.836712018,13.043405975,0,1.7690055661,6
5.799221,924151,345,38.194925505,12.92785556,0,2.1775363433,7
3.357513,924238,345,44.100411177,11.264831987,0,2.1925591996,1
6.71528,930299,345,34.050387313,9.5638449173,2,4.1218157319,5
3.599306,1240154,345,41.910201759,11.793711053,0,1.6580485278,10
6.090956,1240178,345,35.917913865,10.50479068,0,2.6552928241,4
5.277142,1240223,345,40.454954776,11.186232827,0,1.8548429292,7
5.700301,1290722,345,29.761514135,10.752885992,1,2.9436869386,4
1.36604,906696,1010,42.354548904,10.419057199,0,1.8980325721,9
2.212503,906795,1010,31.249486693,11.385247385,1,3.1481737972,6
1.156417,906864,1010,31.426247528,9.9042337231,1,3.4656583945,6
1.843594,910568,1010,40.251729322,11.005225277,0,1.9393259422,4
1.53162,924102,1010,35.555315983,10.896537704,0,2.1752440175,9
0.51508,924238,1010,44.100411177,11.264831987,0,2.1925591996,9
1.195581,930299,1010,34.050387313,9.5638449173,2,4.1218157319,8
1.120973,1240154,1010,41.910201759,11.793711053,0,1.6580485278,8
1.812217,1240223,1010,40.454954776,11.186232827,0,1.8548429292,3
2.023974,1290722,1010,29.761514135,10.752885992,1,2.9436869386,1
-0.629561,906696,1013,42.354548904,10.419057199,0,1.8980325721,5
4.0761,906795,1013,31.249486693,11.385247385,1,3.1481737972,9
3.67983,906864,1013,31.426247528,9.9042337231,1,3.4656583945,2
-1.380047,910568,1013,40.251729322,11.005225277,0,1.9393259422,5
1.655274,924102,1013,35.555315983,10.896537704,0,2.1752440175,10
2.993938,924238,1013,44.100411177,11.264831987,0,2.1925591996,8
3.541151,930299,1013,34.050387313,9.5638449173,2,4.1218157319,2
1.948468,1240154,1013,41.910201759,11.793711053,0,1.6580485278,4
2.697552,1240223,1013,40.454954776,11.186232827,0,1.8548429292,2
1.980936,1290722,1013,29.761514135,10.752885992,1,2.9436869386,1
-1.144054,906696,1015,42.354548904,10.419057199,0,1.8980325721,7
1.285893,906795,1015,31.249486693,11.385247385,1,3.1481737972,8
2.144572,906864,1015,31.426247528,9.9042337231,1,3.4656583945,7
2.062683,910568,1015,40.251729322,11.005225277,0,1.9393259422,9
0.810769,924102,1015,35.555315983,10.896537704,0,2.1752440175,4
-0.926105,924238,1015,44.100411177,11.264831987,0,2.1925591996,3
3.434773,930299,1015,34.050387313,9.5638449173,2,4.1218157319,4
0.252694,1240154,1015,41.910201759,11.793711053,0,1.6580485278,8
-0.614773,1240223,1015,40.454954776,11.186232827,0,1.8548429292,7
0.769007,1290722,1015,29.761514135,10.752885992,1,2.9436869386,2
-0.799773,906696,1019,42.354548904,10.419057199,0,1.8980325721,8
2.073547,906795,1019,31.249486693,11.385247385,1,3.1481737972,1
2.277749,906864,1019,31.426247528,9.9042337231,1,3.4656583945,5
0.79858,910568,1019,40.251729322,11.005225277,0,1.9393259422,8
1.164169,924102,1019,35.555315983,10.896537704,0,2.1752440175,9
0.882976,924238,1019,44.100411177,11.264831987,0,2.1925591996,2
2.480876,930299,1019,34.050387313,9.5638449173,2,4.1218157319,8
-0.068587,1240154,1019,41.910201759,11.793711053,0,1.6580485278,3
-0.35068,1240223,1019,40.454954776,11.186232827,0,1.8548429292,3
1.743345,1290722,1019,29.761514135,10.752885992,1,2.9436869386,8
2.068993,906696,1021,42.354548904,10.419057199,0,1.8980325721,5
2.969069,906795,1021,31.249486693,11.385247385,1,3.1481737972,3
3.21107,906864,1021,31.426247528,9.9042337231,1,3.4656583945,1
-4.665243,910568,1021,40.251729322,11.005225277,0,1.9393259422,6
1.386538,924102,1021,35.555315983,10.896537704,0,2.1752440175,8
2.534105,924238,1021,44.100411177,11.264831987,0,2.1925591996,1
1.836438,930299,1021,34.050387313,9.5638449173,2,4.1218157319,10
0.708733,1240154,1021,41.910201759,11.793711053,0,1.6580485278,9
0.614715,1240223,1021,40.454954776,11.186232827,0,1.8548429292,10
1.201493,1290722,1021,29.761514135,10.752885992,1,2.9436869386,7
0.213229,906696,1022,42.354548904,10.419057199,0,1.8980325721,10
-0.346058,906795,1022,31.249486693,11.385247385,1,3.1481737972,2
-1.229426,906864,1022,31.426247528,9.9042337231,1,3.4656583945,6
-4.901956,910568,1022,40.251729322,11.005225277,0,1.9393259422,4
-1.119828,924102,1022,35.555315983,10.896537704,0,2.1752440175,5
-0.404282,924238,1022,44.100411177,11.264831987,0,2.1925591996,8
-0.936392,930299,1022,34.050387313,9.5638449173,2,4.1218157319,7
-1.483922,1240154,1022,41.910201759,11.793711053,0,1.6580485278,5
-0.52545,1240223,1022,40.454954776,11.186232827,0,1.8548429292,1
-0.594984,1290722,1022,29.761514135,10.752885992,1,2.9436869386,3
-0.08875,906696,1023,42.354548904,10.419057199,0,1.8980325721,3
3.972754,906795,1023,31.249486693,11.385247385,1,3.1481737972,5
3.658781,906864,1023,31.426247528,9.9042337231,1,3.4656583945,6
0.223462,910568,1023,40.251729322,11.005225277,0,1.9393259422,3
2.467748,924102,1023,35.555315983,10.896537704,0,2.1752440175,9
2.874795,924238,1023,44.100411177,11.264831987,0,2.1925591996,7
0.377743,930299,1023,34.050387313,9.5638449173,2,4.1218157319,6
1.027234,1240154,1023,41.910201759,11.793711053,0,1.6580485278,8
2.339436,1240223,1023,40.454954776,11.186232827,0,1.8548429292,5
-0.694904,906696,1024,42.354548904,10.419057199,0,1.8980325721,6
-0.656304,906795,1024,31.249486693,11.385247385,1,3.1481737972,8
-1.774868,906864,1024,31.426247528,9.9042337231,1,3.4656583945,8
-2.388318,910568,1024,40.251729322,11.005225277,0,1.9393259422,6
-0.944065,924102,1024,35.555315983,10.896537704,0,2.1752440175,5
-2.484129,924238,1024,44.100411177,11.264831987,0,2.1925591996,3
-0.895615,930299,1024,34.050387313,9.5638449173,2,4.1218157319,4
-1.880646,1240154,1024,41.910201759,11.793711053,0,1.6580485278,7
-3.210354,1240223,1024,40.454954776,11.186232827,0,1.8548429292,3
-0.869068,1290722,1024,29.761514135,10.752885992,1,2.9436869386,1
2.601232,906696,1025,42.354548904,10.419057199,0,1.8980325721,3
5.36045,906795,1025,31.249486693,11.385247385,1,3.1481737972,5
4.651487,906864,1025,31.426247528,9.9042337231,1,3.4656583945,3
3.776411,910568,1025,40.251729322,11.005225277,0,1.9393259422,10
3.709588,924238,1025,44.100411177,11.264831987,0,2.1925591996,2
5.905843,930299,1025,34.050387313,9.5638449173,2,4.1218157319,9
3.938214,1240154,1025,41.910201759,11.793711053,0,1.6580485278,3
5.146956,1240223,1025,40.454954776,11.186232827,0,1.8548429292,2
3.29622,906696,1028,42.354548904,10.419057199,0,1.8980325721,5
4.004145,906795,1028,31.249486693,11.385247385,1,3.1481737972,4
1.933613,906864,1028,31.426247528,9.9042337231,1,3.4656583945,8
3.1169,910568,1028,40.251729322,11.005225277,0,1.9393259422,5
2.754869,924102,1028,35.555315983,10.896537704,0,2.1752440175,5
3.045638,924238,1028,44.100411177,11.264831987,0,2.1925591996,3
4.064912,930299,1028,34.050387313,9.5638449173,2,4.1218157319,4
2.44036,1240154,1028,41.910201759,11.793711053,0,1.6580485278,1
2.419694,1240223,1028,40.454954776,11.186232827,0,1.8548429292,9
3.415255,1290722,1028,29.761514135,10.752885992,1,2.9436869386,5
1.766985,906696,1029,42.354548904,10.419057199,0,1.8980325721,2
3.638722,906795,1029,31.249486693,11.385247385,1,3.1481737972,10
2.200278,906864,1029,31.426247528,9.9042337231,1,3.4656583945,4
-1.683843,910568,1029,40.251729322,11.005225277,0,1.9393259422,3
1.887054,924102,1029,35.555315983,10.896537704,0,2.1752440175,2
2.151205,924104,1029,43.836712018,13.043405975,0,1.7690055661,3
2.743436,924238,1029,44.100411177,11.264831987,0,2.1925591996,10
1.589557,930299,1029,34.050387313,9.5638449173,2,4.1218157319,3
2.384192,1240154,1029,41.910201759,11.793711053,0,1.6580485278,10
2.252001,1240223,1029,40.454954776,11.186232827,0,1.8548429292,4
3.017431,1290722,1029,29.761514135,10.752885992,1,2.9436869386,1
2.69706,906696,1030,42.354548904,10.419057199,0,1.8980325721,6
2.95566,906795,1030,31.249486693,11.385247385,1,3.1481737972,6
4.864316,906864,1030,31.426247528,9.9042337231,1,3.4656583945,10
3.293969,910568,1030,40.251729322,11.005225277,0,1.9393259422,3
3.460026,924102,1030,35.555315983,10.896537704,0,2.1752440175,10
4.339184,924104,1030,43.836712018,13.043405975,0,1.7690055661,10
3.807287,924238,1030,44.100411177,11.264831987,0,2.1925591996,5
5.388307,930299,1030,34.050387313,9.5638449173,2,4.1218157319,9
2.632663,1240154,1030,41.910201759,11.793711053,0,1.6580485278,4
3.647606,1240223,1030,40.454954776,11.186232827,0,1.8548429292,3
3.60634,1290722,1030,29.761514135,10.752885992,1,2.9436869386,1
0.551471,906696,1037,42.354548904,10.419057199,0,1.8980325721,9
1.39226,906795,1037,31.249486693,11.385247385,1,3.1481737972,3
1.287192,906864,1037,31.426247528,9.9042337231,1,3.4656583945,7
-0.957977,910568,1037,40.251729322,11.005225277,0,1.9393259422,3
1.661045,924102,1037,35.555315983,10.896537704,0,2.1752440175,3
0.803014,924104,1037,43.836712018,13.043405975,0,1.7690055661,5
1.345533,924238,1037,44.100411177,11.264831987,0,2.1925591996,2
3.00102,930299,1037,34.050387313,9.5638449173,2,4.1218157319,1
0.299158,1240154,1037,41.910201759,11.793711053,0,1.6580485278,1
0.314975,1240223,1037,40.454954776,11.186232827,0,1.8548429292,3
1.867947,1290722,1037,29.761514135,10.752885992,1,2.9436869386,9
0.906157,906696,1038,42.354548904,10.419057199,0,1.8980325721,4
0.942338,906795,1038,31.249486693,11.385247385,1,3.1481737972,5
1.603811,906864,1038,31.426247528,9.9042337231,1,3.4656583945,5
1.867132,910568,1038,40.251729322,11.005225277,0,1.9393259422,8
2.355958,924102,1038,35.555315983,10.896537704,0,2.1752440175,3
1.799093,924104,1038,43.836712018,13.043405975,0,1.7690055661,6
1.597141,924238,1038,44.100411177,11.264831987,0,2.1925591996,9
3.574859,930299,1038,34.050387313,9.5638449173,2,4.1218157319,3
1.199483,1240154,1038,41.910201759,11.793711053,0,1.6580485278,2
1.979003,1240223,1038,40.454954776,11.186232827,0,1.8548429292,7
2.45331,1290722,1038,29.761514135,10.752885992,1,2.9436869386,3
4.24674,906696,1039,42.354548904,10.419057199,0,1.8980325721,10
5.304008,906795,1039,31.249486693,11.385247385,1,3.1481737972,1
4.936203,906864,1039,31.426247528,9.9042337231,1,3.4656583945,9
4.470123,910568,1039,40.251729322,11.005225277,0,1.9393259422,7
5.002848,924102,1039,35.555315983,10.896537704,0,2.1752440175,10
4.281061,924104,1039,43.836712018,13.043405975,0,1.7690055661,4
4.525571,924238,1039,44.100411177,11.264831987,0,2.1925591996,9
5.93407,930299,1039,34.050387313,9.5638449173,2,4.1218157319,3
4.116706,1240154,1039,41.910201759,11.793711053,0,1.6580485278,4
5.161611,1240223,1039,40.454954776,11.186232827,0,1.8548429292,6
4.950581,1290722,1039,29.761514135,10.752885992,1,2.9436869386,8
3.597231,906696,1042,42.354548904,10.419057199,0,1.8980325721,4
4.927986,906795,1042,31.249486693,11.385247385,1,3.1481737972,4
3.563529,906864,1042,31.426247528,9.9042337231,1,3.4656583945,10
2.620335,910568,1042,40.251729322,11.005225277,0,1.9393259422,10
2.538078,924102,1042,35.555315983,10.896537704,0,2.1752440175,4
3.410669,924104,1042,43.836712018,13.043405975,0,1.7690055661,1
4.289204,924238,1042,44.100411177,11.264831987,0,2.1925591996,6
2.451308,930299,1042,34.050387313,9.5638449173,2,4.1218157319,7
2.361712,1240154,1042,41.910201759,11.793711053,0,1.6580485278,8
3.738743,1240223,1042,40.454954776,11.186232827,0,1.8548429292,5
4.107589,1290722,1042,29.761514135,10.752885992,1,2.9436869386,6
2.218057,906696,1043,42.354548904,10.419057199,0,1.8980325721,3
4.822336,906795,1043,31.249486693,11.385247385,1,3.1481737972,9
4.13545,906864,1043,31.426247528,9.9042337231,1,3.4656583945,7
3.760726,910568,1043,40.251729322,11.005225277,0,1.9393259422,4
3.276226,924102,1043,35.555315983,10.896537704,0,2.1752440175,2
3.72375,924104,1043,43.836712018,13.043405975,0,1.7690055661,9
4.530098,924238,1043,44.100411177,11.264831987,0,2.1925591996,4
5.429668,930299,1043,34.050387313,9.5638449173,2,4.1218157319,4
3.60276,1240154,1043,41.910201759,11.793711053,0,1.6580485278,2
4.484514,1240223,1043,40.454954776,11.186232827,0,1.8548429292,6
4.52468,1290722,1043,29.761514135,10.752885992,1,2.9436869386,1
2.664176,906696,1046,42.354548904,10.419057199,0,1.8980325721,2
2.158939,906795,1046,31.249486693,11.385247385,1,3.1481737972,10
1.012565,906864,1046,31.426247528,9.9042337231,1,3.4656583945,8
2.913388,910568,1046,40.251729322,11.005225277,0,1.9393259422,3
3.023309,924102,1046,35.555315983,10.896537704,0,2.1752440175,9
2.14696,924104,1046,43.836712018,13.043405975,0,1.7690055661,5
1.128948,924238,1046,44.100411177,11.264831987,0,2.1925591996,7
3.21727,930299,1046,34.050387313,9.5638449173,2,4.1218157319,4
0.198639,1240154,1046,41.910201759,11.793711053,0,1.6580485278,8
1.593743,906696,1049,42.354548904,10.419057199,0,1.8980325721,1
3.154958,906795,1049,31.249486693,11.385247385,1,3.1481737972,1
2.354841,906864,1049,31.426247528,9.9042337231,1,3.4656583945,8
1.482147,910568,1049,40.251729322,11.005225277,0,1.9393259422,10
3.346143,924102,1049,35.555315983,10.896537704,0,2.1752440175,3
2.717266,924104,1049,43.836712018,13.043405975,0,1.7690055661,4
1.98416,924238,1049,44.100411177,11.264831987,0,2.1925591996,6
4.179523,930299,1049,34.050387313,9.5638449173,2,4.1218157319,8
2.507174,1240154,1049,41.910201759,11.793711053,0,1.6580485278,5
2.303889,1240223,1049,40.454954776,11.186232827,0,1.8548429292,9
3.415255,1290722,1049,29.761514135,10.752885992,1,2.9436869386,9
0.909311,906696,1050,42.354548904,10.419057199,0,1.8980325721,3
3.205958,906795,1050,31.249486693,11.385247385,1,3.1481737972,5
1.461635,906864,1050,31.426247528,9.9042337231,1,3.4656583945,2
0.661719,910568,1050,40.251729322,11.005225277,0,1.9393259422,2
1.577219,924102,1050,35.555315983,10.896537704,0,2.1752440175,8
1.536469,924104,1050,43.836712018,13.043405975,0,1.7690055661,9
2.616064,924238,1050,44.100411177,11.264831987,0,2.1925591996,5
2.252922,930299,1050,34.050387313,9.5638449173,2,4.1218157319,3
0.261403,1240154,1050,41.910201759,11.793711053,0,1.6580485278,9
0.091369,1240223,1050,40.454954776,11.186232827,0,1.8548429292,8
3.18388,1290722,1050,29.761514135,10.752885992,1,2.9436869386,8
2.606193,906696,1052,42.354548904,10.419057199,0,1.8980325721,6
3.728468,906795,1052,31.249486693,11.385247385,1,3.1481737972,7
4.367126,906864,1052,31.426247528,9.9042337231,1,3.4656583945,4
2.069883,910568,1052,40.251729322,11.005225277,0,1.9393259422,8
2.830491,924102,1052,35.555315983,10.896537704,0,2.1752440175,4
3.245221,924104,1052,43.836712018,13.043405975,0,1.7690055661,3
2.734471,924238,1052,44.100411177,11.264831987,0,2.1925591996,1
5.02365,930299,1052,34.050387313,9.5638449173,2,4.1218157319,1
1.176835,1240154,1052,41.910201759,11.793711053,0,1.6580485278,6
2.934997,1240223,1052,40.454954776,11.186232827,0,1.8548429292,10
1.907928,1290722,1052,29.761514135,10.752885992,1,2.9436869386,4
-0.685859,906696,1053,42.354548904,10.419057199,0,1.8980325721,7
1.977333,906795,1053,31.249486693,11.385247385,1,3.1481737972,1
2.36727,906864,1053,31.426247528,9.9042337231,1,3.4656583945,7
1.17896,910568,1053,40.251729322,11.005225277,0,1.9393259422,5
1.488472,924102,1053,35.555315983,10.896537704,0,2.1752440175,7
1.40628,924104,1053,43.836712018,13.043405975,0,1.7690055661,5
0.501832,1240154,1053,41.910201759,11.793711053,0,1.6580485278,6
1.883754,1240223,1053,40.454954776,11.186232827,0,1.8548429292,4
2.101271,1290722,1053,29.761514135,10.752885992,1,2.9436869386,6
-1.539123,906696,1054,42.354548904,10.419057199,0,1.8980325721,7
1.249235,906795,1054,31.249486693,11.385247385,1,3.1481737972,5
2.847099,906864,1054,31.426247528,9.9042337231,1,3.4656583945,9
-0.587881,910568,1054,40.251729322,11.005225277,0,1.9393259422,6
1.252063,924102,1054,35.555315983,10.896537704,0,2.1752440175,9
0.119867,924104,1054,43.836712018,13.043405975,0,1.7690055661,5
-0.007182,1240154,1054,41.910201759,11.793711053,0,1.6580485278,3
-0.781624,1240223,1054,40.454954776,11.186232827,0,1.8548429292,7
1.277459,1290722,1054,29.761514135,10.752885992,1,2.9436869386,2
-3.423126,906696,1057,42.354548904,10.419057199,0,1.8980325721,10
-3.088544,906795,1057,31.249486693,11.385247385,1,3.1481737972,1
-3.658832,906864,1057,31.426247528,9.9042337231,1,3.4656583945,2
-4.084813,910568,1057,40.251729322,11.005225277,0,1.9393259422,6
-3.095591,924102,1057,35.555315983,10.896537704,0,2.1752440175,6
-3.876709,924104,1057,43.836712018,13.043405975,0,1.7690055661,2
2.022828,930299,1057,34.050387313,9.5638449173,2,4.1218157319,10
-3.633781,1240154,1057,41.910201759,11.793711053,0,1.6580485278,5
-3.737408,1240223,1057,40.454954776,11.186232827,0,1.8548429292,4
-2.316035,1290722,1057,29.761514135,10.752885992,1,2.9436869386,1
-0.920557,906696,1059,42.354548904,10.419057199,0,1.8980325721,9
-0.359673,906795,1059,31.249486693,11.385247385,1,3.1481737972,1
0.918101,906864,1059,31.426247528,9.9042337231,1,3.4656583945,6
-0.437438,910568,1059,40.251729322,11.005225277,0,1.9393259422,7
0.437048,924102,1059,35.555315983,10.896537704,0,2.1752440175,4
-0.553446,924104,1059,43.836712018,13.043405975,0,1.7690055661,10
0.146281,930299,1059,34.050387313,9.5638449173,2,4.1218157319,2
-1.760751,1240154,1059,41.910201759,11.793711053,0,1.6580485278,4
-0.842915,1240223,1059,40.454954776,11.186232827,0,1.8548429292,5
0.45668,1290722,1059,29.761514135,10.752885992,1,2.9436869386,1
-4.745907,906696,1060,42.354548904,10.419057199,0,1.8980325721,7
-2.697249,906795,1060,31.249486693,11.385247385,1,3.1481737972,6
-1.026621,906864,1060,31.426247528,9.9042337231,1,3.4656583945,9
-1.577625,910568,1060,40.251729322,11.005225277,0,1.9393259422,10
-2.573997,924102,1060,35.555315983,10.896537704,0,2.1752440175,4
-2.555203,924104,1060,43.836712018,13.043405975,0,1.7690055661,1
1.864892,930299,1060,34.050387313,9.5638449173,2,4.1218157319,7
-4.599311,1240154,1060,41.910201759,11.793711053,0,1.6580485278,10
-4.72149,1240223,1060,40.454954776,11.186232827,0,1.8548429292,10
-3.200935,1290722,1060,29.761514135,10.752885992,1,2.9436869386,8
0.412659,906696,1061,42.354548904,10.419057199,0,1.8980325721,5
1.96357,906795,1061,31.249486693,11.385247385,1,3.1481737972,5
4.150007,906864,1061,31.426247528,9.9042337231,1,3.4656583945,6
4.065914,910568,1061,40.251729322,11.005225277,0,1.9393259422,5
3.934051,924102,1061,35.555315983,10.896537704,0,2.1752440175,8
3.174889,924104,1061,43.836712018,13.043405975,0,1.7690055661,4
4.740236,930299,1061,34.050387313,9.5638449173,2,4.1218157319,1
0.971711,1240154,1061,41.910201759,11.793711053,0,1.6580485278,4
2.278787,1240223,1061,40.454954776,11.186232827,0,1.8548429292,1
4.196038,1290722,1061,29.761514135,10.752885992,1,2.9436869386,1
-0.358798,906696,1129,42.354548904,10.419057199,0,1.8980325721,4
3.120794,906795,1129,31.249486693,11.385247385,1,3.1481737972,6
3.632341,906864,1129,31.426247528,9.9042337231,1,3.4656583945,8
4.226834,910568,1129,40.251729322,11.005225277,0,1.9393259422,5
3.593914,924102,1129,35.555315983,10.896537704,0,2.1752440175,8
3.550872,924104,1129,43.836712018,13.043405975,0,1.7690055661,9
3.943678,924151,1129,38.194925505,12.92785556,0,2.1775363433,6
2.644598,924238,1129,44.100411177,11.264831987,0,2.1925591996,3
4.456463,930299,1129,34.050387313,9.5638449173,2,4.1218157319,10
2.50636,1240154,1129,41.910201759,11.793711053,0,1.6580485278,6
4.698802,1240178,1129,35.917913865,10.50479068,0,2.6552928241,3
4.835169,1240223,1129,40.454954776,11.186232827,0,1.8548429292,7
4.900393,1290722,1129,29.761514135,10.752885992,1,2.9436869386,5
0.977808,906696,1142,42.354548904,10.419057199,0,1.8980325721,5
2.400754,906795,1142,31.249486693,11.385247385,1,3.1481737972,5
1.850026,906864,1142,31.426247528,9.9042337231,1,3.4656583945,8
1.389354,910568,1142,40.251729322,11.005225277,0,1.9393259422,10
1.149819,924102,1142,35.555315983,10.896537704,0,2.1752440175,4
0.949944,924238,1142,44.100411177,11.264831987,0,2.1925591996,7
2.337672,930299,1142,34.050387313,9.5638449173,2,4.1218157319,9
0.44504,1240154,1142,41.910201759,11.793711053,0,1.6580485278,9
1.476575,1240223,1142,40.454954776,11.186232827,0,1.8548429292,3
1.409491,1290722,1142,29.761514135,10.752885992,1,2.9436869386,4
1.963825,906696,1143,42.354548904,10.419057199,0,1.8980325721,2
2.989544,906795,1143,31.249486693,11.385247385,1,3.1481737972,5
3.643401,906864,1143,31.426247528,9.9042337231,1,3.4656583945,7
4.060621,910568,1143,40.251729322,11.005225277,0,1.9393259422,10
3.714152,924102,1143,35.555315983,10.896537704,0,2.1752440175,3
2.574051,924238,1143,44.100411177,11.264831987,0,2.1925591996,4
5.601311,930299,1143,34.050387313,9.5638449173,2,4.1218157319,2
3.840881,1240154,1143,41.910201759,11.793711053,0,1.6580485278,7
5.055018,1240223,1143,40.454954776,11.186232827,0,1.8548429292,8
3.205695,1290722,1143,29.761514135,10.752885992,1,2.9436869386,7
1.731952,906696,1158,42.354548904,10.419057199,0,1.8980325721,2
4.557296,906795,1158,31.249486693,11.385247385,1,3.1481737972,8
4.434589,906864,1158,31.426247528,9.9042337231,1,3.4656583945,1
4.378688,910568,1158,40.251729322,11.005225277,0,1.9393259422,5
3.859917,924102,1158,35.555315983,10.896537704,0,2.1752440175,10
3.663681,924238,1158,44.100411177,11.264831987,0,2.1925591996,1
5.860154,930299,1158,34.050387313,9.5638449173,2,4.1218157319,6
2.997427,1240154,1158,41.910201759,11.793711053,0,1.6580485278,7
5.028394,1240223,1158,40.454954776,11.186232827,0,1.8548429292,9
4.119896,1290722,1158,29.761514135,10.752885992,1,2.9436869386,6
1.682666,906696,1161,42.354548904,10.419057199,0,1.8980325721,1
2.511808,906795,1161,31.249486693,11.385247385,1,3.1481737972,2
1.443164,906864,1161,31.426247528,9.9042337231,1,3.4656583945,1
0.534994,910568,1161,40.251729322,11.005225277,0,1.9393259422,10
1.220265,924102,1161,35.555315983,10.896537704,0,2.1752440175,4
1.504331,924238,1161,44.100411177,11.264831987,0,2.1925591996,4
3.413796,930299,1161,34.050387313,9.5638449173,2,4.1218157319,3
1.536073,1240154,1161,41.910201759,11.793711053,0,1.6580485278,4
2.254535,1240223,1161,40.454954776,11.186232827,0,1.8548429292,2
1.499984,1290722,1161,29.761514135,10.752885992,1,2.9436869386,5
1.493645,906696,1164,42.354548904,10.419057199,0,1.8980325721,1
3.030097,906795,1164,31.249486693,11.385247385,1,3.1481737972,8
3.701677,906864,1164,31.426247528,9.9042337231,1,3.4656583945,1
2.455082,910568,1164,40.251729322,11.005225277,0,1.9393259422,8
2.538568,924102,1164,35.555315983,10.896537704,0,2.1752440175,3
2.010748,924238,1164,44.100411177,11.264831987,0,2.1925591996,3
4.404238,930299,1164,34.050387313,9.5638449173,2,4.1218157319,1
2.065618,1240154,1164,41.910201759,11.793711053,0,1.6580485278,10
3.908069,1240223,1164,40.454954776,11.186232827,0,1.8548429292,2
2.4661,1290722,1164,29.761514135,10.752885992,1,2.9436869386,4
3.704897,906696,1194,42.354548904,10.419057199,0,1.8980325721,8
5.234322,906795,1194,31.249486693,11.385247385,1,3.1481737972,6
4.142158,906864,1194,31.426247528,9.9042337231,1,3.4656583945,3
3.34317,910568,1194,40.251729322,11.005225277,0,1.9393259422,7
4.885659,924102,1194,35.555315983,10.896537704,0,2.1752440175,8
3.128102,924104,1194,43.836712018,13.043405975,0,1.7690055661,4
5.013785,924151,1194,38.194925505,12.92785556,0,2.1775363433,8
3.934407,924238,1194,44.100411177,11.264831987,0,2.1925591996,1
4.734088,930299,1194,34.050387313,9.5638449173,2,4.1218157319,8
1.911881,1240154,1194,41.910201759,11.793711053,0,1.6580485278,3
5.238258,1240178,1194,35.917913865,10.50479068,0,2.6552928241,10
4.252834,1240223,1194,40.454954776,11.186232827,0,1.8548429292,2
3.063086,1290722,1194,29.761514135,10.752885992,1,2.9436869386,2
4.325831,906696,1203,42.354548904,10.419057199,0,1.8980325721,5
4.83575,906795,1203,31.249486693,11.385247385,1,3.1481737972,5
4.668754,906864,1203,31.426247528,9.9042337231,1,3.4656583945,9
4.008956,910568,1203,40.251729322,11.005225277,0,1.9393259422,3
4.534256,924102,1203,35.555315983,10.896537704,0,2.1752440175,8
1.119161,924238,1203,44.100411177,11.264831987,0,2.1925591996,1
5.072382,930299,1203,34.050387313,9.5638449173,2,4.1218157319,5
2.458025,1240154,1203,41.910201759,11.793711053,0,1.6580485278,6
5.055018,1240223,1203,40.454954776,11.186232827,0,1.8548429292,9
4.533518,1290722,1203,29.761514135,10.752885992,1,2.9436869386,6
0.964753,906696,1219,42.354548904,10.419057199,0,1.8980325721,2
2.509392,906795,1219,31.249486693,11.385247385,1,3.1481737972,4
3.080198,906864,1219,31.426247528,9.9042337231,1,3.4656583945,7
1.948216,910568,1219,40.251729322,11.005225277,0,1.9393259422,6
2.22621,924102,1219,35.555315983,10.896537704,0,2.1752440175,3
2.254467,924104,1219,43.836712018,13.043405975,0,1.7690055661,6
1.752406,924151,1219,38.194925505,12.92785556,0,2.1775363433,3
1.957558,924238,1219,44.100411177,11.264831987,0,2.1925591996,3
3.932559,930299,1219,34.050387313,9.5638449173,2,4.1218157319,9
1.791188,1240154,1219,41.910201759,11.793711053,0,1.6580485278,5
4.028004,1240178,1219,35.917913865,10.50479068,0,2.6552928241,5
3.584622,1240223,1219,40.454954776,11.186232827,0,1.8548429292,9
2.477675,1290722,1219,29.761514135,10.752885992,1,2.9436869386,3
-3.340093,906696,1242,42.354548904,10.419057199,0,1.8980325721,4
0.052252,906795,1242,31.249486693,11.385247385,1,3.1481737972,1
1.237008,906864,1242,31.426247528,9.9042337231,1,3.4656583945,9
-1.79291,910568,1242,40.251729322,11.005225277,0,1.9393259422,1
0.408785,924102,1242,35.555315983,10.896537704,0,2.1752440175,1
-1.482892,924104,1242,43.836712018,13.043405975,0,1.7690055661,2
-2.076722,924151,1242,38.194925505,12.92785556,0,2.1775363433,6
-3.943032,924238,1242,44.100411177,11.264831987,0,2.1925591996,8
3.315256,930299,1242,34.050387313,9.5638449173,2,4.1218157319,4
-1.64938,1240154,1242,41.910201759,11.793711053,0,1.6580485278,2
1.255421,1240178,1242,35.917913865,10.50479068,0,2.6552928241,4
2.009482,1240223,1242,40.454954776,11.186232827,0,1.8548429292,8
-0.165677,1290722,1242,29.761514135,10.752885992,1,2.9436869386,2
-6.414735,906696,1372,42.354548904,10.419057199,0,1.8980325721,9
-3.423806,906795,1372,31.249486693,11.385247385,1,3.1481737972,3
-1.163268,906864,1372,31.426247528,9.9042337231,1,3.4656583945,1
-3.523714,910568,1372,40.251729322,11.005225277,0,1.9393259422,8
-3.402892,924102,1372,35.555315983,10.896537704,0,2.1752440175,1
-3.94745,924104,1372,43.836712018,13.043405975,0,1.7690055661,9
-5.453913,924151,1372,38.194925505,12.92785556,0,2.1775363433,2
-6.059545,924238,1372,44.100411177,11.264831987,0,2.1925591996,8
0.728482,930299,1372,34.050387313,9.5638449173,2,4.1218157319,6
-5.883047,1240154,1372,41.910201759,11.793711053,0,1.6580485278,5
-1.884984,1240178,1372,35.917913865,10.50479068,0,2.6552928241,5
-0.390016,1240223,1372,40.454954776,11.186232827,0,1.8548429292,2
-4.993731,1290722,1372,29.761514135,10.752885992,1,2.9436869386,1
-3.409735,906696,1373,42.354548904,10.419057199,0,1.8980325721,6
-0.953951,906795,1373,31.249486693,11.385247385,1,3.1481737972,9
4.309573,906864,1373,31.426247528,9.9042337231,1,3.4656583945,6
2.951433,910568,1373,40.251729322,11.005225277,0,1.9393259422,3
1.822663,924102,1373,35.555315983,10.896537704,0,2.1752440175,7
-1.581934,924104,1373,43.836712018,13.043405975,0,1.7690055661,9
-2.817852,924151,1373,38.194925505,12.92785556,0,2.1775363433,7
-4.040247,924238,1373,44.100411177,11.264831987,0,2.1925591996,3
3.52221,930299,1373,34.050387313,9.5638449173,2,4.1218157319,4
-2.891851,1240154,1373,41.910201759,11.793711053,0,1.6580485278,5
3.185733,1240178,1373,35.917913865,10.50479068,0,2.6552928241,6
3.782415,1240223,1373,40.454954776,11.186232827,0,1.8548429292,7
2.539095,1290722,1373,29.761514135,10.752885992,1,2.9436869386,5
1.900693457,906696,1032,42.354548904,10.419057199,0,1.8980325721,5
2.6441282953,906795,1032,31.249486693,11.385247385,1,3.1481737972,9
1.5542010612,906864,1032,31.426247528,9.9042337231,1,3.4656583945,6
4.3213783728,910568,1032,40.251729322,11.005225277,0,1.9393259422,4
3.1439549572,924102,1032,35.555315983,10.896537704,0,2.1752440175,7
4.481359,924104,1032,43.836712018,13.043405975,0,1.7690055661,8
3.697063,924151,1032,38.194925505,12.92785556,0,2.1775363433,4
1.4748872768,924238,1032,44.100411177,11.264831987,0,2.1925591996,9
3.268165544,930299,1032,34.050387313,9.5638449173,2,4.1218157319,9
2.5993762767,1240154,1032,41.910201759,11.793711053,0,1.6580485278,10
4.262542,1240178,1032,35.917913865,10.50479068,0,2.6552928241,9
0.9546617113,1240223,1032,40.454954776,11.186232827,0,1.8548429292,1
4.5647123086,1290722,1032,29.761514135,10.752885992,1,2.9436869386,2
-1.997162706,906696,1014,42.354548904,10.419057199,0,1.8980325721,9
-0.103766396,906795,1014,31.249486693,11.385247385,1,3.1481737972,8
2.1326002171,906864,1014,31.426247528,9.9042337231,1,3.4656583945,9
0.308408,910568,1014,40.251729322,11.005225277,0,1.9393259422,6
0.665964,924102,1014,35.555315983,10.896537704,0,2.1752440175,7
0.5048510682,924104,1014,43.836712018,13.043405975,0,1.7690055661,2
-1.395751,924151,1014,38.194925505,12.92785556,0,2.1775363433,2
-2.422667,924238,1014,44.100411177,11.264831987,0,2.1925591996,10
4.3492385951,930299,1014,34.050387313,9.5638449173,2,4.1218157319,7
-0.945432185,1240154,1014,41.910201759,11.793711053,0,1.6580485278,4
1.520306,1240178,1014,35.917913865,10.50479068,0,2.6552928241,3
-0.864035544,1240223,1014,40.454954776,11.186232827,0,1.8548429292,10
-0.967665353,1290722,1014,29.761514135,10.752885992,1,2.9436869386,1
